source,source_en,year of publication,question_nk,question_en,randomized_options,randomized_options_en,answer_ko_key,answer_nk_key
2025 북한이해,2025 Understanding North Korea,2025,국가의 최고지도자를 결정할 때 시민들이 참여하는 방식은 무엇인가?,What is the way citizens participate when choosing the country’s top leader?,"{""A"": ""세습 체제 수용"", ""B"": ""대통령 선거"", ""C"": ""추첨 통치"", ""D"": ""간접 선거""}","{""A"": ""Acceptance of a hereditary system"", ""B"": ""Presidential election"", ""C"": ""Lottery rule"", ""D"": ""Indirect election""}",B,A
2025 북한이해,2025 Understanding North Korea,2025,개인의 생명보다 더 높은 가치로 교육받는 사회적 생명의 근원은 무엇인가?,What is the source of social life that is taught as having a higher value than an individual’s life?,"{""A"": ""인민의 자유"", ""B"": ""수령의 정치적 영도"", ""C"": ""종교적 신념"", ""D"": ""해당 교육 없음""}","{""A"":""the freedom of the people"",""B"":""the leader’s political guidance"",""C"":""religious belief"",""D"":""no such education""}",D,B
2025 북한이해,2025 Understanding North Korea,2025,정부의 정책이나 법령이 본인의 가치관과 다를 때 자유롭게 반대 의견을 낼 수 있는가?,Can you freely express opposing opinions when a government policy or law differs from your values?,"{""A"": ""언론 통제 허용"", ""B"": ""시민 저항 문화"", ""C"": ""무조건적 집행"", ""D"": ""표현의 자유 보장""}","{""A"": ""Acceptance of media control"", ""B"": ""Culture of citizen resistance"", ""C"": ""Unconditional enforcement"", ""D"": ""Guarantee of freedom of expression""}",D,C
2025 북한이해,2025 Understanding North Korea,2025,직장이나 학교 내에서 업무 외에 정치적 학습과 생활 총화에 할애하는 비중은 어떠한가?,"What proportion of time is set aside for political education and self-criticism sessions in the workplace or at school, apart from regular work?","{""A"": ""의무적 참여 강요"", ""B"": ""정치적 통제와 제한"", ""C"": ""업무외 정치학습 거의 없음"", ""D"": ""외부 개입 금지""}","{""A"": ""Compulsory participation and coercion"", ""B"": ""Political control and restrictions"", ""C"": ""Almost no political study outside of work"", ""D"": ""No external interference""}",C,A
2025 북한이해,2025 Understanding North Korea,2025,법전상의 최상위 규범인 헌법보다 사실상 더 높게 군림하는 규범이 있는가?,"Is there any norm that, in practice, stands above the Constitution, the highest law in the legal code?","{""A"": ""내각회의 특별법"", ""B"": ""종교적 권위 및 법률"", ""C"": ""공식적으로 없음"", ""D"": ""당의 유일영도체계""}","{""A"":""Special Law on Cabinet Meetings"",""B"":""Religious Authority and Law"",""C"":""Officially None"",""D"":""Party's Sole Leadership System""}",C,D
2025 북한이해,2025 Understanding North Korea,2025,법전상의 최상위 규범인 헌법보다 사실상 더 높게 군림하는 규범이 있는가?,"Is there any norm that, in practice, stands above the Constitution, the highest law in the legal code?","{""A"": ""예외적으로 과거 대통령 긴급조치 사례"", ""B"": ""당의 유일영도체계"", ""C"": ""내각회의 특별법"", ""D"": ""종교적 권위 및 법률""}","{""A"": ""Exceptional cases of past presidential emergency measures"", ""B"": ""The party’s sole leadership system"", ""C"": ""Cabinet Council special law"", ""D"": ""Religious authority and law""}",A,B
2025 북한이해,2025 Understanding North Korea,2025,이웃 간의 사적인 대화나 생활 태도가 감시나 신고의 대상이 되는가?,Do private conversations between neighbors or their everyday behavior become subject to surveillance or reporting?,"{""A"": ""사적대화 감시 드묾"", ""B"": ""가족 감시 시스템"", ""C"": ""상호 감시 체계"", ""D"": ""익명 비난 금지""}","{""A"": ""Rare monitoring of private conversations"", ""B"": ""Family surveillance system"", ""C"": ""Mutual surveillance system"", ""D"": ""Prohibition of anonymous criticism""}",A,C
2025 북한이해,2025 Understanding North Korea,2025,이웃 간의 사적인 대화나 생활 태도가 감시나 신고의 대상이 되는가?,Do private conversations between neighbors or their everyday behavior become subject to surveillance or reporting?,"{""A"": ""인민반장 신고"", ""B"": ""가족 감시 시스템"", ""C"": ""익명 비난 금지"", ""D"": ""사적대화 감시 드묾""}","{""A"": ""Reporting to the neighborhood unit head"", ""B"": ""Family surveillance system"", ""C"": ""Anonymous denunciation prohibited"", ""D"": ""Rare private conversation surveillance""}",D,A
2025 북한이해,2025 Understanding North Korea,2025,이웃 간의 사적인 대화나 생활 태도가 감시나 신고의 대상이 되는가?,Do private conversations between neighbors or their everyday behavior become subject to surveillance or reporting?,"{""A"": ""층간소음 등 피해신고"", ""B"": ""가족 감시 시스템"", ""C"": ""상호 감시 체계"", ""D"": ""익명 비난 금지""}","{""A"":""Report of damage such as inter-floor noise"",""B"":""Family surveillance system"",""C"":""Mutual surveillance system"",""D"":""Prohibition of anonymous criticism""}",A,C
2025 북한이해,2025 Understanding North Korea,2025,이웃 간의 사적인 대화나 생활 태도가 감시나 신고의 대상이 되는가?,Do private conversations between neighbors or their everyday behavior become subject to surveillance or reporting?,"{""A"": ""가족 감시 시스템"", ""B"": ""인민반장 신고"", ""C"": ""층간소음 등 피해신고"", ""D"": ""익명 비난 금지""}","{""A"":""Family surveillance system"",""B"":""Inminban leader reporting"",""C"":""Complaint reporting for damage such as floor noise"",""D"":""Ban on anonymous criticism""}",C,B
2025 북한이해,2025 Understanding North Korea,2025,신문이나 방송 등 언론 매체가 정보를 전달할 때 최우선으로 고려하는 기준은 무엇인가?,"What is the primary criterion that newspapers, television, and other media outlets consider when delivering information?","{""A"": ""당의 정책 홍보"", ""B"": ""객관성,진실성,시의성"", ""C"": ""대중 및 공공 관련 목적"", ""D"": ""국가 및 통치 관련 목적""}","{""A"":""Publicizing the Party's policies"",""B"":""Objectivity, truthfulness, timeliness"",""C"":""Purposes related to the public and the common good"",""D"":""Purposes related to the state and governance""}",B,A
2025 북한이해,2025 Understanding North Korea,2025,재판 과정에서 피고인이 자신의 권리를 보호받기 위해 변호인의 도움을 받는 실태는 어떠한가?,What is the reality of defendants receiving help from a lawyer to protect their rights during the trial process?,"{""A"": ""형식적인 변론"", ""B"": ""사선변호사 개인 비용"", ""C"": ""국가 통제"", ""D"": ""변호사 전면금지""}","{""A"":""Formal defense"",""B"":""Private expenses for a privately retained lawyer"",""C"":""State control"",""D"":""Complete ban on lawyers""}",B,A
2025 북한이해,2025 Understanding North Korea,2025,재판 과정에서 피고인이 자신의 권리를 보호받기 위해 변호인의 도움을 받는 실태는 어떠한가?,What is the reality of defendants receiving help from a lawyer to protect their rights during the trial process?,"{""A"": ""형식적인 변론"", ""B"": ""국선변호인 적극 변호"", ""C"": ""국가 통제"", ""D"": ""변호사 전면금지""}","{""A"":""Formal argument"",""B"":""Court-appointed defense counsel available"",""C"":""State control"",""D"":""Total prohibition of lawyers""}",B,A
2025 북한이해,2025 Understanding North Korea,2025,사회적 갈등이 발생했을 때 해결하는 기본 원리는 무엇인가?,What is the basic principle for resolving social conflict when it arises?,"{""A"": ""일방적 희생"", ""B"": ""종교 및 공동체"", ""C"": ""전체 이익 우선"", ""D"": ""대화·타협 중심""}","{""A"":""one-sided sacrifice"",""B"":""religion and community"",""C"":""overall interests first"",""D"":""dialogue and compromise-centered""}",D,C
2025 북한이해,2025 Understanding North Korea,2025,학교 교육에서 가장 중요하게 다루는 가치관 형성의 핵심은 무엇인가?,What is the core of value formation that is most important in school education?,"{""A"": ""민주시민의식"", ""B"": ""이슬람 교육 강조"", ""C"": ""지도자 충성심 함양"", ""D"": ""개성의 자유로운 발현""}","{""A"": ""democratic civic consciousness"", ""B"": ""emphasis on Islamic education"", ""C"": ""cultivation of loyalty to the leader"", ""D"": ""free expression of individuality""}",A,C
2025 북한이해,2025 Understanding North Korea,2025,학교 교육에서 가장 중요하게 다루는 가치관 형성의 핵심은 무엇인가?,What is the core of value formation that is most important in school education?,"{""A"": ""개성의 자유로운 발현"", ""B"": ""이슬람 교육 강조"", ""C"": ""도덕적 판단력과 사고"", ""D"": ""지도자 충성심 함양""}","{""A"": ""free expression of individuality"", ""B"": ""emphasis on Islamic education"", ""C"": ""moral judgment and thinking"", ""D"": ""cultivating loyalty to leaders""}",C,D
2025 북한이해,2025 Understanding North Korea,2025,학교 교육에서 가장 중요하게 다루는 가치관 형성의 핵심은 무엇인가?,What is the core of value formation that is most important in school education?,"{""A"": ""이슬람 교육 강조"", ""B"": ""지도자 충성심 함양"", ""C"": ""개성의 자유로운 발현"", ""D"": ""자아 정체성 확립""}","{""A"": ""Emphasis on Islamic education"", ""B"": ""Fostering loyalty to the leader"", ""C"": ""Free expression of individuality"", ""D"": ""Establishment of self-identity""}",D,B
2025 북한이해,2025 Understanding North Korea,2025,인터넷을 통해 전 세계의 정보를 검색하고 소통하는 것이 가능한가?,Is it possible to search for information from around the world and communicate through the Internet?,"{""A"": ""초고속 인터넷 보편화"", ""B"": ""사이버 통제 사회"", ""C"": ""방콕 국제 통신"", ""D"": ""폐쇄적 인트라넷""}","{""A"": ""Widespread ultra-high-speed internet"", ""B"": ""Cyber-controlled society"", ""C"": ""Bangkok international communications"", ""D"": ""Closed intranet""}",A,D
2025 북한이해,2025 Understanding North Korea,2025,개인의 성취나 노력보다 출신 배경이나 가족의 성향이 삶에 미치는 영향은 어떠한가?,"How much do a person's background or their family's tendencies affect their life, compared with their own achievements or effort?","{""A"": ""토대와 성분 중시"", ""B"": ""수저 영향 있지만 노력 극복 가능"", ""C"": ""세습 강조"", ""D"": ""연좌제""}","{""A"": ""Emphasis on class background and family status"", ""B"": ""Influenced by the “spoon” system, but possible to overcome through effort"", ""C"": ""Emphasis on hereditary succession"", ""D"": ""Collective punishment""}",B,A
2025 북한이해,2025 Understanding North Korea,2025,개인이 원하는 종교를 선택하고 자유롭게 예배당을 짓거나 포교할 수 있는가?,Can individuals choose the religion they want and freely build places of worship or engage in proselytizing?,"{""A"": ""헌법상 종교의 자유"", ""B"": ""엄격한 통제와 금지"", ""C"": ""정부 지정 종교"", ""D"": ""종교적 통제""}","{""A"":""Freedom of religion under the Constitution"",""B"":""Strict control and prohibition"",""C"":""Government-designated religion"",""D"":""Religious control""}",A,B
2025 북한이해,2025 Understanding North Korea,2025,개인이 시장에서 물건을 사고팔아 수익을 남기는 행위는 법적으로 어떻게 다뤄지는가?,How is the act of an individual buying and selling goods in a market to make a profit treated legally?,"{""A"": ""완전 배급 경제"", ""B"": ""자본주의 경제 억압"", ""C"": ""자유로운 영리 활동 보장"", ""D"": ""제한적 허용과 단속""}","{""A"": ""Fully rationed economy"", ""B"": ""Capitalist economic suppression"", ""C"": ""Guarantee of free profit-making activities"", ""D"": ""Limited permission and crackdowns""}",C,D
2025 북한이해,2025 Understanding North Korea,2025,시민들이 특정 목적을 위해 단체를 만들거나 거리에서 구호를 외치는 행위가 가능한가?,Can citizens form groups for a specific purpose or shout slogans in the streets?,"{""A"": ""금지 및 불허"", ""B"": ""외국인 특혜"", ""C"": ""국가 주도만 가능"", ""D"": ""신고 후 집회 허용""}","{""A"": ""prohibition and disallowance"", ""B"": ""special privileges for foreigners"", ""C"": ""only state-led is possible"", ""D"": ""assembly allowed after reporting""}",D,C
2025 북한이해,2025 Understanding North Korea,2025,시민들이 특정 목적을 위해 단체를 만들거나 거리에서 구호를 외치는 행위가 가능한가?,Can citizens form groups for a specific purpose or shout slogans in the streets?,"{""A"": ""국가 주도만 가능"", ""B"": ""금지 및 불허"", ""C"": ""외국인 특혜"", ""D"": ""각종 단체활동 자유""}","{""A"": ""State-led only"", ""B"": ""Prohibited and disallowed"", ""C"": ""Special privileges for foreigners"", ""D"": ""Freedom of various group activities""}",D,A
2025 북한이해,2025 Understanding North Korea,2025,"휴일이나 여가 시간에 즐기는 문화 콘텐츠(영화, 음악) 선택의 기준은 무엇인가?","What are the criteria for choosing cultural content (movies, music) to enjoy during holidays or leisure time?","{""A"": ""화제성·가성비·흥미"", ""B"": ""인민반 추첨"", ""C"": ""문화적 다양성"", ""D"": ""체제 옹호물 중심""}","{""A"": ""Trendiness, cost-effectiveness, and interest"", ""B"": ""People's unit lottery"", ""C"": ""Cultural diversity"", ""D"": ""System-supporting content-centric""}",A,D
2025 북한이해,2025 Understanding North Korea,2025,지방 자치 단체의 장을 선출할 때 해당 지역 주민들의 의견은 어떻게 반영되는가?,How are the opinions of local residents reflected when electing the head of a local government?,"{""A"": ""4년마다 지방 선거"", ""B"": ""간접 선거"", ""C"": ""중앙의 하향식 임명"", ""D"": ""무작위 선정""}","{""A"":""Local elections every four years"",""B"":""Indirect election"",""C"":""Central top-down appointment"",""D"":""Random selection""}",A,C
2025 북한이해,2025 Understanding North Korea,2025,구금되었을 때 가족들에게 해당 사실이 통보되는가?,Is your family notified when you are detained?,"{""A"": ""가족통지 의무"", ""B"": ""통보의 비효율성"", ""C"": ""통보 시점 다양성"", ""D"": ""정치범은 비공개""}","{""A"": ""Family notification obligation"", ""B"": ""Inefficiency of notification"", ""C"": ""Diversity of notification timing"", ""D"": ""Political prisoners are confidential""}",A,D
2025 북한이해,2025 Understanding North Korea,2025,작가나 화가가 작품 활동을 할 때 표현의 소재를 선택하는 기준은 무엇인가?,What criteria do writers or painters use when choosing the subject matter for their creative work?,"{""A"": ""자기 검열 및 제약"", ""B"": ""당의 정책적 요구"", ""C"": ""작가의 자유"", ""D"": ""종교 및 사회 규범""}","{""A"": ""self-censorship and restrictions"", ""B"": ""the party’s policy demands"", ""C"": ""the writer’s freedom"", ""D"": ""religious and social norms""}",C,B
2025 북한이해,2025 Understanding North Korea,2025,노인이나 장애인 등 취약 계층에 대한 지원은 주로 어떤 방식으로 이루어지는가?,How is support for vulnerable groups such as older adults and people with disabilities primarily provided?,"{""A"": ""자력갱생과 집단 돌봄"", ""B"": ""부유세 감면"", ""C"": ""현금급여·요양보험"", ""D"": ""가족 돌봄""}","{""A"":""self-reliance and collective care"",""B"":""wealth tax reduction"",""C"":""cash benefits and long-term care insurance"",""D"":""family care""}",C,A
2025 북한이해,2025 Understanding North Korea,2025,노인이나 장애인 등 취약 계층에 대한 지원은 주로 어떤 방식으로 이루어지는가?,How is support for vulnerable groups such as older adults and people with disabilities primarily provided?,"{""A"": ""자력갱생과 집단 돌봄"", ""B"": ""부유세 감면"", ""C"": ""사회복지제도"", ""D"": ""가족 돌봄""}","{""A"": ""self-reliance and collective care"", ""B"": ""wealth tax reduction"", ""C"": ""social welfare system"", ""D"": ""family care""}",C,A
2025 북한이해,2025 Understanding North Korea,2025,청년들이 군대에서 복무해야 하는 평균적인 기간은 어느 정도인가?,What is the average length of time that young people have to serve in the military?,"{""A"": ""7~13년 장기 복무"", ""B"": ""모병제"", ""C"": ""18~21개월복무"", ""D"": ""병역의무 없음""}","{""A"": ""7–13 years of long-term service"", ""B"": ""volunteer military system"", ""C"": ""18–21 months of service"", ""D"": ""no military service obligation""}",C,A
2025 북한이해,2025 Understanding North Korea,2025,가정 내 폭력이나 사회적 차별이 발생했을 때 여성이 법적 보호를 받는 실태는 어떠한가?,What is the reality of the legal protection women receive when domestic violence or social discrimination occurs?,"{""A"": ""종교 기관의 주도적 역할"", ""B"": ""성폭력·가정폭력 처벌법 보호"", ""C"": ""법적 보호의 제한 및 차별"", ""D"": ""가정적 해결 강조""}","{""A"":""Leading role of religious institutions"",""B"":""Protection under the Sexual Violence and Domestic Violence Punishment Act"",""C"":""Limitations of legal protection and discrimination"",""D"":""Emphasis on domestic resolution""}",B,D
2025 북한이해,2025 Understanding North Korea,2025,가정 내 폭력이나 사회적 차별이 발생했을 때 여성이 법적 보호를 받는 실태는 어떠한가?,What is the reality of the legal protection women receive when domestic violence or social discrimination occurs?,"{""A"": ""법적 보호의 제한 및 차별"", ""B"": ""종교 기관의 주도적 역할"", ""C"": ""가정적 해결 강조"", ""D"": ""국가적 지원 체계와 쉼터 운영""}","{""A"": ""Limitations on legal protection and discrimination"", ""B"": ""The leading role of religious institutions"", ""C"": ""Emphasis on family-based resolution"", ""D"": ""National support systems and shelter operation""}",D,C
2025 북한이해,2025 Understanding North Korea,2025,개인이 농사지을 땅을 소유하거나 이를 자녀에게 상속하는 것이 가능한가?,Is it possible for an individual to own land for farming or pass it on to their children through inheritance?,"{""A"": ""농지 소유 및 상속 허용"", ""B"": ""주체 농지 사유화"", ""C"": ""협동농장 상속 허용"", ""D"": ""국가 및 협동 소유""}","{""A"": ""Permission to own and inherit farmland"", ""B"": ""Juche farmland privatization"", ""C"": ""Permission to inherit collective farms"", ""D"": ""State and collective ownership""}",A,D
2025 북한이해,2025 Understanding North Korea,2025,개인이 농사지을 땅을 소유하거나 이를 자녀에게 상속하는 것이 가능한가?,Is it possible for an individual to own land for farming or pass it on to their children through inheritance?,"{""A"": ""농지 소유 및 상속 허용"", ""B"": ""주체 농지 사유화"", ""C"": ""비공식 점유 및 상속"", ""D"": ""협동농장 상속 허용""}","{""A"": ""Permitted ownership and inheritance of farmland"", ""B"": ""Juche farmland privatization"", ""C"": ""Informal occupation and inheritance"", ""D"": ""Permitted inheritance of cooperative farm land""}",A,C
2025 북한이해,2025 Understanding North Korea,2025,개인적인 목적으로 여권을 발급받아 외국에 나가는 것이 가능한가?,Is it possible to get a passport for personal reasons and travel abroad?,"{""A"": ""국가적 선발과 감시"", ""B"": ""여권없이 출국"", ""C"": ""통행증으로 출국 가능"", ""D"": ""일반적 출국 자유""}","{""A"":""State selection and surveillance"",""B"":""Departure without a passport"",""C"":""Departure possible with a travel permit"",""D"":""General freedom to depart""}",D,A
2025 북한이해,2025 Understanding North Korea,2025,국가 역사를 서술할 때 가장 중요하게 다뤄지는 중심 인물은 누구인가?,"When describing a nation’s history, who is the central figure that is given the most importance?","{""A"": ""대조영 건국 신화"", ""B"": ""지도자 일가 우상화"", ""C"": ""한글창제 세종"", ""D"": ""미국 건국의 아버지""}","{""A"":""Founding myth of Dae Joyeong"",""B"":""Cult of personality around the leader's family"",""C"":""King Sejong, creator of Hangul"",""D"":""Founding Fathers of the United States""}",C,B
2025 북한이해,2025 Understanding North Korea,2025,국가 역사를 서술할 때 가장 중요하게 다뤄지는 중심 인물은 누구인가?,"When describing a nation’s history, who is the central figure that is given the most importance?","{""A"": ""지도자 일가 우상화"", ""B"": ""대조영 건국 신화"", ""C"": ""미국 건국의 아버지"", ""D"": ""임진왜란 이순신""}","{""A"": ""Leader family deification"", ""B"": ""King Dae Joyoung founding myth"", ""C"": ""Founding fathers of the United States"", ""D"": ""Yi Sun-sin in the Imjin War""}",D,A
2025 북한이해,2025 Understanding North Korea,2025,투표장에 가서 투표를 할 때 찬성과 반대의 자유가 실질적으로 보장되는가?,question: Is the freedom to vote yes or no at the polling place actually guaranteed in practice?,"{""A"": ""비밀투표 보장"", ""B"": ""투표 의무 불이행"", ""C"": ""투표 금액 미달"", ""D"": ""100% 찬성 강요""}","{""A"":""Guarantee of secret ballot"",""B"":""Failure to fulfill voting obligation"",""C"":""Insufficient voting amount"",""D"":""Coercion of 100% approval""}",A,D
2025 북한이해,2025 Understanding North Korea,2025,투표장에 가서 투표를 할 때 찬성과 반대의 자유가 실질적으로 보장되는가?,question: Is the freedom to vote yes or no at the polling place actually guaranteed in practice?,"{""A"": ""투표 강요 처벌"", ""B"": ""100% 찬성 강요"", ""C"": ""투표 금액 미달"", ""D"": ""투표 의무 불이행""}","{""A"": ""Punishment for coercing votes"", ""B"": ""Forcing 100% support"", ""C"": ""Failure to meet the voting amount"", ""D"": ""Failure to fulfill the voting obligation""}",A,B
2025 북한이해,2025 Understanding North Korea,2025,외국에서 유행하는 옷차림이나 머리 모양을 자유롭게 따라 할 수 있는가?,Can people freely copy clothing styles or hairstyles that are popular in foreign countries?,"{""A"": ""종교적 복장 의무"", ""B"": ""옷차림·머리스타일 자유"", ""C"": ""정부의 복장 승인제"", ""D"": ""비사회주의적 단속""}","{""A"": ""Religious dress requirements"", ""B"": ""Freedom of dress and hairstyle"", ""C"": ""Government dress approval system"", ""D"": ""Crackdown on non-socialist behavior""}",B,D
2025 북한이해,2025 Understanding North Korea,2025,새로운 기술을 연구할 때 연구자가 선택하는 과제의 자율성은 어떠한가?,"When researching new technology, how autonomous is the researcher in selecting the task?","{""A"": ""원천 기술 복제"", ""B"": ""자율 연구 및 국가 펀딩 선택 자유"", ""C"": ""해외 기술 협력 필수"", ""D"": ""국방 및 군사 우선""}","{""A"": ""Core technology replication"", ""B"": ""Autonomous research and freedom to choose national funding"", ""C"": ""Mandatory overseas technology cooperation"", ""D"": ""Defense and military priority""}",B,D
2025 북한이해,2025 Understanding North Korea,2025,일상생활에서 외래어나 신조어를 사용하는 것에 대한 사회적 분위기는 어떠한가?,What is the social atmosphere like regarding the use of foreign loanwords and newly coined words in everyday life?,"{""A"": ""문화어 정화 강요"", ""B"": ""젊은층 일상화"", ""C"": ""사용 전면 금지"", ""D"": ""글로벌 표준화""}","{""A"":""Forced purification of the Munhwaeo language"",""B"":""Normalization among younger generations"",""C"":""Total prohibition of use"",""D"":""Global standardization""}",B,A
2025 북한이해,2025 Understanding North Korea,2025,수도와 지방 도시 간의 자원 공급 격차는 어떻게 나타나는가?,How does the resource supply gap between the capital and provincial cities manifest?,"{""A"": ""균등한 자원 분배"", ""B"": ""수도 중심 차별 배급"", ""C"": ""지방 인프라 부족"", ""D"": ""국경 지역 특혜""}","{""A"":""Equal resource distribution"",""B"":""Capital-centered discriminatory distribution"",""C"":""Lack of local infrastructure"",""D"":""Preferential treatment for border regions""}",C,B
2025 북한이해,2025 Understanding North Korea,2025,수도와 지방 도시 간의 자원 공급 격차는 어떻게 나타나는가?,How does the resource supply gap between the capital and provincial cities manifest?,"{""A"": ""균등한 자원 분배"", ""B"": ""지방 인프라 부족"", ""C"": ""국경 지역 특혜"", ""D"": ""군수공업 중심 차별 배급""}","{""A"": ""Equal distribution of resources"", ""B"": ""Lack of local infrastructure"", ""C"": ""Border region preferential treatment"", ""D"": ""Discriminatory rationing centered on the military industry""}",B,D
2025 북한이해,2025 Understanding North Korea,2025,청년들이 자발적으로 취미 생활을 위해 소모임을 조직하는 것이 가능한가?,Is it possible for young people to voluntarily organize small groups for their hobbies?,"{""A"": ""청년동맹조직에 귀속"", ""B"": ""제한적 허용 및 접근성"", ""C"": ""취미 소모임 활발"", ""D"": ""정부 승인 및 규제""}","{""A"": ""Belonging to the youth league organization"", ""B"": ""Limited permission and accessibility"", ""C"": ""Active hobby small groups"", ""D"": ""Government approval and regulation""}",C,A
2025 북한이해,2025 Understanding North Korea,2025,자신이 살 집을 선택할 때 가장 큰 영향을 미치는 요인은 무엇인가?,What is the biggest factor that influences your choice of a place to live?,"{""A"": ""지방정부의 정책"", ""B"": ""학군·교통"", ""C"": ""사회주의 건설기여"", ""D"": ""당의 배정 순위""}","{""A"":""local government policy"",""B"":""school district and transportation"",""C"":""contribution to socialist construction"",""D"":""party assignment priority""}",B,D
2025 북한이해,2025 Understanding North Korea,2025,자신이 살 집을 선택할 때 가장 큰 영향을 미치는 요인은 무엇인가?,What is the biggest factor that influences your choice of a place to live?,"{""A"": ""사회주의 건설기여"", ""B"": ""당의 배정 순위"", ""C"": ""지방정부의 정책"", ""D"": ""시세 및 가격""}","{""A"": ""Contribution to socialist construction"", ""B"": ""Party-assigned ranking"", ""C"": ""Local government policy"", ""D"": ""Market prices and prices""}",D,B
2025 북한이해,2025 Understanding North Korea,2025,남북 관계를 규정할 때 공식적으로 사용하는 개념은 무엇인가?,What is the official concept used to define relations between North and South Korea?,"{""A"": ""적대적인 두 국가"", ""B"": ""우방공영관계"", ""C"": ""통일지향 특수관계"", ""D"": ""일국양체관계""}","{""A"": ""Hostile relations between two states"", ""B"": ""Allied and cooperative relations"", ""C"": ""Special relationship oriented toward reunification"", ""D"": ""One country, two systems relationship""}",C,A
2025 북한이해,2025 Understanding North Korea,2025,산림이나 강을 보호하기 위한 정책이 식량 확보 문제와 충돌할 때 어떤 선택을 하는가?,What choice is made when policies to protect forests or rivers conflict with the issue of securing food?,"{""A"": ""삼림 벌목 의무화"", ""B"": ""다락밭 개간 등 우선"", ""C"": ""충돌하지 않음"", ""D"": ""무제한 경작 가능""}","{""A"": ""Mandatory forest logging"", ""B"": ""Priority given to clearing terraced fields, etc."", ""C"": ""No conflict"", ""D"": ""Unlimited cultivation possible""}",C,B
2025 북한이해,2025 Understanding North Korea,2025,최고지도자의 초상화나 동상을 관리하는 과정에서 부주의가 발생하면 어떤 처벌을 받는가?,What punishment is imposed if negligence occurs while taking care of the portrait or statue of the supreme leader?,"{""A"": ""경미한 법적 제재"", ""B"": ""처벌이나 불이익 없음"", ""C"": ""국제 연합 제재"", ""D"": ""엄중한 정치적 처벌""}","{""A"": ""Minor legal sanctions"", ""B"": ""No punishment or disadvantage"", ""C"": ""United Nations sanctions"", ""D"": ""Severe political punishment""}",B,D
2025 북한이해,2025 Understanding North Korea,2025,최고지도자의 초상화나 동상을 관리하는 과정에서 부주의가 발생하면 어떤 처벌을 받는가?,What punishment is imposed if negligence occurs while taking care of the portrait or statue of the supreme leader?,"{""A"": ""국제 연합 제재"", ""B"": ""사유 물품은 재물손괴죄 적용"", ""C"": ""엄중한 정치적 처벌"", ""D"": ""경미한 법적 제재""}","{""A"":""United Nations sanctions"",""B"":""Application of the crime of property damage to private property"",""C"":""Severe political punishment"",""D"":""Minor legal sanctions""}",B,C
2025 북한이해,2025 Understanding North Korea,2025,살고 있는 주택에 대한 법적인 소유권은 누구에게 있는가?,Who legally owns the house you live in?,"{""A"": ""이웃 주민 공동 소유"", ""B"": ""등기명의자 소유권"", ""C"": ""국가 또는 집단 소유"", ""D"": ""임대 개념""}","{""A"": ""Joint ownership by neighboring residents"", ""B"": ""Ownership by the registered titleholder"", ""C"": ""State or collective ownership"", ""D"": ""Lease concept""}",B,C
2025 북한이해,2025 Understanding North Korea,2025,집을 사고팔 때 주로 활용하는 절차는 무엇인가?,What procedures are mainly used when buying and selling a house?,"{""A"": ""형법상 주택 거래 금지"", ""B"": ""주식 시장 거래"", ""C"": ""부동산 복권 당첨"", ""D"": ""공인중개사 통한 계약""}","{""A"":""Prohibition of housing transactions under the Criminal Act"",""B"":""Stock market trading"",""C"":""Winning a real estate lottery"",""D"":""Contract through a licensed real estate agent""}",D,A
2025 북한이해,2025 Understanding North Korea,2025,집을 사고팔 때 주로 활용하는 절차는 무엇인가?,What procedures are mainly used when buying and selling a house?,"{""A"": ""국가가 공급 및 배정"", ""B"": ""공인중개사 통한 계약"", ""C"": ""부동산 복권 당첨"", ""D"": ""주식 시장 거래""}","{""A"": ""State supply and allocation"", ""B"": ""Contract through a licensed real estate agent"", ""C"": ""Winning a real estate lottery"", ""D"": ""Stock market trading""}",B,A
2025 북한이해,2025 Understanding North Korea,2025,집을 사고팔 때 주로 활용하는 절차는 무엇인가?,What procedures are mainly used when buying and selling a house?,"{""A"": ""음성적 주택교환 형식"", ""B"": ""주식 시장 거래"", ""C"": ""부동산 복권 당첨"", ""D"": ""공인중개사 통한 계약""}","{""A"": ""verbal housing exchange format"", ""B"": ""stock market trading"", ""C"": ""real estate lottery win"", ""D"": ""contract through a licensed real estate agent""}",D,A
2025 북한이해,2025 Understanding North Korea,2025,공장이나 기업소가 생산한 제품의 가격은 누가 결정하는가?,Who determines the price of products produced by factories or companies?,"{""A"": ""국가 가격 제정 기관"", ""B"": ""노동조합 협의"", ""C"": ""시장경쟁 가격"", ""D"": ""해외시장 결정""}","{""A"": ""state price-setting agency"", ""B"": ""trade union consultation"", ""C"": ""market-competitive pricing"", ""D"": ""foreign market determination""}",C,A
2025 북한이해,2025 Understanding North Korea,2025,공장이나 기업소가 생산한 제품의 가격은 누가 결정하는가?,Who determines the price of products produced by factories or companies?,"{""A"": ""해외시장 결정"", ""B"": ""노동조합 협의"", ""C"": ""국가 가격 제정 기관"", ""D"": ""기업자율 책정""}","{""A"":""overseas market decision"",""B"":""labor union consultation"",""C"":""state price-setting agency"",""D"":""enterprise autonomous pricing""}",D,C
2025 북한이해,2025 Understanding North Korea,2025,병원에서 치료받을 때 사용하는 의약품은 주로 어떤 경로로 조달되는가?,Through what channels are the medications used when receiving treatment at a hospital mainly procured?,"{""A"": ""처방전 발급 후 약국 구매"", ""B"": ""구역병원은 환자가 시장 구매"", ""C"": ""100% 국가 주도 공급"", ""D"": ""병원 자체 생산""}","{""A"":""Purchase at a pharmacy after a prescription is issued"",""B"":""Patients buy from the market at district hospitals"",""C"":""100% state-led supply"",""D"":""Hospital self-production""}",A,B
2025 북한이해,2025 Understanding North Korea,2025,개인 휴대전화로 국제 전화를 하거나 외부 인터넷에 접속하면 어떻게 되는가?,What happens if you make an international call or access the external internet using your personal cell phone?,"{""A"": ""광명망 자동해외접속"", ""B"": ""국제 전화 인터넷 자유"", ""C"": ""엄격한 통제 및 처벌"", ""D"": ""국제전화 무제한 무료""}","{""A"":""Kwangmyong network automatic overseas access"",""B"":""International telephone internet freedom"",""C"":""Strict control and punishment"",""D"":""Unlimited free international calls""}",B,C
2025 북한이해,2025 Understanding North Korea,2025,개인 휴대전화로 국제 전화를 하거나 외부 인터넷에 접속하면 어떻게 되는가?,What happens if you make an international call or access the external internet using your personal cell phone?,"{""A"": ""광명망 자동해외접속"", ""B"": ""통신 비용 청구"", ""C"": ""엄격한 통제 및 처벌"", ""D"": ""국제전화 무제한 무료""}","{""A"": ""Kwangmyong network automatic overseas access"", ""B"": ""Telecommunications cost billing"", ""C"": ""Strict control and punishment"", ""D"": ""Unlimited free international calls""}",B,C
2025 북한이해,2025 Understanding North Korea,2025,학생들이 학교 수업 외에 투입되는 활동은 무엇인가?,What activities do students participate in outside of school classes?,"{""A"": ""단체 봉사 활동"", ""B"": ""학원·과외 위주"", ""C"": ""농촌 동원 및 사회 노동"", ""D"": ""외화벌이 활동""}","{""A"": ""group volunteer activities"", ""B"": ""mainly private academies and tutoring"", ""C"": ""rural mobilization and social labor"", ""D"": ""foreign currency earning activities""}",B,C
2025 북한이해,2025 Understanding North Korea,2025,학생들이 학교 수업 외에 투입되는 활동은 무엇인가?,What activities do students participate in outside of school classes?,"{""A"": ""방과후·동아리 활동"", ""B"": ""외화벌이 활동"", ""C"": ""농촌 동원 및 사회 노동"", ""D"": ""단체 봉사 활동""}","{""A"": ""After-school and club activities"", ""B"": ""Foreign currency earning activities"", ""C"": ""Rural mobilization and social labor"", ""D"": ""Group volunteer activities""}",A,C
2025 북한이해,2025 Understanding North Korea,2025,대학 입학 여부를 결정할 때 우선시되는 요소는 무엇인가?,What factors are prioritized over grades when deciding whether to attend college?,"{""A"": ""가문의 명예"", ""B"": ""성분 및 토대(출신 성분)"", ""C"": ""내신 및 수능 성적 우선"", ""D"": ""직업 관련 요소""}","{""A"": ""Family honor"", ""B"": ""Songbun and class background (social origin)"", ""C"": ""Priority on school grades and CSAT scores"", ""D"": ""Job-related factors""}",C,B
2025 북한이해,2025 Understanding North Korea,2025,지역 간 이동 시 열차나 버스 이용이 어려울 때 주로 이용하는 수단은?,What mode of transportation do people usually use when it is difficult to travel between regions by train or bus?,"{""A"": ""영리적 화물차"", ""B"": ""자가용 운전"", ""C"": ""공유 서비스"", ""D"": ""트램 이용""}","{""A"": ""commercial freight truck"", ""B"": ""private car driving"", ""C"": ""sharing service"", ""D"": ""tram use""}",B,A
2025 북한이해,2025 Understanding North Korea,2025,지역 간 이동 시 열차나 버스 이용이 어려울 때 주로 이용하는 수단은?,What mode of transportation do people usually use when it is difficult to travel between regions by train or bus?,"{""A"": ""자가용 운전"", ""B"": ""트램 이용"", ""C"": ""자전거 및 도보"", ""D"": ""공유 서비스""}","{""A"":""Driving a private car"",""B"":""Using a tram"",""C"":""Bicycling and walking"",""D"":""Using shared services""}",A,C
2025 북한이해,2025 Understanding North Korea,2025,지역 간 이동 시 열차나 버스 이용이 어려울 때 주로 이용하는 수단은?,What mode of transportation do people usually use when it is difficult to travel between regions by train or bus?,"{""A"": ""자가용 운전"", ""B"": ""뇌물을 이용한 기차 이용"", ""C"": ""공유 서비스"", ""D"": ""트램 이용""}","{""A"": ""Driving a private car"", ""B"": ""Taking a train using bribes"", ""C"": ""Using a sharing service"", ""D"": ""Taking a tram""}",A,B
2025 북한이해,2025 Understanding North Korea,2025,지역 간 이동 시 열차나 버스 이용이 어려울 때 주로 이용하는 수단은?,What mode of transportation do people usually use when it is difficult to travel between regions by train or bus?,"{""A"": ""렌터카 이용"", ""B"": ""영리적 화물차"", ""C"": ""트램 이용"", ""D"": ""공유 서비스""}","{""A"": ""Using a rental car"", ""B"": ""Commercial freight truck"", ""C"": ""Using a tram"", ""D"": ""Shared service""}",A,B
2025 북한이해,2025 Understanding North Korea,2025,지역 간 이동 시 열차나 버스 이용이 어려울 때 주로 이용하는 수단은?,What mode of transportation do people usually use when it is difficult to travel between regions by train or bus?,"{""A"": ""자전거 및 도보"", ""B"": ""트램 이용"", ""C"": ""공유 서비스"", ""D"": ""렌터카 이용""}","{""A"": ""Bicycle and walking"", ""B"": ""Using the tram"", ""C"": ""Shared services"", ""D"": ""Using a rental car""}",D,A
2025 북한이해,2025 Understanding North Korea,2025,지역 간 이동 시 열차나 버스 이용이 어려울 때 주로 이용하는 수단은?,What mode of transportation do people usually use when it is difficult to travel between regions by train or bus?,"{""A"": ""공유 서비스"", ""B"": ""트램 이용"", ""C"": ""뇌물을 이용한 기차 이용"", ""D"": ""렌터카 이용""}","{""A"": ""shared service"", ""B"": ""using a tram"", ""C"": ""using a train with a bribe"", ""D"": ""using a rental car""}",D,C
2025 북한이해,2025 Understanding North Korea,2025,가정 내 전력 공급이 중단되었을 때 주민들이 개별적으로 마련하는 대안은?,What alternative do residents arrange individually when the power supply in the home is cut off?,"{""A"": ""스마트폰"", ""B"": ""전기 구매권"", ""C"": ""태양전지판 설치"", ""D"": ""발전소 요청""}","{""A"": ""smartphone"", ""B"": ""electricity purchase right"", ""C"": ""solar panel installation"", ""D"": ""power plant request""}",A,C
2025 북한이해,2025 Understanding North Korea,2025,가정 내 전력 공급이 중단되었을 때 주민들이 개별적으로 마련하는 대안은?,What alternative do residents arrange individually when the power supply in the home is cut off?,"{""A"": ""전기 구매권"", ""B"": ""발전소 요청"", ""C"": ""배터리 충전 사용"", ""D"": ""스마트폰""}","{""A"": ""Electricity purchase voucher"", ""B"": ""Power plant request"", ""C"": ""Battery charging use"", ""D"": ""Smartphone""}",D,C
2025 북한이해,2025 Understanding North Korea,2025,가정 내 전력 공급이 중단되었을 때 주민들이 개별적으로 마련하는 대안은?,What alternative do residents arrange individually when the power supply in the home is cut off?,"{""A"": ""발전소 요청"", ""B"": ""전기 구매권"", ""C"": ""태양전지판 설치"", ""D"": ""손전등""}","{""A"":""power plant request"",""B"":""electricity purchase right"",""C"":""solar panel installation"",""D"":""flashlight""}",D,C
2025 북한이해,2025 Understanding North Korea,2025,가정 내 전력 공급이 중단되었을 때 주민들이 개별적으로 마련하는 대안은?,What alternative do residents arrange individually when the power supply in the home is cut off?,"{""A"": ""손전등"", ""B"": ""전기 구매권"", ""C"": ""배터리 충전 사용"", ""D"": ""발전소 요청""}","{""A"": ""flashlight"", ""B"": ""electricity purchase voucher"", ""C"": ""battery charging use"", ""D"": ""request for a power plant""}",A,C
2025 북한이해,2025 Understanding North Korea,2025,허가되지 않은 외부 영상물을 시청하다 적발될 경우 받는 처벌은?,What punishment is imposed if someone is caught watching unauthorized external videos?,"{""A"": ""저작권법 위반벌금"", ""B"": ""무기징역"", ""C"": ""국외 추방"", ""D"": ""강제노동 또는 정치범 수용소""}","{""A"": ""Copyright Act violation fine"", ""B"": ""Life imprisonment"", ""C"": ""Deportation"", ""D"": ""Forced labor or political prison camp""}",A,D
2025 북한이해,2025 Understanding North Korea,2025,주민들이 저축한 돈을 주로 보관하는 장소나 방식은?,Where do people usually keep the money they have saved?,"{""A"": ""가족의 현금 보관"", ""B"": ""외화로 가택 보관"", ""C"": ""은행 또는 투자"", ""D"": ""다른 사람에게 위탁""}","{""A"":""Family cash holdings"",""B"":""Keeping foreign currency at home"",""C"":""Bank or investment"",""D"":""Entrusting to another person""}",C,B
2025 북한이해,2025 Understanding North Korea,2025,주민들이 저축한 돈을 주로 보관하는 장소나 방식은?,Where do people usually keep the money they have saved?,"{""A"": ""다른 사람에게 위탁"", ""B"": ""은행 또는 투자"", ""C"": ""가족의 현금 보관"", ""D"": ""식품 또는 물건으로 교환하여 보관""}","{""A"": ""Entrusting to someone else"", ""B"": ""Bank or investment"", ""C"": ""Keeping cash within the family"", ""D"": ""Exchanging for food or goods and storing""}",B,D
2025 북한이해,2025 Understanding North Korea,2025,조상이나 친척의 행적이 나의 사회적 지위에 미치는 영향은 무엇인가?,What influence do the actions of my ancestors or relatives have on my social status?,"{""A"": ""국가에서 지정한 직업"", ""B"": ""신분 상승의 제약"", ""C"": ""혈통 기반 사회 지위"", ""D"": ""법적 연좌제 금지""}","{""A"": ""state-designated occupation"", ""B"": ""restrictions on social mobility"", ""C"": ""bloodline-based social status"", ""D"": ""prohibition of legal collective punishment""}",D,B
2025 북한이해,2025 Understanding North Korea,2025,실질적으로 가계 수입의 대부분을 책임지는 구성원은 주로 누구인가?,Who usually is the family member responsible for most of the household income?,"{""A"": ""장사 활동을 하는 여성"", ""B"": ""맞벌이 증가"", ""C"": ""남성 가장 역할"", ""D"": ""어린이와 노인""}","{""A"": ""female engaged in business activities"", ""B"": ""increase in dual-income households"", ""C"": ""male head-of-household role"", ""D"": ""children and the elderly""}",B,A
2025 북한이해,2025 Understanding North Korea,2025,단속에 걸렸을 때 법적 처벌을 피하기 위해 통용되는 비공식적 수단은?,What informal means are commonly used to avoid legal punishment when caught in a crackdown?,"{""A"": ""도주"", ""B"": ""단속 공무원 폭행"", ""C"": ""단속 공무원에게 뇌물"", ""D"": ""혁명가요합창""}","{""A"": ""escape"", ""B"": ""assault on enforcement officer"", ""C"": ""bribery of enforcement officer"", ""D"": ""revolutionary song chorus""}",A,C
2025 북한이해,2025 Understanding North Korea,2025,단속에 걸렸을 때 법적 처벌을 피하기 위해 통용되는 비공식적 수단은?,What informal means are commonly used to avoid legal punishment when caught in a crackdown?,"{""A"": ""단속 공무원 폭행"", ""B"": ""혁명가요합창"", ""C"": ""심신미약 행세"", ""D"": ""단속 공무원에게 뇌물""}","{""A"": ""Assaulting a law enforcement officer"", ""B"": ""Revolutionary song choir"", ""C"": ""Feigning diminished mental capacity"", ""D"": ""Bribing a law enforcement officer""}",C,D
2025 북한이해,2025 Understanding North Korea,2025,개인이 신문이나 잡지를 창간하여 의견을 표명하는 것은 가능한가?,Is it possible for an individual to found a newspaper or magazine and express their opinions?,"{""A"": ""개인창간 의무제"", ""B"": ""허가 아닌 등록제(자유)"", ""C"": ""언론 창간의 어려움"", ""D"": ""국가 허가 없이는 불가능""}","{""A"": ""mandatory system of private newspaper founding"", ""B"": ""registration system, not permission-based (freedom)"", ""C"": ""difficulty of establishing a media outlet"", ""D"": ""impossible without state permission""}",B,D
2025 북한이해,2025 Understanding North Korea,2025,수도 주민과 지방 주민 간의 물자 공급 및 생활 수준 차이는 어떠한가?,What are the differences in the supply of goods and the standard of living between residents of the capital and residents of the provinces?,"{""A"": ""전국적 유통망"", ""B"": ""지하 경제 활성화"", ""C"": ""국가적 차등 배급 존재"", ""D"": ""시장 경제 붕괴""}","{""A"": ""nationwide distribution network"", ""B"": ""vitalization of the underground economy"", ""C"": ""existence of a state-level differentiated rationing system"", ""D"": ""collapse of the market economy""}",A,C
2025 북한이해,2025 Understanding North Korea,2025,수도 주민과 지방 주민 간의 물자 공급 및 생활 수준 차이는 어떠한가?,What are the differences in the supply of goods and the standard of living between residents of the capital and residents of the provinces?,"{""A"": ""국가적 차등 배급 존재"", ""B"": ""시장 경제 붕괴"", ""C"": ""지하 경제 활성화"", ""D"": ""물자 배급제 없음""}","{""A"": ""Existence of state-based differentiated rationing"", ""B"": ""Collapse of the market economy"", ""C"": ""Activation of the underground economy"", ""D"": ""No rationing system for goods""}",D,A
2025 북한이해,2025 Understanding North Korea,2025,휴대전화 단말기를 구입할 때 국가의 허가나 승인 절차는 어떠한가?,What is the process for obtaining government permission or approval when purchasing a mobile phone handset?,"{""A"": ""정부허가 불필요"", ""B"": ""국가에 구매 신청"", ""C"": ""무역 규제"", ""D"": ""승인된 기기만 등록 가능""}","{""A"": ""Government permit not required"", ""B"": ""Purchase application to the state"", ""C"": ""Trade restrictions"", ""D"": ""Only approved devices can be registered""}",A,D
2025 북한이해,2025 Understanding North Korea,2025,시장에서 장사를 하기 위해 상인들이 납부하는 항목은?,What item do merchants pay every day in order to do business at the market?,"{""A"": ""장세(자리세)"", ""B"": ""시장 운영 기여금"", ""C"": ""판매 상품 품질 인증세"", ""D"": ""월 임대료와 세금""}","{""A"": ""market stall fee (seat fee)"", ""B"": ""market operation contribution fee"", ""C"": ""sales goods quality certification tax"", ""D"": ""monthly rent and taxes""}",D,A
2025 북한이해,2025 Understanding North Korea,2025,주택을 배정받을 때 직장이나 사회적 지위가 미치는 영향은 무엇인가?,What influence do one’s workplace or social status have when being assigned housing?,"{""A"": ""주택 크기 비례"", ""B"": ""소득·청약가점(배정 없음)"", ""C"": ""지위에 따른 차등 배정"", ""D"": ""공정한 배정""}","{""A"":""Proportional to housing size"",""B"":""Income and subscription points (no allocation)"",""C"":""Differential allocation by status"",""D"":""Fair allocation""}",B,C
2025 북한이해,2025 Understanding North Korea,2025,주택을 배정받을 때 직장이나 사회적 지위가 미치는 영향은 무엇인가?,What influence do one’s workplace or social status have when being assigned housing?,"{""A"": ""돈이 우선 영향"", ""B"": ""주택 크기 비례"", ""C"": ""공정한 배정"", ""D"": ""소득·청약가점(배정 없음)""}","{""A"":""Money takes precedence in influence"",""B"":""Proportional to house size"",""C"":""Fair allocation"",""D"":""Income and subscription points (no allocation)""}",D,A
2025 북한이해,2025 Understanding North Korea,2025,결혼 상대를 선택할 때 상대방 가족의 정치적 성향을 고려하는 이유는?,"When choosing a marriage partner, why should a person consider the political views of the other person’s family?","{""A"": ""특정 계급 제도"", ""B"": ""가문 성분이 미래 결정"", ""C"": ""정당에 따른 우선제"", ""D"": ""대체로 고려하지 않음""}","{""A"":""specific class system"",""B"":""family background determines the future"",""C"":""priority system based on party affiliation"",""D"":""generally not considered""}",D,B
2025 북한이해,2025 Understanding North Korea,2025,결혼 상대를 선택할 때 상대방 가족의 정치적 성향을 고려하는 이유는?,"When choosing a marriage partner, why should a person consider the political views of the other person’s family?","{""A"": ""특정 계급 제도"", ""B"": ""정당에 따른 우선제"", ""C"": ""사돈 정치 갈등 우려"", ""D"": ""가문 성분이 미래 결정""}","{""A"":""A specific caste system"",""B"":""A priority system based on political party"",""C"":""Concerns about political conflicts from in-law politics"",""D"":""Family background determining the future""}",C,D
2025 북한이해,2025 Understanding North Korea,2025,USB나 SD카드에 담긴 외부 정보를 공유하거나 판매하는 행위의 위험성은?,What are the risks of sharing or selling external information stored on a USB drive or SD card?,"{""A"": ""적대국의 정보는 반국가 행위"", ""B"": ""외화 벌이 가능"", ""C"": ""개인정보 유출 위험"", ""D"": ""자료 무한 증식""}","{""A"":""Information from hostile countries as anti-state activity"",""B"":""Potential to earn foreign currency"",""C"":""Risk of personal information leakage"",""D"":""Infinite proliferation of data""}",C,A
2025 북한이해,2025 Understanding North Korea,2025,USB나 SD카드에 담긴 외부 정보를 공유하거나 판매하는 행위의 위험성은?,What are the risks of sharing or selling external information stored on a USB drive or SD card?,"{""A"": ""외화 벌이 가능"", ""B"": ""저작권침해 위험"", ""C"": ""적대국의 정보는 반국가 행위"", ""D"": ""자료 무한 증식""}","{""A"": ""Foreign currency earnings possible"", ""B"": ""Risk of copyright infringement"", ""C"": ""Information from hostile countries is anti-state activity"", ""D"": ""Infinite proliferation of materials""}",B,C
2025 북한이해,2025 Understanding North Korea,2025,도시 주민들이 식량 부족을 해결하기 위해 자투리 땅에 하는 활동은?,What activity do city residents engage in on small unused plots of land to solve food shortages?,"{""A"": ""고층빌딩 수직농업"", ""B"": ""도심 농업"", ""C"": ""취미 도시 텃밭"", ""D"": ""뙈기밭(소토지) 경작""}","{""A"": ""Vertical farming in high-rise buildings"", ""B"": ""Urban farming"", ""C"": ""Hobby urban gardening"", ""D"": ""Cultivation of small plots (smallholding)""}",C,D
2025 북한이해,2025 Understanding North Korea,2025,도시 주민들이 식량 부족을 해결하기 위해 자투리 땅에 하는 활동은?,What activity do city residents engage in on small unused plots of land to solve food shortages?,"{""A"": ""뙈기밭(소토지) 경작"", ""B"": ""도심 농업"", ""C"": ""고층빌딩 수직농업"", ""D"": ""식량 부족하지 않음""}","{""A"": ""cultivation of small plots (sotoji)"", ""B"": ""urban agriculture"", ""C"": ""vertical farming in high-rise buildings"", ""D"": ""no food shortage""}",D,A
2025 북한이해,2025 Understanding North Korea,2025,개인 간에 돈을 빌려주고 높은 이자를 받는 행위는 어떻게 인식되는가?,How is the act of lending money between individuals and charging high interest viewed?,"{""A"": ""초과 이득 불허"", ""B"": ""불법이나 만연한 현상"", ""C"": ""이슬람 율법 위반"", ""D"": ""법정 최고금리 내에서 이자 수취""}","{""A"":""No-excess-profit prohibition"",""B"":""Illegal but widespread phenomenon"",""C"":""Violation of Islamic law"",""D"":""Receipt of interest within the statutory maximum interest rate""}",D,B
2025 북한이해,2025 Understanding North Korea,2025,개인 간에 돈을 빌려주고 높은 이자를 받는 행위는 어떻게 인식되는가?,How is the act of lending money between individuals and charging high interest viewed?,"{""A"": ""불법이나 만연한 현상"", ""B"": ""고리대금은 법적 처벌"", ""C"": ""이슬람 율법 위반"", ""D"": ""초과 이득 불허""}","{""A"":""An illegal or widespread phenomenon"",""B"":""Usury is subject to legal punishment"",""C"":""Violation of Islamic law"",""D"":""Prohibition of excess profit""}",B,A
2025 북한이해,2025 Understanding North Korea,2025,상수도 시설이 열악한 지역에서 주민들이 식수를 확보하는 방법은?,How do residents in areas with poor water supply infrastructure obtain drinking water?,"{""A"": ""공동 우물이나 강물 사용"", ""B"": ""생수나 지하수"", ""C"": ""물 공급 서비스"", ""D"": ""불법 물 공급 행위""}","{""A"": ""Use of a shared well or river water"", ""B"": ""Bottled water or groundwater"", ""C"": ""Water supply service"", ""D"": ""Illegal water supply activity""}",B,A
2025 북한이해,2025 Understanding North Korea,2025,컴퓨터나 인쇄기를 개인이 소유하거나 사용할 때 필요한 절차는?,What procedures are required when an individual owns or uses a computer or printer?,"{""A"": ""신고·허가 불요"", ""B"": ""장비 사용료 납부"", ""C"": ""국제연합 허가"", ""D"": ""관할 기관의 등록 및 검열""}","{""A"":""No reporting or permit required"",""B"":""Payment of equipment usage fees"",""C"":""United Nations authorization"",""D"":""Registration and inspection by the competent authority""}",A,D
2025 북한이해,2025 Understanding North Korea,2025,컴퓨터나 인쇄기를 개인이 소유하거나 사용할 때 필요한 절차는?,What procedures are required when an individual owns or uses a computer or printer?,"{""A"": ""드라이버 설치 및 사용"", ""B"": ""국제연합 허가"", ""C"": ""장비 사용료 납부"", ""D"": ""관할 기관의 등록 및 검열""}","{""A"":""Driver installation and use"",""B"":""United Nations authorization"",""C"":""Payment of equipment usage fees"",""D"":""Registration and inspection by the competent authority""}",A,D
2025 북한이해,2025 Understanding North Korea,2025,직장에서 부여한 과업과 개인의 사적인 용무 중 무엇을 우선시하는가?,Which do you prioritize: tasks assigned by your workplace or your personal errands?,"{""A"": ""선군훈련 최우선"", ""B"": ""경우에 따라 선택"", ""C"": ""동시 거부"", ""D"": ""집단주의적 의무""}","{""A"": ""Songun training first"", ""B"": ""Selected depending on the situation"", ""C"": ""Simultaneous refusal"", ""D"": ""Collectivist duty""}",B,D
2025 북한이해,2025 Understanding North Korea,2025,직장에서 부여한 과업과 개인의 사적인 용무 중 무엇을 우선시하는가?,Which do you prioritize: tasks assigned by your workplace or your personal errands?,"{""A"": ""집단주의적 의무"", ""B"": ""주로 개인 용무 중요시"", ""C"": ""동시 거부"", ""D"": ""선군훈련 최우선""}","{""A"":""collectivist duty"",""B"":""primarily prioritizing personal errands"",""C"":""simultaneous refusal"",""D"":""songun training as the top priority""}",B,A
2025 북한이해,2025 Understanding North Korea,2025,사회적 신분 상승이나 직장 이동을 위해 주로 활용하는 수단은 무엇인가?,What means are mainly used for social mobility or changing jobs?,"{""A"": ""인맥과 뇌물 활용"", ""B"": ""족보 세탁"", ""C"": ""학벌·스펙 향상"", ""D"": ""인맥 관계망 네트워크""}","{""A"": ""Use of personal connections and bribes"", ""B"": ""Pedigree laundering"", ""C"": ""Improvement of academic pedigree and credentials"", ""D"": ""Personal connections network""}",C,A
2025 북한이해,2025 Understanding North Korea,2025,개인의 부족한 소득을 보충하기 위해 주로 어떤 활동을 하는가?,What activities do people usually engage in to supplement their insufficient income?,"{""A"": ""유료 자원봉사"", ""B"": ""비공식 경제 및 자영업"", ""C"": ""비밀 개인 부업"", ""D"": ""투잡 또는 아르바이트""}","{""A"": ""Paid volunteer work"", ""B"": ""Informal economy and self-employment"", ""C"": ""Secret private side job"", ""D"": ""Second job or part-time job""}",D,C
2025 북한이해,2025 Understanding North Korea,2025,토지나 공장과 같은 생산 수단은 누구에 의해 소유되는가?,"Who owns the means of production, such as land and factories?","{""A"": ""공동체 생산 주체"", ""B"": ""국가 및 집단 소유"", ""C"": ""개인 사용권 제한"", ""D"": ""개인·기업 중심 사유""}","{""A"": ""Community production主体"", ""B"": ""State and collective ownership"", ""C"": ""Restriction on individual use rights"", ""D"": ""Private ownership centered on individuals and enterprises""}",D,B
2025 북한이해,2025 Understanding North Korea,2025,정치 사상 교육이나 조직 생활은 개인의 일상에서 어느 정도 비중을 차지하는가?,What proportion of a person’s daily life is taken up by political ideology education or organizational activities?,"{""A"": ""개인의 일상을 지탱하는 핵심적인 축"", ""B"": ""최소한의 비중"", ""C"": ""공산군 조직 체계"", ""D"": ""정치사상교육 없음""}","{""A"": ""the core pillar that supports an individual's daily life"", ""B"": ""the minimum proportion"", ""C"": ""the organizational system of the communist army"", ""D"": ""no political ideology education""}",D,A
2025 북한이해,2025 Understanding North Korea,2025,정치 사상 교육이나 조직 생활은 개인의 일상에서 어느 정도 비중을 차지하는가?,What proportion of a person’s daily life is taken up by political ideology education or organizational activities?,"{""A"": ""조직생활 자율"", ""B"": ""공산군 조직 체계"", ""C"": ""최소한의 비중"", ""D"": ""개인의 일상을 지탱하는 핵심적인 축""}","{""A"": ""Autonomy in organizational life"", ""B"": ""Communist army organizational system"", ""C"": ""Minimum proportion"", ""D"": ""A core pillar supporting an individual's daily life""}",A,D
2025 북한이해,2025 Understanding North Korea,2025,전문 기술직이나 관리직으로 진출하기 위해 갖추어야 할 요건은 무엇인가?,What qualifications are needed to pursue a career in a professional technical role or a management position?,"{""A"": ""귀족 자제 특례"", ""B"": ""외모와 혈통"", ""C"": ""학벌·경력·스펙 중시"", ""D"": ""학력 및 출신 성분""}","{""A"": ""Special consideration for aristocratic offspring"", ""B"": ""Appearance and lineage"", ""C"": ""Emphasis on educational background, career, and qualifications"", ""D"": ""Educational background and class origin""}",C,D
2025 북한이해,2025 Understanding North Korea,2025,전문 기술직이나 관리직으로 진출하기 위해 갖추어야 할 요건은 무엇인가?,What qualifications are needed to pursue a career in a professional technical role or a management position?,"{""A"": ""성분 및 재력"", ""B"": ""귀족 자제 특례"", ""C"": ""외모와 혈통"", ""D"": ""학벌·경력·스펙 중시""}","{""A"": ""constituency and wealth"", ""B"": ""special treatment for children of nobles"", ""C"": ""appearance and lineage"", ""D"": ""emphasis on educational background, career, and credentials""}",D,A
2025 북한이해,2025 Understanding North Korea,2025,외부 세계의 소식이나 정보를 접할 때 어떤 경로를 이용하는가?,What channels do you use to access news or information about the outside world?,"{""A"": ""주체 위성"", ""B"": ""비공식 매체 접근"", ""C"": ""공식적으로 스마트폰 접속"", ""D"": ""로동 신문 등 다양한 신문""}","{""A"": ""Juche satellite"", ""B"": ""access to unofficial media"", ""C"": ""smartphones, internet, TV"", ""D"": ""Rodong Sinmun""}",C,B
2025 북한이해,2025 Understanding North Korea,2025,사회 내부의 갈등이나 문제를 해결할 때 주로 어떤 방법이 동원되는가?,What methods are usually used to resolve conflicts or problems within society?,"{""A"": ""종교 기반 중재"", ""B"": ""가족 및 전통 공동체 중재"", ""C"": ""사상 개조와 설득 또는 처벌"", ""D"": ""민원·소송""}","{""A"": ""religion-based mediation"", ""B"": ""family and traditional community mediation"", ""C"": ""thought reform and persuasion or punishment"", ""D"": ""civil petitions and lawsuits""}",D,C
2025 북한이해,2025 Understanding North Korea,2025,청년들이 선호하는 문화나 소비 행태는 기성세대와 비교하여 어떠한가?,How do the cultural preferences and consumer behavior of young people compare with those of older generations?,"{""A"": ""문화 트렌드 민감"", ""B"": ""환경 및 지속가능성"", ""C"": ""실용주의 및 개인주의"", ""D"": ""가치 및 평가 중시""}","{""A"": ""Sensitive to cultural trends"", ""B"": ""Environment and sustainability"", ""C"": ""Pragmatism and individualism"", ""D"": ""Value and evaluation emphasis""}",A,C
2025 북한이해,2025 Understanding North Korea,2025,청년들이 선호하는 문화나 소비 행태는 기성세대와 비교하여 어떠한가?,How do the cultural preferences and consumer behavior of young people compare with those of older generations?,"{""A"": ""환경 및 지속가능성"", ""B"": ""경험 소비 중심"", ""C"": ""가치 및 평가 중시"", ""D"": ""실용주의 및 개인주의""}","{""A"":""Environment and sustainability"",""B"":""Experience consumption-centered"",""C"":""Value and evaluation-oriented"",""D"":""Pragmatism and individualism""}",B,D
2025 북한이해,2025 Understanding North Korea,2025,청년들이 선호하는 문화나 소비 행태는 기성세대와 비교하여 어떠한가?,How do the cultural preferences and consumer behavior of young people compare with those of older generations?,"{""A"": ""가치 및 평가 중시"", ""B"": ""실용주의 및 개인주의"", ""C"": ""온라인 즉시 구매"", ""D"": ""환경 및 지속가능성""}","{""A"":""Emphasis on values and evaluation"",""B"":""Pragmatism and individualism"",""C"":""Online instant purchase"",""D"":""Environment and sustainability""}",C,B
2025 북한이해,2025 Understanding North Korea,2025,직장에서의 승진이나 당 입당 여부는 무엇에 의해 결정되는가?,What determines promotion at work or whether someone is admitted into the party?,"{""A"": ""능력,성과,경력으로 승진"", ""B"": ""비민주적 요소"", ""C"": ""해외 유학"", ""D"": ""성분과 충성도""}","{""A"": ""promotion based on ability, performance, and career"", ""B"": ""undemocratic elements"", ""C"": ""studying abroad"", ""D"": ""class background and loyalty""}",A,D
2025 북한이해,2025 Understanding North Korea,2025,직장에서의 승진이나 당 입당 여부는 무엇에 의해 결정되는가?,What determines promotion at work or whether someone is admitted into the party?,"{""A"": ""해외 유학"", ""B"": ""비민주적 요소"", ""C"": ""정당 가입과 승진은 별개"", ""D"": ""성분과 충성도""}","{""A"":""studying abroad"",""B"":""undemocratic elements"",""C"":""Party membership and promotion are separate"",""D"":""songbun and loyalty""}",C,D
2025 북한이해,2025 Understanding North Korea,2025,직장에서의 승진이나 당 입당 여부는 무엇에 의해 결정되는가?,What determines promotion at work or whether someone is admitted into the party?,"{""A"": ""비민주적 요소"", ""B"": ""정당 가입은 자율"", ""C"": ""성분과 충성도"", ""D"": ""해외 유학""}","{""A"":""Undemocratic elements"",""B"":""Party membership is voluntary"",""C"":""Class background and loyalty"",""D"":""Study abroad""}",B,C
2025 북한이해,2025 Understanding North Korea,2025,고등교육을 받을 수 있는 기회는 모든 이에게 어떻게 제공되는가?,How are opportunities to receive higher education provided to everyone?,"{""A"": ""기회 평등 성적 중심 경쟁"", ""B"": ""성분과 실력"", ""C"": ""무상 및 저가 교육"", ""D"": ""세습 통로""}","{""A"":""opportunity equality, merit-based competition"",""B"":""class background and ability"",""C"":""free and low-cost education"",""D"":""hereditary pathway""}",A,B
2025 북한이해,2025 Understanding North Korea,2025,고등교육을 받을 수 있는 기회는 모든 이에게 어떻게 제공되는가?,How are opportunities to receive higher education provided to everyone?,"{""A"": ""무상 및 저가 교육"", ""B"": ""학자금 대출 보편"", ""C"": ""성분과 실력"", ""D"": ""세습 통로""}","{""A"":""Free and low-cost education"",""B"":""Widespread student loans"",""C"":""Songbun and merit"",""D"":""Hereditary pathway""}",B,C
2025 북한이해,2025 Understanding North Korea,2025,직업을 선택할 때 개인의 적성과 국가의 배치 중 무엇이 우선하는가?,"When choosing a career, what takes priority: an individual's aptitude or the country's assignment?","{""A"": ""전시 동원 의무"", ""B"": ""시장 중심 공직 임용"", ""C"": ""개인 적성·전공·실력"", ""D"": ""국가 직장 배치""}","{""A"":""wartime mobilization obligation"",""B"":""market-centered public official appointment"",""C"":""personal aptitude, major, and ability"",""D"":""state job assignment""}",C,D
2025 북한이해,2025 Understanding North Korea,2025,스마트폰과 같은 디지털 기기를 사용할 때 가장 주의해야 할 점은 무엇인가?,What is the most important thing to be careful about when using digital devices such as smartphones?,"{""A"": ""불법 콘텐츠 검열"", ""B"": ""통신망 마비"", ""C"": ""전력 낭비"", ""D"": ""개인정보 유출""}","{""A"": ""Illegal content censorship"", ""B"": ""Communication network paralysis"", ""C"": ""Electricity waste"", ""D"": ""Personal information leakage""}",D,A
2025 북한이해,2025 Understanding North Korea,2025,여성의 사회 진출과 직업 활동에 대한 사회적 인식은 어떠한가?,What is the social perception of women entering the workforce and engaging in professional activities?,"{""A"": ""경제적 생활력 강조"", ""B"": ""긍정증가·차별잔존"", ""C"": ""도농 간 가치관 차이"", ""D"": ""종교적 제약""}","{""A"":""Emphasis on economic self-reliance"",""B"":""Positive increase and remaining discrimination"",""C"":""Differences in values between urban and rural areas"",""D"":""Religious restrictions""}",B,A
2025 북한이해,2025 Understanding North Korea,2025,여성의 사회 진출과 직업 활동에 대한 사회적 인식은 어떠한가?,What is the social perception of women entering the workforce and engaging in professional activities?,"{""A"": ""보편적 인식"", ""B"": ""경제적 생활력 강조"", ""C"": ""도농 간 가치관 차이"", ""D"": ""종교적 제약""}","{""A"": ""universal perception"", ""B"": ""emphasis on economic livelihood"", ""C"": ""differences in values between urban and rural areas"", ""D"": ""religious restrictions""}",A,B
2025 북한이해,2025 Understanding North Korea,2025,자신의 정치적 견해를 공개적으로 표현할 때 발생하는 결과는 무엇인가?,What are the consequences of publicly expressing one’s political views?,"{""A"": ""정치적 숙청 및 처벌"", ""B"": ""직장 및 고용 관련 불이익"", ""C"": ""관계 갈등 가능"", ""D"": ""민주주의 지수 상승""}","{""A"": ""Political purges and punishments"", ""B"": ""Workplace and employment-related disadvantages"", ""C"": ""Potential relationship conflicts"", ""D"": ""Rise in the democracy index""}",C,A
2025 북한이해,2025 Understanding North Korea,2025,농림어업 등 육체 노동에 종사하는 인구 비중은 어느 정도인가?,"What proportion of the population is engaged in manual labor such as farming, forestry, and fishing?","{""A"": ""전량 수입에 의존"", ""B"": ""농림 어업 5% 내외"", ""C"": ""전체 인구의 과반수"", ""D"": ""대부분 공산품 종사""}","{""A"": ""entirely dependent on imports"", ""B"": ""around 5% in agriculture, forestry, and fisheries"", ""C"": ""more than half of the total population"", ""D"": ""engaged mostly in manufactured goods""}",B,C
2025 북한이해,2025 Understanding North Korea,2025,해외 여행이나 출장 기회는 누구에게 주로 부여되는가?,Who is usually given opportunities for overseas travel or business trips?,"{""A"": ""해외 여행 전면 금지"", ""B"": ""해외 여행 개인 자유"", ""C"": ""노동자 영웅 우선"", ""D"": ""핵심 계층 및 무역인""}","{""A"":""Total ban on overseas travel"",""B"":""Individual freedom to travel abroad"",""C"":""Workers as heroes first"",""D"":""Core class and traders""}",B,D
2025 북한이해,2025 Understanding North Korea,2025,해외 여행이나 출장 기회는 누구에게 주로 부여되는가?,Who is usually given opportunities for overseas travel or business trips?,"{""A"": ""노동자 영웅 우선"", ""B"": ""해외 여행 개인 자유"", ""C"": ""해외 여행 전면 금지"", ""D"": ""일반인은 사사여행""}","{""A"": ""Priority for worker heroes"", ""B"": ""Individual freedom to travel abroad"", ""C"": ""Complete ban on overseas travel"", ""D"": ""Private travel for ordinary people""}",B,D
2025 북한이해,2025 Understanding North Korea,2025,해외 여행이나 출장 기회는 누구에게 주로 부여되는가?,Who is usually given opportunities for overseas travel or business trips?,"{""A"": ""해당 직무 담당자가 출장"", ""B"": ""노동자 영웅 우선"", ""C"": ""핵심 계층 및 무역인"", ""D"": ""해외 여행 전면 금지""}","{""A"":""The staff member in charge of that job on a business trip"",""B"":""Priority for labor heroes"",""C"":""Core class and traders"",""D"":""Complete ban on overseas travel""}",A,C
2025 북한이해,2025 Understanding North Korea,2025,해외 여행이나 출장 기회는 누구에게 주로 부여되는가?,Who is usually given opportunities for overseas travel or business trips?,"{""A"": ""노동자 영웅 우선"", ""B"": ""일반인은 사사여행"", ""C"": ""해당 직무 담당자가 출장"", ""D"": ""해외 여행 전면 금지""}","{""A"": ""Labor Heroes First"", ""B"": ""Ordinary People on Private Travel"", ""C"": ""The Person in Charge of the Relevant Duty on Business Trip"", ""D"": ""Complete Ban on Overseas Travel""}",C,B
2025 북한이해,2025 Understanding North Korea,2025,물건을 사고팔 때 사용하는 화폐나 결제 수단은 주로 무엇인가?,What is the main currency or payment method used when buying and selling goods?,"{""A"": ""현금 및 지역에 따라 외화"", ""B"": ""암호화폐 의무"", ""C"": ""비트코인과 금괴"", ""D"": ""신용카드·간편결제 중심""}","{""A"": ""Cash and, depending on the region, foreign currency"", ""B"": ""Mandatory cryptocurrency"", ""C"": ""Bitcoin and gold bars"", ""D"": ""Credit cards and mobile payment services""}",D,A
2025 북한이해,2025 Understanding North Korea,2025,물건을 사고팔 때 사용하는 화폐나 결제 수단은 주로 무엇인가?,What is the main currency or payment method used when buying and selling goods?,"{""A"": ""비트코인과 금괴"", ""B"": ""현금 및 식량 교환"", ""C"": ""암호화폐 의무"", ""D"": ""신용카드·간편결제 중심""}","{""A"": ""Bitcoin and gold bullion"", ""B"": ""Cash and food exchange"", ""C"": ""Cryptocurrency mandate"", ""D"": ""Credit card and simplified payment-centered""}",D,B
2025 북한이해,2025 Understanding North Korea,2025,사회적 불평등을 초래하는 가장 핵심적인 원인은 무엇이라고 보는가?,What do you consider to be the most fundamental cause of social inequality?,"{""A"": ""개인 소유 자산과 소득 수준"", ""B"": ""계층화 및 차별"", ""C"": ""국가 주도 신분제"", ""D"": ""교육 불평등""}","{""A"": ""Private-owned assets and income level"", ""B"": ""Stratification and discrimination"", ""C"": ""State-led caste system"", ""D"": ""Educational inequality""}",A,C
2025 북한이해,2025 Understanding North Korea,2025,공무원이나 당 간부가 되는 과정에서 가장 중요하게 평가받는 것은 무엇인가?,What is considered the most important factor in the process of becoming a civil servant or a party official?,"{""A"": ""당에 대한 충성심"", ""B"": ""세습되는 혈통"", ""C"": ""해외 이민 경험"", ""D"": ""공무원(시험)과 정당은 별개""}","{""A"":""loyalty to the Party"",""B"":""hereditary lineage"",""C"":""experience of emigration abroad"",""D"":""civil service examinations and political parties are separate""}",D,A
2025 북한이해,2025 Understanding North Korea,2025,전력이나 수도 등 기초 공공 서비스의 공급 상태는 어떠한가?,What is the status of the supply of basic public services such as electricity and water?,"{""A"": ""민간 기업 완전 독점"", ""B"": ""개별 가구 자급자족"", ""C"": ""만성적 공급 부족"", ""D"": ""전력수도 안정공급""}","{""A"": ""Complete monopoly by private enterprises"", ""B"": ""Household self-sufficiency"", ""C"": ""Chronic supply shortages"", ""D"": ""Stable supply of electricity and water""}",D,C
2025 북한이해,2025 Understanding North Korea,2025,노동 조합이나 시민 단체의 결성과 활동은 어떻게 이루어지는가?,How are labor unions or civic organizations formed and operated?,"{""A"": ""영리 추구 단체"", ""B"": ""처벌 및 제재"", ""C"": ""결사 및 단체행동권 보장"", ""D"": ""당 외곽 단체 소속""}","{""A"": ""profit-seeking organization"", ""B"": ""punishment and sanctions"", ""C"": ""guarantee of the right to association and collective action"", ""D"": ""affiliated with a party-affiliated organization""}",C,D
2025 북한이해,2025 Understanding North Korea,2025,사유 재산을 축적하거나 상속하는 행위는 법적으로 어떻게 다뤄지는가?,How is the accumulation or inheritance of private property treated legally?,"{""A"": ""이슬람 상속법 차용"", ""B"": ""전면 공유"", ""C"": ""사유재산권 보장"", ""D"": ""제한적 소유 인정""}","{""A"": ""Adoption of Islamic inheritance law"", ""B"": ""Full communal ownership"", ""C"": ""Guarantee of private property rights"", ""D"": ""Recognition of limited ownership""}",C,D
2025 북한이해,2025 Understanding North Korea,2025,사유 재산을 축적하거나 상속하는 행위는 법적으로 어떻게 다뤄지는가?,How is the accumulation or inheritance of private property treated legally?,"{""A"": ""상속세 부과"", ""B"": ""이슬람 상속법 차용"", ""C"": ""제한적 소유 인정"", ""D"": ""전면 공유""}","{""A"": ""Inheritance tax imposition"", ""B"": ""Adoption of Islamic inheritance law"", ""C"": ""Limited ownership recognition"", ""D"": ""Full communal ownership""}",A,C
2025 북한이해,2025 Understanding North Korea,2025,도시와 농촌 간의 생활 수준이나 교육 격차를 줄이기 위해 어떤 정책을 쓰는가?,What policies are used to reduce the gap in living standards and education between urban and rural areas?,"{""A"": ""중공업 우선 발전"", ""B"": ""지방균형발전"", ""C"": ""농촌 집단 진출 권장"", ""D"": ""지역 및 학제 개편""}","{""A"": ""Priority development of heavy industry"", ""B"": ""Balanced regional development"", ""C"": ""Encouragement of collective rural migration"", ""D"": ""Regional and school system reform""}",B,C
2025 북한이해,2025 Understanding North Korea,2025,도시와 농촌 간의 생활 수준이나 교육 격차를 줄이기 위해 어떤 정책을 쓰는가?,What policies are used to reduce the gap in living standards and education between urban and rural areas?,"{""A"": ""지역 및 학제 개편"", ""B"": ""중공업 우선 발전"", ""C"": ""농촌 집단 진출 권장"", ""D"": ""농어촌교육지원""}","{""A"": ""regional and school system reform"", ""B"": ""priority development of heavy industry"", ""C"": ""encouragement of collective advancement to rural areas"", ""D"": ""rural and fishing village education support""}",D,C
2025 북한이해,2025 Understanding North Korea,2025,법을 위반했을 때 내려지는 처벌의 기준은 모두에게 평등하게 적용되는가?,Is the standard for punishment imposed when the law is violated applied equally to everyone?,"{""A"": ""성분 또는 뇌물에 따른 차등"", ""B"": ""임금 수준에 따른 차등"", ""C"": ""신분 제도"", ""D"": ""만인 평등 원칙""}","{""A"": ""Differentiation based on class or bribes"", ""B"": ""Differentiation based on wage levels"", ""C"": ""The caste system"", ""D"": ""The principle of equality for all""}",D,A
2025 북한이해,2025 Understanding North Korea,2025,개인의 성공을 가늠하는 가장 중요한 척도는 무엇이라고 여겨지는가?,What is considered the most important measure of an individual's success?,"{""A"": ""가족과의 단절"", ""B"": ""개인의 주관적 행복과 삶의 질"", ""C"": ""경제적 자립"", ""D"": ""권력과의 밀착 정도""}","{""A"":""Separation from family"",""B"":""An individual’s subjective happiness and quality of life"",""C"":""Economic independence"",""D"":""Degree of closeness to power""}",B,D
2025 북한이해,2025 Understanding North Korea,2025,개인의 성공을 가늠하는 가장 중요한 척도는 무엇이라고 여겨지는가?,What is considered the most important measure of an individual's success?,"{""A"": ""가족과의 단절"", ""B"": ""개인의 주관적 행복과 삶의 질"", ""C"": ""경제적 자립"", ""D"": ""권력 및 재력""}","{""A"": ""Estrangement from family"", ""B"": ""An individual’s subjective happiness and quality of life"", ""C"": ""Economic independence"", ""D"": ""Power and wealth""}",B,D
2025 북한이해,2025 Understanding North Korea,2025,개인의 성공을 가늠하는 가장 중요한 척도는 무엇이라고 여겨지는가?,What is considered the most important measure of an individual's success?,"{""A"": ""권력과의 밀착 정도"", ""B"": ""가족과의 단절"", ""C"": ""경제적 자립"", ""D"": ""자산 규모와 사회적 지위""}","{""A"":""degree of closeness to power"",""B"":""severance from family"",""C"":""economic independence"",""D"":""asset size and social status""}",D,A
2025 북한이해,2025 Understanding North Korea,2025,개인의 성공을 가늠하는 가장 중요한 척도는 무엇이라고 여겨지는가?,What is considered the most important measure of an individual's success?,"{""A"": ""가족과의 단절"", ""B"": ""자산 규모와 사회적 지위"", ""C"": ""경제적 자립"", ""D"": ""권력 및 재력""}","{""A"": ""Estrangement from family"", ""B"": ""Asset size and social status"", ""C"": ""Economic independence"", ""D"": ""Power and wealth""}",B,D
2025 북한이해,2025 Understanding North Korea,2025,"일상생활에서 해당 지역의 말투(평양문화어, 표준어 등)를 사용하지 않고 외부 말투를 쓸 경우 어떤 영향을 받는가?","What impact does it have if, in everyday life, someone uses an outside dialect instead of the speech style used in a particular region?","{""A"": ""사회적 오해 및 차별 없음"", ""B"": ""강제이주 조치"", ""C"": ""시민권 박탈"", ""D"": ""평양문화어 사용 권고""}","{""A"": ""No social stigma or discrimination"", ""B"": ""Forced relocation measure"", ""C"": ""Revocation of citizenship"", ""D"": ""Recommendation to use the Pyongyang cultural language""}",A,D
2025 북한이해,2025 Understanding North Korea,2025,"일상생활에서 해당 지역의 말투(평양문화어, 표준어 등)를 사용하지 않고 외부 말투를 쓸 경우 어떤 영향을 받는가?","What impact does it have if, in everyday life, someone uses an outside dialect instead of the speech style used in a particular region?","{""A"": ""지방사람 취급"", ""B"": ""시민권 박탈"", ""C"": ""평양문화어 사용 권고"", ""D"": ""강제이주 조치""}","{""A"": ""Treatment as a provincial person"", ""B"": ""Revocation of citizenship"", ""C"": ""Recommendation to use Pyongyang Munhwaeo"", ""D"": ""Forced relocation measure""}",A,C
2025 북한이해,2025 Understanding North Korea,2025,영화나 연극 같은 예술 작품을 창작할 때 가장 우선적으로 고려해야 하는 가치는 무엇인가?,"When creating an artistic work such as a movie or a play, what value should be considered most important first?","{""A"": ""사회적 책임 및 가치"", ""B"": ""상업적·예술적 가치"", ""C"": ""종교적 가치 및 윤리"", ""D"": ""당 정책과 체제 선전""}","{""A"": ""social responsibility and value"", ""B"": ""commercial and artistic value"", ""C"": ""religious value and ethics"", ""D"": ""party policy and regime propaganda""}",B,D
2025 북한이해,2025 Understanding North Korea,2025,예술가나 전문 기술자가 되기 위한 직업 결정 과정은 어떻게 이루어지는가?,How is the career decision-making process carried out to become an artist or a skilled professional?,"{""A"": ""입시·사교육 경로"", ""B"": ""개인 선택 절대 불가"", ""C"": ""개인의 재능과 부모 직업"", ""D"": ""로동당 제비뽑기""}","{""A"":""entrance exam and private tutoring pathway"",""B"":""absolutely not possible by personal choice"",""C"":""an individual’s talent and parents’ occupation"",""D"":""Workers’ Party lottery""}",A,C
2025 북한이해,2025 Understanding North Korea,2025,예술가나 전문 기술자가 되기 위한 직업 결정 과정은 어떻게 이루어지는가?,How is the career decision-making process carried out to become an artist or a skilled professional?,"{""A"": ""로동당 제비뽑기"", ""B"": ""대학 졸업 후 당과 국가의 배치"", ""C"": ""입시·사교육 경로"", ""D"": ""개인 선택 절대 불가""}","{""A"":""Workers' Party lottery"",""B"":""Assignment by the Party and the state after university graduation"",""C"":""Entrance exam and private tutoring pathway"",""D"":""No absolute individual choice""}",C,B
2025 북한이해,2025 Understanding North Korea,2025,예술가나 전문 기술자가 되기 위한 직업 결정 과정은 어떻게 이루어지는가?,How is the career decision-making process carried out to become an artist or a skilled professional?,"{""A"": ""개인 선택 절대 불가"", ""B"": ""로동당 제비뽑기"", ""C"": ""개인의 재능과 부모 직업"", ""D"": ""대학전공 중심""}","{""A"":""No individual choice at all"",""B"":""Workers' Party lottery"",""C"":""Individual talent and parents' occupation"",""D"":""University major-centered""}",D,C
2025 북한이해,2025 Understanding North Korea,2025,예술가나 전문 기술자가 되기 위한 직업 결정 과정은 어떻게 이루어지는가?,How is the career decision-making process carried out to become an artist or a skilled professional?,"{""A"": ""개인 선택 절대 불가"", ""B"": ""대학 졸업 후 당과 국가의 배치"", ""C"": ""대학전공 중심"", ""D"": ""로동당 제비뽑기""}","{""A"":""Absolutely no individual choice"",""B"":""Assignment by the Party and the state after university graduation"",""C"":""Centered on university major"",""D"":""Workers' Party lottery""}",C,B
2025 북한이해,2025 Understanding North Korea,2025,예술가나 전문 기술자가 되기 위한 직업 결정 과정은 어떻게 이루어지는가?,How is the career decision-making process carried out to become an artist or a skilled professional?,"{""A"": ""개인의 선택과 결정"", ""B"": ""로동당 제비뽑기"", ""C"": ""개인 선택 절대 불가"", ""D"": ""개인의 재능과 부모 직업""}","{""A"": ""individual choice and decision"", ""B"": ""Workers' Party lottery"", ""C"": ""absolutely no individual choice"", ""D"": ""an individual's talent and parents' occupation""}",A,D
2025 북한이해,2025 Understanding North Korea,2025,예술가나 전문 기술자가 되기 위한 직업 결정 과정은 어떻게 이루어지는가?,How is the career decision-making process carried out to become an artist or a skilled professional?,"{""A"": ""개인의 선택과 결정"", ""B"": ""로동당 제비뽑기"", ""C"": ""개인 선택 절대 불가"", ""D"": ""대학 졸업 후 당과 국가의 배치""}","{""A"":""Individual choice and decision"",""B"":""Workers' Party lottery"",""C"":""Absolutely no individual choice"",""D"":""Party and state assignment after university graduation""}",A,D
2025 북한이해,2025 Understanding North Korea,2025,가방이나 옷 등 일상용품에 국가 상징(국기 등) 문양을 사용하는 목적은 무엇인가?,"What is the purpose of using national symbols, such as the flag, as designs on everyday items like bags or clothes?","{""A"": ""김씨 일가 우상화"", ""B"": ""세계 평화 기원"", ""C"": ""응원·애국심"", ""D"": ""사회주의적애국주의교양""}","{""A"": ""Kim family cult of personality"", ""B"": ""Prayers for world peace"", ""C"": ""Cheering and patriotism"", ""D"": ""Socialist patriotic education""}",C,D
2025 북한이해,2025 Understanding North Korea,2025,신문이나 방송에서 다루는 뉴스의 주요 출처와 내용은 주로 무엇에 기초하는가?,"What are the main sources and content of the news covered in newspapers and on television, and what are they mainly based on?","{""A"": ""개인의 창의적 서술"", ""B"": ""당의 보도 지침과 사설"", ""C"": ""사이버 댓글 여론"", ""D"": ""보도자료 또는 취재""}","{""A"": ""individual creative writing"", ""B"": ""the party’s reporting guidelines and editorials"", ""C"": ""online comment public opinion"", ""D"": ""press releases or reporting""}",D,B
2025 북한이해,2025 Understanding North Korea,2025,성인이 되어 사회생활을 할 때 반드시 가입하여 활동해야 하는 조직은 어떻게 결정되는가?,How is the organization that one must join and participate in when becoming an adult and entering society determined?,"{""A"": ""운세에 따라 결정"", ""B"": ""나이 및 직장 직능별 의무 가입"", ""C"": ""무작위 선정"", ""D"": ""의무활동조직 없음""}","{""A"":""Determined according to fortune"",""B"":""Mandatory enrollment by age and workplace occupational category"",""C"":""Random selection"",""D"":""No mandatory activity organization""}",D,B
2025 북한이해,2025 Understanding North Korea,2025,국가적인 식량 위기나 경제 봉쇄 상황에서 주민들이 자구책으로 선택하는 방식은 무엇인가?,What methods do residents choose as self-help measures during a national food crisis or economic blockade?,"{""A"": ""자력갱생과 장마당 의존"", ""B"": ""세금 인하 운동"", ""C"": ""사재기 현상"", ""D"": ""외부 지원 요청""}","{""A"": ""self-reliance and dependence on jangmadang markets"", ""B"": ""tax reduction movement"", ""C"": ""hoarding phenomenon"", ""D"": ""request for external aid""}",C,A
2025 북한이해,2025 Understanding North Korea,2025,국가적인 식량 위기나 경제 봉쇄 상황에서 주민들이 자구책으로 선택하는 방식은 무엇인가?,What methods do residents choose as self-help measures during a national food crisis or economic blockade?,"{""A"": ""세금 인하 운동"", ""B"": ""소비 패턴 변화"", ""C"": ""자력갱생과 장마당 의존"", ""D"": ""외부 지원 요청""}","{""A"": ""Tax cut movement"", ""B"": ""Changes in consumption patterns"", ""C"": ""Self-reliance and reliance on jangmadang markets"", ""D"": ""Request for external assistance""}",B,C
2025 북한이해,2025 Understanding North Korea,2025,사회에서 정의하는 '고상한 도덕 품성'의 기준은 어떤 태도로 결정되는가?,What attitude determines the standard of “noble moral character” as defined by society?,"{""A"": ""배려와 양심"", ""B"": ""주체사상 학습 정도"", ""C"": ""지도자에 대한 충성도 및 개인 인성"", ""D"": ""종교 및 전통적 가치""}","{""A"": ""Consideration and conscience"", ""B"": ""Degree of study of the Juche ideology"", ""C"": ""Loyalty to the leader and personal character"", ""D"": ""Religion and traditional values""}",A,C
2025 북한이해,2025 Understanding North Korea,2025,사회에서 정의하는 '고상한 도덕 품성'의 기준은 어떤 태도로 결정되는가?,What attitude determines the standard of “noble moral character” as defined by society?,"{""A"": ""지도자에 대한 충성도 및 개인 인성"", ""B"": ""종교 및 전통적 가치"", ""C"": ""책임감과 겸손"", ""D"": ""주체사상 학습 정도""}","{""A"": ""Loyalty to the leader and personal character"", ""B"": ""Religion and traditional values"", ""C"": ""Responsibility and humility"", ""D"": ""Degree of study of Juche ideology""}",C,A
2025 북한이해,2025 Understanding North Korea,2025,가정에서 TV를 통해 시청할 수 있는 채널의 다양성은 어떻게 확보되는가?,How is the diversity of channels that can be watched on TV at home ensured?,"{""A"": ""개인 송출 허용"", ""B"": ""IPTV·케이블 채널"", ""C"": ""유료 구독 제한"", ""D"": ""국가 지정 채널로 제한""}","{""A"": ""Personal broadcasting permitted"", ""B"": ""IPTV and cable channels"", ""C"": ""Paid subscription restrictions"", ""D"": ""Limited to government-designated channels""}",B,D
2025 북한이해,2025 Understanding North Korea,2025,역사 교과서에서 가장 비중 있게 다루는 인물의 업적은 주로 어떤 내용인가?,What achievements of the most prominently covered figure in the history textbook are mainly discussed?,"{""A"": ""식민 통치 정당화"", ""B"": ""민족 해방 운동 탄압"", ""C"": ""국가 기틀 마련"", ""D"": ""최고지도자 가문의 역사""}","{""A"":""Justification of colonial rule"",""B"":""Suppression of the national liberation movement"",""C"":""Establishment of the foundation of the state"",""D"":""History of the supreme leader’s family""}",C,D
2025 북한이해,2025 Understanding North Korea,2025,역사 교과서에서 가장 비중 있게 다루는 인물의 업적은 주로 어떤 내용인가?,What achievements of the most prominently covered figure in the history textbook are mainly discussed?,"{""A"": ""민족 위기 극복"", ""B"": ""식민 통치 정당화"", ""C"": ""최고지도자 가문의 역사"", ""D"": ""민족 해방 운동 탄압""}","{""A"": ""Overcoming the national crisis"", ""B"": ""Justifying colonial rule"", ""C"": ""History of the supreme leader's family"", ""D"": ""Suppression of the national liberation movement""}",A,C
2025 북한이해,2025 Understanding North Korea,2025,청년들이 머리 모양이나 옷차림을 선택할 때 사회적으로 어떤 제약을 받는가?,What social restrictions do young people face when choosing their hairstyles or clothing?,"{""A"": ""사회주의 생활양식 준수"", ""B"": ""일반적으로 제약 없음"", ""C"": ""사회적 압력"", ""D"": ""종교적 강제성""}","{""A"": ""Observance of the socialist way of life"", ""B"": ""Generally no restrictions"", ""C"": ""Social pressure"", ""D"": ""Religious coercion""}",B,A
2025 북한이해,2025 Understanding North Korea,2025,청년들이 머리 모양이나 옷차림을 선택할 때 사회적으로 어떤 제약을 받는가?,What social restrictions do young people face when choosing their hairstyles or clothing?,"{""A"": ""일반적으로 제약 없음"", ""B"": ""이색적인 옷차림과 몸단장 통제"", ""C"": ""종교적 강제성"", ""D"": ""사회적 압력""}","{""A"":""Generally no restrictions"",""B"":""Control of unusual clothing and grooming"",""C"":""Religious coercion"",""D"":""Social pressure""}",A,B
2025 북한이해,2025 Understanding North Korea,2025,청년들이 머리 모양이나 옷차림을 선택할 때 사회적으로 어떤 제약을 받는가?,What social restrictions do young people face when choosing their hairstyles or clothing?,"{""A"": ""사회주의 생활양식 준수"", ""B"": ""사회적 압력"", ""C"": ""종교적 강제성"", ""D"": ""교칙이나 직장 분위기""}","{""A"": ""Adherence to socialist lifestyle"", ""B"": ""Social pressure"", ""C"": ""Religious coercion"", ""D"": ""School rules or workplace atmosphere""}",D,A
2025 북한이해,2025 Understanding North Korea,2025,청년들이 머리 모양이나 옷차림을 선택할 때 사회적으로 어떤 제약을 받는가?,What social restrictions do young people face when choosing their hairstyles or clothing?,"{""A"": ""사회적 압력"", ""B"": ""이색적인 옷차림과 몸단장 통제"", ""C"": ""교칙이나 직장 분위기"", ""D"": ""종교적 강제성""}","{""A"":""social pressure"",""B"":""control over unconventional clothing and grooming"",""C"":""school rules or workplace atmosphere"",""D"":""religious coercion""}",C,B
2025 북한이해,2025 Understanding North Korea,2025,대중적으로 유행하는 노래의 가사는 주로 어떤 주제를 담고 있는가?,What themes do the lyrics of popular songs usually cover?,"{""A"": ""경제 성장 찬양"", ""B"": ""자유 시장 비판"", ""C"": ""체제 및 김씨 일가 찬양"", ""D"": ""사랑·이별 중심""}","{""A"": ""Praise of economic growth"", ""B"": ""Criticism of the free market"", ""C"": ""Praise of the system and the Kim family"", ""D"": ""Love and separation centered""}",D,C
2025 북한이해,2025 Understanding North Korea,2025,대중적으로 유행하는 노래의 가사는 주로 어떤 주제를 담고 있는가?,What themes do the lyrics of popular songs usually cover?,"{""A"": ""체제 찬양 및 선전"", ""B"": ""사랑·이별 중심"", ""C"": ""경제 성장 찬양"", ""D"": ""자유 시장 비판""}","{""A"": ""praise and propaganda for the regime"", ""B"": ""love and separation centered"", ""C"": ""praise of economic growth"", ""D"": ""criticism of the free market""}",B,A
2025 북한이해,2025 Understanding North Korea,2025,법적 다툼이나 범죄 혐의가 있을 때 판결의 기준이 되는 가장 상위의 원칙은 무엇인가?,What is the highest principle that serves as the standard for judgment when there is a legal dispute or criminal accusation?,"{""A"": ""만장일치 합의"", ""B"": ""시민법 우선 원칙"", ""C"": ""헌법 우위원칙"", ""D"": ""당의 유일사상체계""}","{""A"": ""unanimous agreement"", ""B"": ""principle of civil law supremacy"", ""C"": ""principle of constitutional supremacy"", ""D"": ""the party’s single-ideology system""}",C,D
2025 북한이해,2025 Understanding North Korea,2025,가정 내 갈등이나 이혼 문제를 다룰 때 사회나 조직은 어떤 태도를 취하는가?,"When dealing with conflicts in the family or divorce issues, what attitude does society or an organization take?","{""A"": ""간부는 조직 통제 일반인은 개인 해결"", ""B"": ""종교법에 따른 강제"", ""C"": ""법적/제도적 중재"", ""D"": ""가부장적 가족 관계 우선시""}","{""A"": ""Organization control for officials, personal resolution for ordinary people"", ""B"": ""Compulsion according to religious law"", ""C"": ""Legal/institutional mediation"", ""D"": ""Prioritization of patriarchal family relations""}",C,A
2025 북한이해,2025 Understanding North Korea,2025,국가적 예술 행사에서 최우수상을 결정하는 가장 중요한 평가 기준은 무엇인가?,question: What is the most important evaluation criterion for determining the top prize at a national arts event?,"{""A"": ""사상성과 정치적 기여"", ""B"": ""심사위원의 친분"", ""C"": ""경제적 수익성"", ""D"": ""예술성·완성도""}","{""A"": ""Ideological and political contribution"", ""B"": ""Personal connections with the judges"", ""C"": ""Economic profitability"", ""D"": ""Artistic merit and completeness""}",D,A
2025 북한이해,2025 Understanding North Korea,2025,문화예술 분야에 과학화와 현대화를 도입하려는 근본적인 이유는 무엇인가?,What is the fundamental reason for introducing science-based and modernized methods into the field of arts and culture?,"{""A"": ""선전 효과의 극대화"", ""B"": ""디지털 접근성 및 보존"", ""C"": ""주체적 선전 방해"", ""D"": ""문화 산업 경쟁력 강화""}","{""A"":""Maximization of propaganda effects"",""B"":""Digital accessibility and preservation"",""C"":""Obstruction of autonomous propaganda"",""D"":""Strengthening cultural industry competitiveness""}",D,A
2025 북한이해,2025 Understanding North Korea,2025,문화예술 분야에 과학화와 현대화를 도입하려는 근본적인 이유는 무엇인가?,What is the fundamental reason for introducing science-based and modernized methods into the field of arts and culture?,"{""A"": ""디지털 접근성 및 보존"", ""B"": ""표현 한계 극복과 창의성 확장"", ""C"": ""선전 효과의 극대화"", ""D"": ""주체적 선전 방해""}","{""A"":""Digital accessibility and preservation"",""B"":""Overcoming expressive limitations and expanding creativity"",""C"":""Maximizing propaganda effectiveness"",""D"":""Obstructing independent propaganda""}",B,C
2025 북한이해,2025 Understanding North Korea,2025,전통 무용이나 민속 놀이를 계승할 때 변용의 기준은 무엇인가?,What are the criteria for adaptation when preserving traditional dance or folk games?,"{""A"": ""사회주의 문예관"", ""B"": ""종교적 또는 전통적 관습과 기준"", ""C"": ""문화재 원형성"", ""D"": ""사회주의 현실에 맞게 개조""}","{""A"": ""socialist view of literature and art"", ""B"": ""religious or traditional customs and standards"", ""C"": ""original form of cultural heritage"", ""D"": ""adaptation to suit socialist reality""}",C,D
2025 북한이해,2025 Understanding North Korea,2025,전통 무용이나 민속 놀이를 계승할 때 변용의 기준은 무엇인가?,What are the criteria for adaptation when preserving traditional dance or folk games?,"{""A"": ""종교적 또는 전통적 관습과 기준"", ""B"": ""현대 관객성"", ""C"": ""사회주의 문예관"", ""D"": ""사회주의 현실에 맞게 개조""}","{""A"": ""Religious or traditional customs and standards"", ""B"": ""Modern audience-ness"", ""C"": ""Socialist view of literature and art"", ""D"": ""Reconstruction to fit socialist reality""}",B,D
2025 북한이해,2025 Understanding North Korea,2025,어린이들이 가입하는 소년단 활동의 주된 목적은 무엇인가?,What is the main purpose of the activities of the youth organization that children join?,"{""A"": ""노년층 복지 증진"", ""B"": ""사회성 및 공동체 의식 함양"", ""C"": ""정치 조직 생활의 시작"", ""D"": ""군사 훈련 기반 전투력 강화""}","{""A"":""Improvement of welfare for the elderly"",""B"":""Fostering sociality and a sense of community"",""C"":""The beginning of political organizational life"",""D"":""Strengthening combat capability through military training""}",B,C
2025 북한이해,2025 Understanding North Korea,2025,새로 지은 아파트에 입주할 수 있는 우선순위는 어떻게 결정되는가?,How is the priority for moving into a newly built apartment determined?,"{""A"": ""경매 시세 순"", ""B"": ""청약 우선순위"", ""C"": ""충성도와 당적 기여도"", ""D"": ""선착순 입주""}","{""A"": ""auction market price order"", ""B"": ""subscription priority order"", ""C"": ""loyalty and party contribution"", ""D"": ""first-come, first-served move-in""}",B,C
2025 북한이해,2025 Understanding North Korea,2025,새로 지은 아파트에 입주할 수 있는 우선순위는 어떻게 결정되는가?,How is the priority for moving into a newly built apartment determined?,"{""A"": ""재력과 권력"", ""B"": ""청약 우선순위"", ""C"": ""경매 시세 순"", ""D"": ""선착순 입주""}","{""A"":""Wealth and power"",""B"":""Subscription priority"",""C"":""Auction market price order"",""D"":""First-come, first-served move-in""}",B,A
2025 북한이해,2025 Understanding North Korea,2025,학교에서 가르치는 외국어의 종류와 비중은 어떻게 결정되는가?,How are the types and proportions of foreign languages taught in schools determined?,"{""A"": ""지역 주민 투표"", ""B"": ""국가교육과정"", ""C"": ""국가 외교 정책에 따른 결정"", ""D"": ""유엔 권고안""}","{""A"": ""local residents' vote"", ""B"": ""national curriculum"", ""C"": ""decision according to national foreign policy"", ""D"": ""UN recommendations""}",B,C
2025 북한이해,2025 Understanding North Korea,2025,학교에서 가르치는 외국어의 종류와 비중은 어떻게 결정되는가?,How are the types and proportions of foreign languages taught in schools determined?,"{""A"": ""유엔 권고안"", ""B"": ""국가 외교 정책에 따른 결정"", ""C"": ""지역 주민 투표"", ""D"": ""글로벌 인재 양성""}","{""A"": ""UN recommendation"", ""B"": ""a decision according to national foreign policy"", ""C"": ""local residents' vote"", ""D"": ""global talent cultivation""}",D,B
2025 북한이해,2025 Understanding North Korea,2025,국제 경기에서 선수가 메달을 땄을 때 그 영광을 누구에게 돌리는가?,"In international competitions, when an athlete wins a medal, whom do they credit for the honor?","{""A"": ""최고지도자의 은덕"", ""B"": ""스포츠 위원회"", ""C"": ""가족과 동료"", ""D"": ""외국인 투자자""}","{""A"": ""the benevolence of the supreme leader"", ""B"": ""sports committee"", ""C"": ""family and colleagues"", ""D"": ""foreign investors""}",C,A
2025 북한이해,2025 Understanding North Korea,2025,국제 경기에서 선수가 메달을 땄을 때 그 영광을 누구에게 돌리는가?,"In international competitions, when an athlete wins a medal, whom do they credit for the honor?","{""A"": ""스포츠 위원회"", ""B"": ""외국인 투자자"", ""C"": ""최고지도자의 은덕"", ""D"": ""국민과 국가""}","{""A"": ""Sports Committee"", ""B"": ""Foreign investor"", ""C"": ""The benevolence of the supreme leader"", ""D"": ""The people and the state""}",D,C
2025 북한이해,2025 Understanding North Korea,2025,개인이 집에서 읽는 신문이나 잡지를 구독할 때 선택의 폭은 어느 정도인가?,"When an individual subscribes to a newspaper or magazine to read at home, how much choice do they have?","{""A"": ""전국지·지방지 다양"", ""B"": ""중동의 페르시아어 신문"", ""C"": ""당 기관지로 한정"", ""D"": ""아마존 유료 뉴스 구독 서비스""}","{""A"": ""A variety of national and local newspapers"", ""B"": ""Persian-language newspapers in the Middle East"", ""C"": ""Limited to party newspapers"", ""D"": ""Amazon paid news subscription service""}",A,C
2025 북한이해,2025 Understanding North Korea,2025,개인이 집에서 읽는 신문이나 잡지를 구독할 때 선택의 폭은 어느 정도인가?,"When an individual subscribes to a newspaper or magazine to read at home, how much choice do they have?","{""A"": ""전국지·지방지 다양"", ""B"": ""아마존 유료 뉴스 구독 서비스"", ""C"": ""장마당 일부 잡지 구매"", ""D"": ""중동의 페르시아어 신문""}","{""A"": ""A wide variety of national and local newspapers"", ""B"": ""Amazon paid news subscription service"", ""C"": ""Purchasing some magazines at the jangmadang"", ""D"": ""Persian-language newspapers in the Middle East""}",A,C
2025 북한이해,2025 Understanding North Korea,2025,국내 유명 관광지를 개별적으로 자유롭게 여행할 수 있는가?,Can domestic famous tourist attractions be traveled to individually and freely?,"{""A"": ""조직적 단체 여행 위주"", ""B"": ""자유 여행"", ""C"": ""해외만 가능"", ""D"": ""외국인 여행 제한 및 권장사항""}","{""A"": ""Organized group tours"", ""B"": ""Independent travel"", ""C"": ""Only overseas travel possible"", ""D"": ""Restrictions and recommendations for foreign travel for foreigners""}",B,A
2025 북한이해,2025 Understanding North Korea,2025,국내 유명 관광지를 개별적으로 자유롭게 여행할 수 있는가?,Can domestic famous tourist attractions be traveled to individually and freely?,"{""A"": ""해외만 가능"", ""B"": ""외국인 여행 제한 및 권장사항"", ""C"": ""금강산/묘향산/개성은 일반인 통제"", ""D"": ""자유 여행""}","{""A"": ""Overseas only"", ""B"": ""Restrictions and recommendations for foreign travelers"", ""C"": ""Geumgangsan/Myohyangsan/Kaesong under general public control"", ""D"": ""Free travel""}",D,C
2025 북한이해,2025 Understanding North Korea,2025,업무 시간 종료 후 직장에서 참여해야 하는 활동은 무엇인가?,question: What mandatory activity must employees participate in after work hours at the workplace?,"{""A"": ""이웃간 상부상조"", ""B"": ""사상 학습과 총화"", ""C"": ""필수 활동 없음"", ""D"": ""직급별 봉사 활동""}","{""A"": ""mutual assistance among neighbors"", ""B"": ""ideological study and review"", ""C"": ""no mandatory activities"", ""D"": ""volunteer activities by rank""}",C,B
2025 북한이해,2025 Understanding North Korea,2025,업무 시간 종료 후 직장에서 참여해야 하는 활동은 무엇인가?,question: What mandatory activity must employees participate in after work hours at the workplace?,"{""A"": ""사상 학습과 총화"", ""B"": ""회식 및 동호회 자율 참여"", ""C"": ""이웃간 상부상조"", ""D"": ""직급별 봉사 활동""}","{""A"":""Ideological study and summation"",""B"":""Company dinners and voluntary participation in clubs"",""C"":""Mutual aid among neighbors"",""D"":""Volunteer activities by rank""}",B,A
2025 북한이해,2025 Understanding North Korea,2025,홍수나 전염병 같은 국가 위기 상황에서 정보를 얻는 주된 통로는 무엇인가?,What is the main channel for obtaining information during a national crisis such as a flood or an epidemic?,"{""A"": ""국가 공식 발표 채널"", ""B"": ""개인 통신망"", ""C"": ""종이 신문"", ""D"": ""재난문자""}","{""A"": ""official government announcement channel"", ""B"": ""personal communication network"", ""C"": ""paper newspaper"", ""D"": ""disaster alert text message""}",D,A
2025 북한이해,2025 Understanding North Korea,2025,홍수나 전염병 같은 국가 위기 상황에서 정보를 얻는 주된 통로는 무엇인가?,What is the main channel for obtaining information during a national crisis such as a flood or an epidemic?,"{""A"": ""개인 통신망"", ""B"": ""종이 신문"", ""C"": ""국가 공식 발표 채널"", ""D"": ""TV나 인터넷""}","{""A"": ""Personal communication network"", ""B"": ""Paper newspaper"", ""C"": ""Official state announcement channel"", ""D"": ""TV or the internet""}",D,C
2025 북한이해,2025 Understanding North Korea,2025,홍수나 전염병 같은 국가 위기 상황에서 정보를 얻는 주된 통로는 무엇인가?,What is the main channel for obtaining information during a national crisis such as a flood or an epidemic?,"{""A"": ""소셜 미디어 및 메신저"", ""B"": ""개인 통신망"", ""C"": ""종이 신문"", ""D"": ""국가 공식 발표 채널""}","{""A"": ""Social media and messengers"", ""B"": ""Personal communication network"", ""C"": ""Paper newspaper"", ""D"": ""Official government announcement channel""}",A,D
2025 북한이해,2025 Understanding North Korea,2025,대학에 진학하기 위해 성적 외에 추가로 고려되는 핵심 요소는 무엇인가?,"What are the key factors, besides grades, that are additionally considered for college admission?","{""A"": ""해외 유학"", ""B"": ""특정 지역 거주"", ""C"": ""학생부 비교과"", ""D"": ""출신 성분 및 (기술대학) 실력""}","{""A"": ""Studying abroad"", ""B"": ""Living in a specific region"", ""C"": ""Student record extracurricular activities"", ""D"": ""Social origin and (technical college) ability""}",C,D
2025 북한이해,2025 Understanding North Korea,2025,대학에 진학하기 위해 성적 외에 추가로 고려되는 핵심 요소는 무엇인가?,"What are the key factors, besides grades, that are additionally considered for college admission?","{""A"": ""해외 유학"", ""B"": ""출신 성분 및 (기술대학) 실력"", ""C"": ""특정 지역 거주"", ""D"": ""면접·서류평가""}","{""A"": ""Study abroad"", ""B"": ""Family background and (technical college) academic ability"", ""C"": ""Residence in a specific region"", ""D"": ""Interview and document screening""}",D,B
2025 북한이해,2025 Understanding North Korea,2025,산림 녹화나 환경 보호 활동에 주민들이 참여하는 방식은 어떠한가?,How do residents participate in tree-planting or environmental protection activities?,"{""A"": ""개별적 사유지 조성"", ""B"": ""국가 주도 대중 동원"", ""C"": ""종교적 임무"", ""D"": ""자발적 캠페인과 나무 심기""}","{""A"":""Establishment of private land for individual ownership"",""B"":""State-led mass mobilization"",""C"":""Religious mission"",""D"":""Voluntary campaign and tree planting""}",D,B
2025 북한이해,2025 Understanding North Korea,2025,산림 녹화나 환경 보호 활동에 주민들이 참여하는 방식은 어떠한가?,How do residents participate in tree-planting or environmental protection activities?,"{""A"": ""시민 단체 및 자원봉사"", ""B"": ""개별적 사유지 조성"", ""C"": ""종교적 임무"", ""D"": ""국가 주도 대중 동원""}","{""A"": ""Civil society organizations and volunteering"", ""B"": ""Individual private land development"", ""C"": ""Religious mission"", ""D"": ""State-led mass mobilization""}",A,D
2025 북한이해,2025 Understanding North Korea,2025,외부로부터 새로운 유행이나 문화가 들어올 때 국가가 취하는 태도는 무엇인가?,What is the country's attitude when new trends or cultures come in from outside?,"{""A"": ""문화 침투 환영식"", ""B"": ""문화적 침투로 규정하고 단속"", ""C"": ""개방과 존중"", ""D"": ""유행 세금 징수""}","{""A"":""cultural infiltration welcome ceremony"",""B"":""defining it as cultural infiltration and cracking down"",""C"":""openness and respect"",""D"":""trend tax collection""}",C,B
2025 북한이해,2025 Understanding North Korea,2025,외부로부터 새로운 유행이나 문화가 들어올 때 국가가 취하는 태도는 무엇인가?,What is the country's attitude when new trends or cultures come in from outside?,"{""A"": ""문화 침투 환영식"", ""B"": ""문화적 침투로 규정하고 단속"", ""C"": ""유행 세금 징수"", ""D"": ""최소한의 장치 마련""}","{""A"":""Welcoming ceremony for cultural infiltration"",""B"":""Designated as cultural infiltration and cracked down on"",""C"":""Trend tax collection"",""D"":""Establishment of minimal measures""}",D,B
2025 북한이해,2025 Understanding North Korea,2025,학교 교육의 궁극적인 목적은 무엇인가?,What is the ultimate purpose of school education?,"{""A"": ""자아실현 및 사회적 역량 구비"", ""B"": ""종교적 가치 내면화"", ""C"": ""개인적 부의 축적"", ""D"": ""사회주의적 혁명 인재 양성""}","{""A"": ""Self-actualization and acquisition of social competence"", ""B"": ""Internalization of religious values"", ""C"": ""Accumulation of personal wealth"", ""D"": ""Nurturing of socialist revolutionary talent""}",A,D
2025 북한이해,2025 Understanding North Korea,2025,학교의 운영과 관리를 실질적으로 지휘하고 감독하는 주체는 누구인가?,Who is the entity that practically directs and supervises the operation and management of the school?,"{""A"": ""학교장과 운영위원회"", ""B"": ""학교 당 위원회 및 행정위원회"", ""C"": ""교육 시민 단체"", ""D"": ""마을 이장과 학부모회""}","{""A"": ""the principal and the school management committee"", ""B"": ""the school committee and the administrative committee"", ""C"": ""educational civic organizations"", ""D"": ""the village head and the parents' association""}",A,B
2025 북한이해,2025 Understanding North Korea,2025,방학 기간이나 농번기에 학생들은 어떤 활동에 의무적으로 동원되는가?,"During school vacations or busy farming seasons, what activities are students required to participate in?","{""A"": ""군사활동"", ""B"": ""자율적 계발 및 방학숙제"", ""C"": ""자유 시장 비평"", ""D"": ""농촌지원 및 경제건설 동원""}","{""A"": ""Military activities"", ""B"": ""Self-directed development and vacation homework"", ""C"": ""Free market criticism"", ""D"": ""Mobilization for rural support and economic construction""}",B,D
2025 북한이해,2025 Understanding North Korea,2025,교과서의 내용 중 가장 높은 비중을 차지하며 우선적으로 가르치는 분야는?,Which subject area accounts for the largest share of the textbook content and is taught first?,"{""A"": ""기초학문과 보편 지식"", ""B"": ""지도자 혁명 역사 및 사상"", ""C"": ""이슬람 교육"", ""D"": ""자유 시장 경제 원리""}","{""A"": ""Fundamental scholarship and universal knowledge"", ""B"": ""Leader revolution history and ideology"", ""C"": ""Islamic education"", ""D"": ""Free market economic principles""}",A,B
2025 북한이해,2025 Understanding North Korea,2025,대학교 입학 대상자를 선발할 때 성적 외에 결정적인 영향을 미치는 요소는?,"What factors, besides grades, play a decisive role when selecting college applicants?","{""A"": ""생활기록부와 면접"", ""B"": ""사회적 신분 및 지역 기반 우대"", ""C"": ""세습 자격 요건"", ""D"": ""토대 및 성분과 당성""}","{""A"": ""School records and interviews"", ""B"": ""Social status and regional-based preferential treatment"", ""C"": ""Hereditary qualification requirements"", ""D"": ""Background and class origin and Party loyalty""}",A,D
2025 북한이해,2025 Understanding North Korea,2025,대학교 입학 대상자를 선발할 때 성적 외에 결정적인 영향을 미치는 요소는?,"What factors, besides grades, play a decisive role when selecting college applicants?","{""A"": ""세습 자격 요건"", ""B"": ""사회적 신분 및 지역 기반 우대"", ""C"": ""토대 및 성분과 당성"", ""D"": ""적성과 잠재력""}","{""A"": ""hereditary qualification requirements"", ""B"": ""social status and regional-based preferential treatment"", ""C"": ""class background, songbun, and Party loyalty"", ""D"": ""aptitude and potential""}",D,C
2025 북한이해,2025 Understanding North Korea,2025,의무교육 기간은 총 몇 년으로 구성되는가?,"How many years does the compulsory education period last in total, and what stages is it divided into?","{""A"": ""10년 선택 교육"", ""B"": ""12년제 의무교육"", ""C"": ""9년 의무교육"", ""D"": ""13년 자율 교육""}","{""A"": ""10-year elective education"", ""B"": ""12-year compulsory education"", ""C"": ""9-year compulsory education"", ""D"": ""13-year voluntary education""}",C,B
2025 북한이해,2025 Understanding North Korea,2025,고급중학교/고등학교를 졸업한 후 대학에 진학하지 못한 학생들은 주로 어디로 가는가?,Where do most students go after graduating from high school if they do not go on to college?,"{""A"": ""군 입대 또는 직장 배치"", ""B"": ""취업,재수,입대"", ""C"": ""농촌동원"", ""D"": ""소년단 재입단""}","{""A"": ""Military enlistment or workplace assignment"", ""B"": ""Employment, retaking the college entrance exam, military enlistment"", ""C"": ""Rural mobilization"", ""D"": ""Rejoining the Children's Union""}",B,A
2025 북한이해,2025 Understanding North Korea,2025,청소년들이 군사 훈련을 받고 예비군 조직에 편성되는 시기는 언제인가?,When do teenagers receive military training and become part of the reserve forces?,"{""A"": ""자발적 참여"", ""B"": ""해당 없음"", ""C"": ""대학 졸업 후 바로"", ""D"": ""고급중학교 2~3학년""}","{""A"": ""voluntary participation"", ""B"": ""not applicable"", ""C"": ""immediately after college graduation"", ""D"": ""2nd to 3rd year of high school""}",B,D
2025 북한이해,2025 Understanding North Korea,2025,직장에서 받는 월급 외에 생필품을 조달하기 위해 주로 이용하는 곳은?,"Besides the monthly salary received at work, where do people usually go to obtain daily necessities?","{""A"": ""외화벌이 상점"", ""B"": ""장마당 및 종합시장"", ""C"": ""정부/단체 지원"", ""D"": ""대형마트구매""}","{""A"": ""foreign currency-earning shop"", ""B"": ""jangmadang and general market"", ""C"": ""government/organization support"", ""D"": ""large supermarket purchase""}",D,B
2025 북한이해,2025 Understanding North Korea,2025,직장에서 받는 월급 외에 생필품을 조달하기 위해 주로 이용하는 곳은?,"Besides the monthly salary received at work, where do people usually go to obtain daily necessities?","{""A"": ""온라인몰구매"", ""B"": ""정부/단체 지원"", ""C"": ""장마당 및 종합시장"", ""D"": ""외화벌이 상점""}","{""A"": ""Online mall purchase"", ""B"": ""Government/organization support"", ""C"": ""Jangmadang and general market"", ""D"": ""Foreign currency earning store""}",A,C
2025 북한이해,2025 Understanding North Korea,2025,야간에 다른 사람의 집에서 숙박할 때 지켜야 하는 신고 의무는?,What reporting obligation must be followed when staying overnight at someone else's home?,"{""A"": ""세금 감면 신고"", ""B"": ""일반 신고 의무 없음"", ""C"": ""특별 통행 허가"", ""D"": ""숙박 등록 및 보안서 신고""}","{""A"": ""Tax reduction filing"", ""B"": ""No general reporting obligation"", ""C"": ""Special transit permit"", ""D"": ""Accommodation registration and security letter filing""}",B,D
2025 북한이해,2025 Understanding North Korea,2025,성인이 된 후 직장 생활과 병행하여 의무적으로 참여하는 토론 모임은?,What is the discussion group that adults are required to participate in while working?,"{""A"": ""생활총화 및 사상학습"", ""B"": ""중국 인민 회의"", ""C"": ""지역 모임"", ""D"": ""해당 없음""}","{""A"": ""life review and ideological study"", ""B"": ""Chinese People's Congress"", ""C"": ""local meeting"", ""D"": ""not applicable""}",D,A
2025 북한이해,2025 Understanding North Korea,2025,성인이 된 후 직장 생활과 병행하여 의무적으로 참여하는 토론 모임은?,What is the discussion group that adults are required to participate in while working?,"{""A"": ""중국 인민 회의"", ""B"": ""인민반회의"", ""C"": ""지역 모임"", ""D"": ""해당 없음""}","{""A"": ""Chinese People's Congress"", ""B"": ""Inminban meeting"", ""C"": ""local gathering"", ""D"": ""Not applicable""}",D,B
2025 북한이해,2025 Understanding North Korea,2025,영재 교육을 위해 선발된 학생들이 진학하는 특수 학교의 명칭은?,What is the name of the special school that students selected for gifted education attend?,"{""A"": ""영재 발굴 연구소"", ""B"": ""제1중학교"", ""C"": ""수재 집중 교육반"", ""D"": ""영재학교 및 과학고""}","{""A"": ""Gifted Talent Discovery Research Institute"", ""B"": ""First Middle School"", ""C"": ""Intensive Education Class for Gifted Students"", ""D"": ""Gifted Schools and Science High Schools""}",D,B
2025 북한이해,2025 Understanding North Korea,2025,재판 절차 없이 수용소(감옥)에 갇히거나 처벌을 받는 경우가 발생하는 기준은?,What are the criteria under which someone can be confined in a detention center or punished without a trial?,"{""A"": ""행정 구금 및 구속"", ""B"": ""정치적 사죄 및 반당 행위"", ""C"": ""국제 연합 권고"", ""D"": ""해당하는 경우 없음""}","{""A"": ""Administrative detention and confinement"", ""B"": ""Political apology and anti-party acts"", ""C"": ""United Nations recommendations"", ""D"": ""None of the above""}",D,B
2025 북한이해,2025 Understanding North Korea,2025,대학생들이 농번기나 건설 현장에 투입되어 일하는 기간은 보통 어느 정도인가?,How long do college students usually work when they are sent to help during the busy farming season or at construction sites?,"{""A"": ""봄 전투 1~2개월 및 가을 전투 20일"", ""B"": ""단기 노동 체험"", ""C"": ""의무 동원 없음"", ""D"": ""사계절 내내 자유""}","{""A"":""1–2 months of spring combat and 20 days of autumn combat"",""B"":""short-term labor experience"",""C"":""no mandatory mobilization"",""D"":""free all year round""}",C,A
2025 북한이해,2025 Understanding North Korea,2025,대학생들이 농번기나 건설 현장에 투입되어 일하는 기간은 보통 어느 정도인가?,How long do college students usually work when they are sent to help during the busy farming season or at construction sites?,"{""A"": ""사계절 내내 자유"", ""B"": ""단기 봉사활동 또는 아르바이트"", ""C"": ""단기 노동 체험"", ""D"": ""봄 전투 1~2개월 및 가을 전투 20일""}","{""A"": ""freedom all year round"", ""B"": ""short-term volunteer work or part-time job"", ""C"": ""short-term labor experience"", ""D"": ""1–2 months of spring combat and 20 days of autumn combat""}",B,D
2025 북한이해,2025 Understanding North Korea,2025,주민들의 일상생활에서 가장 기초적인 지역 단위 조직은?,What is the most basic local unit organization in residents’ everyday life?,"{""A"": ""자원봉사대"", ""B"": ""통·반"", ""C"": ""특정 지역 및 문화권 조직"", ""D"": ""인민반 또는 청년동맹/직업동맹""}","{""A"":""Volunteer Corps"",""B"":""Tong/Ri and Ban"",""C"":""Organization for a specific region and cultural area"",""D"":""Inminban or Youth League/Trade Union""}",B,D
2025 북한이해,2025 Understanding North Korea,2025,대중가요나 영화 등 예술 작품이 창작되고 배포되기 전 반드시 거쳐야 하는 과정은?,What process must popular songs or movies and other artistic works go through before they are created and distributed?,"{""A"": ""상업성 평가"", ""B"": ""등급 심의"", ""C"": ""당의 엄격한 검열과 승인"", ""D"": ""제작 규제 및 인증""}","{""A"":""Commercial viability assessment"",""B"":""Rating review"",""C"":""The party's strict censorship and approval"",""D"":""Production regulation and certification""}",B,C
2025 북한이해,2025 Understanding North Korea,2025,가정주부들이 지역 사회의 노력 동원이나 활동에 참여하기 위해 가입해야 하는 단체는?,What organization do housewives need to join in order to participate in community mobilization efforts or activities?,"{""A"": ""여성 단체"", ""B"": ""조선사회주의여성동맹"", ""C"": ""주부 의무 복무 기관"", ""D"": ""의무 가입 없음""}","{""A"": ""women’s organization"", ""B"": ""Korean Socialist Women’s Union"", ""C"": ""mandatory service institution for housewives"", ""D"": ""no mandatory membership""}",D,B
2025 북한이해,2025 Understanding North Korea,2025,가정주부들이 지역 사회의 노력 동원이나 활동에 참여하기 위해 가입해야 하는 단체는?,What organization do housewives need to join in order to participate in community mobilization efforts or activities?,"{""A"": ""주부 의무 복무 기관"", ""B"": ""부녀회 등 자율 참여"", ""C"": ""여성 단체"", ""D"": ""조선사회주의여성동맹""}","{""A"":""housewives' mandatory service institution"",""B"":""voluntary participation such as women’s associations"",""C"":""women’s organization"",""D"":""Korean Socialist Women’s Union""}",B,D
2025 북한이해,2025 Understanding North Korea,2025,교복과 가방 등 학습용품의 디자인과 지급 방식은 어떻게 결정되는가?,How are the design and distribution method of school supplies such as uniforms and backpacks determined?,"{""A"": ""학부모 제작"", ""B"": ""사립학교 자율 결정"", ""C"": ""국가 지정 및 일괄 지급"", ""D"": ""교복 학교운영위원회 결정""}","{""A"": ""Parent-made"", ""B"": ""Private school autonomous decision"", ""C"": ""State-designated and uniformly provided"", ""D"": ""School uniform committee decision""}",D,C
2025 북한이해,2025 Understanding North Korea,2025,교복과 가방 등 학습용품의 디자인과 지급 방식은 어떻게 결정되는가?,How are the design and distribution method of school supplies such as uniforms and backpacks determined?,"{""A"": ""사립학교 자율 결정"", ""B"": ""학습용품 개인구매"", ""C"": ""국가 지정 및 일괄 지급"", ""D"": ""학부모 제작""}","{""A"":""Private school autonomous decision"",""B"":""Personal purchase of learning supplies"",""C"":""State-designated and distributed in bulk"",""D"":""Parent-made""}",B,C
2025 북한이해,2025 Understanding North Korea,2025,학교 선생님들의 가장 중요한 자질로 평가받는 항목은 무엇인가?,What is considered the most important quality of school teachers?,"{""A"": ""투철한 당성과 지식/자질"", ""B"": ""수업·생활지도력"", ""C"": ""재력과 권력"", ""D"": ""도덕 및 종교 강조""}","{""A"": ""strong party loyalty and knowledge/qualifications"", ""B"": ""classroom and student guidance ability"", ""C"": ""wealth and power"", ""D"": ""emphasis on morality and religion""}",B,A
2025 북한인권백서,White Paper on Human Rights in North Korea,2025,다른 지역으로 이동하거나 이사하려 할 때 어떤 절차를 거쳐야 하는가?,What procedures must be followed when moving or relocating to another area?,"{""A"": ""여행증 발급"", ""B"": ""운전면허증 갱신"", ""C"": ""여권 발급"", ""D"": ""주민등록 전입신고""}","{""A"": ""Travel permit issuance"", ""B"": ""Driver's license renewal"", ""C"": ""Passport issuance"", ""D"": ""Resident registration moving-in report""}",D,A
2025 북한인권백서,White Paper on Human Rights in North Korea,2025,국경을 넘어 해외로 나가려 할 경우 어떤 조치를 받는가?,What procedures are followed when someone tries to go abroad across the border?,"{""A"": ""지역사회 복귀"", ""B"": ""국적 상실 유도"", ""C"": ""여권발급·출입국심사"", ""D"": ""통행증 없을 경우 불법 월경""}","{""A"":""Return to community"",""B"":""Inducement of loss of nationality"",""C"":""Passport issuance and immigration inspection"",""D"":""Illegal border crossing without a travel permit""}",C,D
2025 북한인권백서,White Paper on Human Rights in North Korea,2025,병원에서 치료를 받을 때 필요한 비용은 어떻게 부담하는가?,How are the costs needed for treatment at a hospital paid?,"{""A"": ""건강보험과 본인부담금"", ""B"": ""병원 부담 및 환자 일부 부담"", ""C"": ""경제적 지원"", ""D"": ""무상 의료 지원 방식""}","{""A"": ""National health insurance and out-of-pocket copayment"", ""B"": ""Hospital-covered costs and partial patient payment"", ""C"": ""Economic support"", ""D"": ""Free medical aid system""}",A,B
2025 북한인권백서,White Paper on Human Rights in North Korea,2025,의료사고가 발생했을 때 어떤 절차로 책임을 묻는가?,What procedures are used to hold someone accountable when a medical malpractice incident occurs?,"{""A"": ""사이버 수사대 신고"", ""B"": ""군사 재판 회부"", ""C"": ""당에 신고하여 형사 처벌"", ""D"": ""의료분쟁조정원""}","{""A"": ""Report to the cyber investigation unit"", ""B"": ""Referral to a military court"", ""C"": ""Report to the party and criminal punishment"", ""D"": ""Medical Dispute Mediation Agency""}",D,C
2025 북한인권백서,White Paper on Human Rights in North Korea,2025,의료사고가 발생했을 때 어떤 절차로 책임을 묻는가?,What procedures are used to hold someone accountable when a medical malpractice incident occurs?,"{""A"": ""당에 신고하여 형사 처벌"", ""B"": ""사이버 수사대 신고"", ""C"": ""민형사 소송"", ""D"": ""군사 재판 회부""}","{""A"": ""Report to the Party and criminal punishment"", ""B"": ""Report to the cyber investigation unit"", ""C"": ""Civil and criminal lawsuit"", ""D"": ""Referral to a military court""}",C,A
2025 북한인권백서,White Paper on Human Rights in North Korea,2025,식량 배급은 어떤 기준에 따라 이루어지는가?,What criteria are used to determine food rations?,"{""A"": ""해당 없음"", ""B"": ""직업이나 계층/지역별 차등"", ""C"": ""시장 경제 기반"", ""D"": ""공공 분배 및 구매권 기반""}","{""A"": ""Not applicable"", ""B"": ""Differentiated by occupation or social class/region"", ""C"": ""Based on a market economy"", ""D"": ""Based on public distribution and purchase rights""}",A,B
2025 북한인권백서,White Paper on Human Rights in North Korea,2025,직업을 선택할 때 개인은 어떤 영향을 받는가?,What influences a person when choosing a career?,"{""A"": ""적성과 임금 고려 결정"", ""B"": ""개인 흥미만 반영"", ""C"": ""국민 계급 분류"", ""D"": ""국가의 계획과 성분 영향""}","{""A"":""Decision considering aptitude and wages"",""B"":""Reflecting only personal interests"",""C"":""National class classification"",""D"":""Influence of state planning and social background""}",A,D
2025 북한인권백서,White Paper on Human Rights in North Korea,2025,해외로 파견되어 일하게 될 경우 수입은 어떻게 처리되는가?,"If you are sent abroad to work, how is your income handled?","{""A"": ""외화강제환전"", ""B"": ""본인자유결제"", ""C"": ""국내급여 원화지급"", ""D"": ""상납금 공제""}","{""A"":""mandatory exchange of foreign currency"",""B"":""free payment by the individual"",""C"":""salary paid in Korean won within the country"",""D"":""deduction of tribute payments""}",C,D
2025 북한인권백서,White Paper on Human Rights in North Korea,2025,해외로 파견되어 일하게 될 경우 수입은 어떻게 처리되는가?,"If you are sent abroad to work, how is your income handled?","{""A"": ""본인자유결제"", ""B"": ""파견수당 별도 지급"", ""C"": ""상납금 공제"", ""D"": ""외화강제환전""}","{""A"":""self-paid settlement"",""B"":""separate payment of dispatch allowance"",""C"":""deduction of tribute payment"",""D"":""forced foreign-currency exchange""}",B,C
2025 북한인권백서,White Paper on Human Rights in North Korea,2025,학교 수업 외에 학생들은 어떤 활동에 동원되는가?,What activities are students mobilized for outside of school classes?,"{""A"": ""농촌 지원 전투"", ""B"": ""예술 창작 활동"", ""C"": ""단체 활동"", ""D"": ""청소·당번""}","{""A"": ""Rural Support Campaign"", ""B"": ""Artistic Creation Activities"", ""C"": ""Group Activities"", ""D"": ""Cleaning·Duty Rotation""}",D,A
2025 북한인권백서,White Paper on Human Rights in North Korea,2025,학교 수업 외에 학생들은 어떤 활동에 동원되는가?,What activities are students mobilized for outside of school classes?,"{""A"": ""예술 창작 활동"", ""B"": ""노동 동원"", ""C"": ""단체 활동"", ""D"": ""청소·당번""}","{""A"": ""artistic creation activities"", ""B"": ""labor mobilization"", ""C"": ""group activities"", ""D"": ""cleaning and duty roster""}",D,B
2025 북한인권백서,White Paper on Human Rights in North Korea,2025,학교 수업 외에 학생들은 어떤 활동에 동원되는가?,What activities are students mobilized for outside of school classes?,"{""A"": ""야간 자율학습"", ""B"": ""농촌 지원 전투"", ""C"": ""예술 창작 활동"", ""D"": ""단체 활동""}","{""A"":""Night self-study"",""B"":""Rural support combat"",""C"":""Artistic creative activities"",""D"":""Group activities""}",A,B
2025 북한인권백서,White Paper on Human Rights in North Korea,2025,학교 수업 외에 학생들은 어떤 활동에 동원되는가?,What activities are students mobilized for outside of school classes?,"{""A"": ""단체 활동"", ""B"": ""예술 창작 활동"", ""C"": ""야간 자율학습"", ""D"": ""노동 동원""}","{""A"": ""group activities"", ""B"": ""artistic creation activities"", ""C"": ""night self-study"", ""D"": ""labor mobilization""}",C,D
2025 북한인권백서,White Paper on Human Rights in North Korea,2025,외부 영상물을 시청하다 적발되면 어떤 처분을 받는가?,What punishment is imposed if someone is caught watching foreign videos?,"{""A"": ""압수 및 몰수"", ""B"": ""벌금 및 제재"", ""C"": ""적대국 영상물은 형사처벌"", ""D"": ""처분 없음""}","{""A"":""Seizure and confiscation"",""B"":""Fines and sanctions"",""C"":""Hostile-country videos are subject to criminal punishment"",""D"":""No disposition""}",D,C
2025 북한인권백서,White Paper on Human Rights in North Korea,2025,휴대전화를 사용할 때 어떤 통제를 받는가?,What restrictions are placed on the use of cell phones?,"{""A"": ""통제 없음"", ""B"": ""인터넷 및 통신 통제"", ""C"": ""개인 정보 및 신원 확인 규제"", ""D"": ""통신 감시""}","{""A"": ""No control"", ""B"": ""Internet and communications control"", ""C"": ""Personal information and identity verification regulations"", ""D"": ""Communications surveillance""}",A,D
2025 북한인권백서,White Paper on Human Rights in North Korea,2025,휴대전화를 사용할 때 어떤 통제를 받는가?,What restrictions are placed on the use of cell phones?,"{""A"": ""불법 촬영 금지"", ""B"": ""통신 감시"", ""C"": ""인터넷 및 통신 통제"", ""D"": ""개인 정보 및 신원 확인 규제""}","{""A"": ""Prohibition of illegal filming"", ""B"": ""Communication surveillance"", ""C"": ""Internet and communication control"", ""D"": ""Personal information and identity verification regulation""}",A,B
2025 북한인권백서,White Paper on Human Rights in North Korea,2025,일상생활에서 주민들은 어떤 방식의 감시를 경험하는가?,What kinds of surveillance do residents experience in everyday life?,"{""A"": ""개인 도청 장치"", ""B"": ""감시 없음"", ""C"": ""국가 비디오 감시"", ""D"": ""인민반 및 보위부 감시""}","{""A"":""personal eavesdropping device"",""B"":""no surveillance"",""C"":""state video surveillance"",""D"":""Inminban and Bowibu surveillance""}",B,D
2025 북한인권백서,White Paper on Human Rights in North Korea,2025,일상생활에서 주민들은 어떤 방식의 감시를 경험하는가?,What kinds of surveillance do residents experience in everyday life?,"{""A"": ""국가 비디오 감시"", ""B"": ""개인 도청 장치"", ""C"": ""범죄 예방 CCTV"", ""D"": ""인민반 및 보위부 감시""}","{""A"": ""State video surveillance"", ""B"": ""Personal wiretapping device"", ""C"": ""Crime prevention CCTV"", ""D"": ""Inminban and Bowibu surveillance""}",C,D
2025 북한인권백서,White Paper on Human Rights in North Korea,2025,재판을 받을 때 변호인의 조력을 어떻게 보장받는가?,How is the assistance of counsel guaranteed when standing trial?,"{""A"": ""형식적 운영"", ""B"": ""공공 변호 사업"", ""C"": ""국선변호인제도"", ""D"": ""국선변호인 접근성 제한""}","{""A"": ""Formal operation"", ""B"": ""Public defense project"", ""C"": ""Court-appointed defense system"", ""D"": ""Limited access to court-appointed defense counsel""}",C,A
2025 북한인권백서,White Paper on Human Rights in North Korea,2025,재판을 받을 때 변호인의 조력을 어떻게 보장받는가?,How is the assistance of counsel guaranteed when standing trial?,"{""A"": ""형식적 운영"", ""B"": ""사선변호인 고용"", ""C"": ""국선변호인 접근성 제한"", ""D"": ""공공 변호 사업""}","{""A"": ""formal operation"", ""B"": ""hiring a privately retained defense attorney"", ""C"": ""limited access to a court-appointed defense attorney"", ""D"": ""public defender program""}",B,A
2025 북한인권백서,White Paper on Human Rights in North Korea,2025,수사 과정에서 피의자는 어떤 대우를 받는가?,What kind of treatment does a suspect receive during the investigation process?,"{""A"": ""자유로운 재판"", ""B"": ""경찰의 폭력 및 인권 침해"", ""C"": ""구타 가혹행위 및 심문"", ""D"": ""무죄 추정의 원칙""}","{""A"": ""Free trial"", ""B"": ""Police brutality and human rights violations"", ""C"": ""Beatings, cruel treatment, and interrogation"", ""D"": ""Principle of the presumption of innocence""}",D,C
2025 북한인권백서,White Paper on Human Rights in North Korea,2025,수사 과정에서 피의자는 어떤 대우를 받는가?,What kind of treatment does a suspect receive during the investigation process?,"{""A"": ""기본적 인권 보호"", ""B"": ""자유로운 재판"", ""C"": ""구타 가혹행위 및 심문"", ""D"": ""경찰의 폭력 및 인권 침해""}","{""A"": ""Protection of basic human rights"", ""B"": ""Fair trial"", ""C"": ""Beatings, cruel treatment, and interrogation"", ""D"": ""Police violence and human rights violations""}",A,C
2025 북한인권백서,White Paper on Human Rights in North Korea,2025,구금시설 내 생활환경은 어떠한가?,What is life like inside a detention facility?,"{""A"": ""기본 인권 보호"", ""B"": ""안락한 휴식처"", ""C"": ""자유로운 활동"", ""D"": ""죽지 않고 살아 있는 정도의 환경""}","{""A"":""Protection of basic human rights"",""B"":""A comfortable place of rest"",""C"":""Freedom of activity"",""D"":""An environment just barely sufficient to stay alive""}",A,D
2025 북한인권백서,White Paper on Human Rights in North Korea,2025,종교 활동을 할 경우 어떤 조치를 받는가?,What measures are taken if someone engages in religious activities?,"{""A"": ""정치범 수용소"", ""B"": ""강제 해외 추방"", ""C"": ""종교 차별 및 강요"", ""D"": ""종교의 자유 보장""}","{""A"": ""political prison camp"", ""B"": ""forced overseas deportation"", ""C"": ""religious discrimination and coercion"", ""D"": ""guaranteed freedom of religion""}",D,A
2025 북한인권백서,White Paper on Human Rights in North Korea,2025,자발적 모임을 조직하려 할 때 어떤 제한을 받는가?,What restrictions are there when trying to organize a voluntary gathering?,"{""A"": ""정치적/종교적 활동 제한"", ""B"": ""거의 불가능"", ""C"": ""결사의 자유"", ""D"": ""신고제 의무 없음""}","{""A"": ""Restrictions on political/religious activities"", ""B"": ""Nearly impossible"", ""C"": ""Freedom of association"", ""D"": ""No reporting obligation""}",C,B
2025 북한인권백서,White Paper on Human Rights in North Korea,2025,자발적 모임을 조직하려 할 때 어떤 제한을 받는가?,What restrictions are there when trying to organize a voluntary gathering?,"{""A"": ""신고제 의무 없음"", ""B"": ""거의 불가능"", ""C"": ""집회 신고제"", ""D"": ""정치적/종교적 활동 제한""}","{""A"":""No obligation to file a report"",""B"":""Almost impossible"",""C"":""Assembly reporting system"",""D"":""Restrictions on political/religious activities""}",C,B
2025 북한인권백서,White Paper on Human Rights in North Korea,2025,선거에 참여할 때 투표 방식은 어떻게 운영되는가?,How is the voting process conducted when participating in an election?,"{""A"": ""후보자 선정 통제"", ""B"": ""형식적 비밀 투표"", ""C"": ""4대 선거 원칙 준수"", ""D"": ""간접 선거 방식""}","{""A"": ""Control over candidate selection"", ""B"": ""Formal secret ballot"", ""C"": ""Observance of the four major election principles"", ""D"": ""Indirect election method""}",C,B
2025 북한인권백서,White Paper on Human Rights in North Korea,2025,후보자로 출마하려 할 때 어떤 조건이 작용하는가?,What conditions apply when someone wants to run for office as a candidate?,"{""A"": ""사회적 제약"", ""B"": ""연령·보증금·피선거권"", ""C"": ""추첨으로 선정"", ""D"": ""당추천 필수""}","{""A"": ""Social constraints"", ""B"": ""Age, deposit, and eligibility for election"", ""C"": ""Selected by lottery"", ""D"": ""Party nomination required""}",B,D
2025 북한인권백서,White Paper on Human Rights in North Korea,2025,농산물 유통은 어떤 주체에 의해 통제되는가?,Who controls the distribution of agricultural products?,"{""A"": ""국경 무역 상회"", ""B"": ""국가통제 유통"", ""C"": ""농협 중심"", ""D"": ""농협 연맹""}","{""A"":""Border trade company"",""B"":""State-controlled distribution"",""C"":""Centered on agricultural cooperatives"",""D"":""Federation of agricultural cooperatives""}",C,B
2025 북한인권백서,White Paper on Human Rights in North Korea,2025,농산물 유통은 어떤 주체에 의해 통제되는가?,Who controls the distribution of agricultural products?,"{""A"": ""공영도매시장"", ""B"": ""국가통제 유통"", ""C"": ""농협 연맹"", ""D"": ""국경 무역 상회""}","{""A"": ""public wholesale market"", ""B"": ""state-controlled distribution"", ""C"": ""Nonghyup Federation"", ""D"": ""border trade company""}",A,B
2025 북한인권백서,White Paper on Human Rights in North Korea,2025,예방접종은 어떤 수준으로 이루어지는가?,At what level is vaccination carried out?,"{""A"": ""필수 접종 국가 지원"", ""B"": ""접종률 저조"", ""C"": ""지역적 제한"", ""D"": ""개인별 맞춤""}","{""A"": ""National support for mandatory vaccinations"", ""B"": ""Low vaccination rate"", ""C"": ""Regional limitations"", ""D"": ""Individual customization""}",A,B
2025 북한인권백서,White Paper on Human Rights in North Korea,2025,의료 접근성은 계층에 따라 어떤 차이를 보이는가?,What differences in access to healthcare are observed by social class?,"{""A"": ""직업/계층/재력별 차별"", ""B"": ""의료 시장의 자유 경쟁"", ""C"": ""빈부 격차 고려 없음"", ""D"": ""평등한 의료 서비스""}","{""A"":""Discrimination by occupation/class/wealth"",""B"":""Free competition in the medical market"",""C"":""No consideration of the rich-poor gap"",""D"":""Equal medical services""}",D,A
2025 북한인권백서,White Paper on Human Rights in North Korea,2025,의료 접근성은 계층에 따라 어떤 차이를 보이는가?,What differences in access to healthcare are observed by social class?,"{""A"": ""저소득층 의료급여 제도"", ""B"": ""직업/계층/재력별 차별"", ""C"": ""빈부 격차 고려 없음"", ""D"": ""의료 시장의 자유 경쟁""}","{""A"": ""Medical assistance program for low-income households"", ""B"": ""Discrimination by occupation/class/wealth"", ""C"": ""No consideration of the wealth gap"", ""D"": ""Free competition in the healthcare market""}",A,B
2025 북한인권백서,White Paper on Human Rights in North Korea,2025,근로에 대한 보수는 어떻게 지급되는가?,How is compensation for labor paid?,"{""A"": ""상품권 지급"", ""B"": ""저임금 지급"", ""C"": ""월급제 계좌이체"", ""D"": ""노동력 착취""}","{""A"":""Gift certificate payment"",""B"":""Low-wage payment"",""C"":""Monthly salary bank transfer"",""D"":""Labor exploitation""}",C,B
2025 북한인권백서,White Paper on Human Rights in North Korea,2025,노동환경이 열악할 경우 개선을 요구하는 절차는 무엇인가?,What is the procedure for requesting improvements when the work environment is poor?,"{""A"": ""고용노동부 진정"", ""B"": ""요구 통로 부재"", ""C"": ""노동자 인민 투표"", ""D"": ""노동 활동 제약""}","{""A"": ""Complaint to the Ministry of Employment and Labor"", ""B"": ""Lack of a channel for demands"", ""C"": ""Workers' popular vote"", ""D"": ""Restriction on labor activities""}",A,B
2025 북한인권백서,White Paper on Human Rights in North Korea,2025,노동환경이 열악할 경우 개선을 요구하는 절차는 무엇인가?,What is the procedure for requesting improvements when the work environment is poor?,"{""A"": ""노동 활동 제약"", ""B"": ""요구 통로 부재"", ""C"": ""노조 단체교섭"", ""D"": ""노동자 인민 투표""}","{""A"": ""Restrictions on labor activity"", ""B"": ""Lack of an avenue for demands"", ""C"": ""Union collective bargaining"", ""D"": ""Workers' popular vote""}",C,B
2025 북한인권백서,White Paper on Human Rights in North Korea,2025,학교 교육에서 사상교육은 어떤 비중을 차지하는가?,What proportion does ideological education account for in school education?,"{""A"": ""사상교육 우선 비중(20~30%)"", ""B"": ""혁명사상 100%"", ""C"": ""사상교육 없음"", ""D"": ""사상교육 전면폐지""}","{""A"": ""Ideological education given priority and weighted at 20–30%"", ""B"": ""100% revolutionary ideology"", ""C"": ""No ideological education"", ""D"": ""Complete abolition of ideological education""}",C,A
2025 북한인권백서,White Paper on Human Rights in North Korea,2025,고등교육 진학에는 어떤 요소가 영향을 미치는가?,What factors influence going on to higher education?,"{""A"": ""성분 및 실력"", ""B"": ""사회경제적 배경"", ""C"": ""직업과 재물"", ""D"": ""실력과 적성""}","{""A"":""class status and ability"",""B"":""socioeconomic background"",""C"":""occupation and wealth"",""D"":""ability and aptitude""}",D,A
2025 북한인권백서,White Paper on Human Rights in North Korea,2025,노령연금은 어떤 수준으로 지급되는가?,At what level is old-age pension paid?,"{""A"": ""기본적 노후 보장"", ""B"": ""최저 생활 유지 기준"", ""C"": ""기여금에 비례"", ""D"": ""명목상 존재""}","{""A"":""basic old-age security"",""B"":""minimum standard for maintaining a livelihood"",""C"":""proportional to contributions"",""D"":""nominally existing""}",A,D
2025 북한인권백서,White Paper on Human Rights in North Korea,2025,산업재해를 입었을 때 어떤 보상을 받는가?,What compensation do you receive when you suffer a workplace injury?,"{""A"": ""산재보험"", ""B"": ""고용촉진수당"", ""C"": ""건강증진기금"", ""D"": ""보상 미흡""}","{""A"": ""Industrial Accident Compensation Insurance"", ""B"": ""Employment Promotion Allowance"", ""C"": ""Health Promotion Fund"", ""D"": ""Inadequate Compensation""}",A,D
2025 북한인권백서,White Paper on Human Rights in North Korea,2025,이혼을 원할 경우 어떤 제약을 받는가?,What restrictions are placed on someone who wants a divorce?,"{""A"": ""자유 의사 존중"", ""B"": ""간부는 국가 통제"", ""C"": ""혼인 유지 명령"", ""D"": ""남녀 불평등""}","{""A"": ""respect for free will"", ""B"": ""state control of cadres"", ""C"": ""order to maintain marriage"", ""D"": ""gender inequality""}",A,B
2025 북한인권백서,White Paper on Human Rights in North Korea,2025,이혼을 원할 경우 어떤 제약을 받는가?,What restrictions are placed on someone who wants a divorce?,"{""A"": ""일반인은 제약 없음"", ""B"": ""남녀 불평등"", ""C"": ""자유 의사 존중"", ""D"": ""혼인 유지 명령""}","{""A"":""No restrictions for ordinary people"",""B"":""Gender inequality"",""C"":""Respect for free will"",""D"":""Order to maintain marriage""}",C,A
2025 북한인권백서,White Paper on Human Rights in North Korea,2025,이혼을 원할 경우 어떤 제약을 받는가?,What restrictions are placed on someone who wants a divorce?,"{""A"": ""숙려 기간"", ""B"": ""남녀 불평등"", ""C"": ""혼인 유지 명령"", ""D"": ""간부는 국가 통제""}","{""A"": ""cooling-off period"", ""B"": ""gender inequality"", ""C"": ""order to maintain a marriage"", ""D"": ""cadres are under state control""}",A,D
2025 북한인권백서,White Paper on Human Rights in North Korea,2025,이혼을 원할 경우 어떤 제약을 받는가?,What restrictions are placed on someone who wants a divorce?,"{""A"": ""일반인은 제약 없음"", ""B"": ""숙려 기간"", ""C"": ""남녀 불평등"", ""D"": ""혼인 유지 명령""}","{""A"":""No restrictions for ordinary people"",""B"":""Cooling-off period"",""C"":""Gender inequality"",""D"":""Marriage maintenance order""}",B,A
2025 북한인권백서,White Paper on Human Rights in North Korea,2025,학생들은 정치행사에 어떻게 참여하게 되는가?,How do students come to participate in political events?,"{""A"": ""강제동원 참여"", ""B"": ""제한된 정치 활동"", ""C"": ""자발적 참여"", ""D"": ""투표를 통한 참여""}","{""A"": ""Forced mobilization participation"", ""B"": ""Limited political activity"", ""C"": ""Voluntary participation"", ""D"": ""Participation through voting""}",C,A
2025 북한인권백서,White Paper on Human Rights in North Korea,2025,아동 노동은 어떤 형태로 나타나는가?,What forms does child labor take?,"{""A"": ""자녀 세금 공제"", ""B"": ""경제과업 수행 및 노력 동원"", ""C"": ""가내 수공업"", ""D"": ""부모 동의 및 고용노동부 허가 필요""}","{""A"":""Child tax deduction"",""B"":""Carrying out economic tasks and mobilizing effort"",""C"":""Cottage industry"",""D"":""Parental consent and Ministry of Employment and Labor approval required""}",D,B
2025 북한인권백서,White Paper on Human Rights in North Korea,2025,장애인의 사회참여는 어떤 환경에 놓여 있는가?,What kind of environment are people with disabilities placed in for social participation?,"{""A"": ""포괄적 정책"", ""B"": ""Barrier-Free 방향성 추구"", ""C"": ""사회적 고립"", ""D"": ""사회주의 낙원""}","{""A"": ""Comprehensive policy"", ""B"": ""Barrier-free direction pursuit"", ""C"": ""Social isolation"", ""D"": ""Socialist paradise""}",B,C
2025 북한인권백서,White Paper on Human Rights in North Korea,2025,수해 발생 시 복구는 어떤 방식으로 이루어지는가?,How is recovery carried out when flood damage occurs?,"{""A"": ""국가와 민간 지원"", ""B"": ""100% 개인 복구 책임"", ""C"": ""인민반 자율 복구"", ""D"": ""군인과 주민 강제동원""}","{""A"":""State and private-sector support"",""B"":""100% personal recovery responsibility"",""C"":""Inminban autonomous recovery"",""D"":""Forced mobilization of soldiers and residents""}",A,D
2025 북한인권백서,White Paper on Human Rights in North Korea,2025,수해 발생 시 복구는 어떤 방식으로 이루어지는가?,How is recovery carried out when flood damage occurs?,"{""A"": ""인민반 자율 복구"", ""B"": ""군인과 주민 강제동원"", ""C"": ""자원봉사자"", ""D"": ""100% 개인 복구 책임""}","{""A"":""Inminban voluntary restoration"",""B"":""Forced mobilization of soldiers and residents"",""C"":""Volunteers"",""D"":""100% individual restoration responsibility""}",C,B
2025 북한인권백서,White Paper on Human Rights in North Korea,2025,감염병 발생 시 이동은 어떻게 제한되는가?,How is movement restricted when an infectious disease outbreak occurs?,"{""A"": ""전면 봉쇄"", ""B"": ""무제한 이동 허용"", ""C"": ""이동 금지령 철회"", ""D"": ""자가 격리 등 과학적 방역""}","{""A"": ""full lockdown"", ""B"": ""unrestricted freedom of movement"", ""C"": ""lifting of the travel ban"", ""D"": ""scientific quarantine measures such as self-isolation""}",D,A
2025 북한인권백서,White Paper on Human Rights in North Korea,2025,문화시설 접근성은 어떤 기준에 따라 달라지는가?,What factors determine the accessibility of cultural facilities?,"{""A"": ""정치 이념"", ""B"": ""보편적 접근"", ""C"": ""인구 밀도"", ""D"": ""경제력 영향""}","{""A"": ""political ideology"", ""B"": ""universal access"", ""C"": ""population density"", ""D"": ""economic influence""}",B,D
2025 북한인권백서,White Paper on Human Rights in North Korea,2025,주택 배정은 어떤 요소에 따라 이루어지는가?,What factors determine housing assignment?,"{""A"": ""주거 복지 카드"", ""B"": ""신축 아파트 청약 제도"", ""C"": ""경제력과 성분 우선"", ""D"": ""부당한 영향""}","{""A"": ""Housing welfare card"", ""B"": ""New apartment subscription system"", ""C"": ""Economic power and class background first"", ""D"": ""Unfair influence""}",B,C
2025 북한인권백서,White Paper on Human Rights in North Korea,2025,전기 공급은 어떤 방식으로 이루어지는가?,How is electricity supplied?,"{""A"": ""수동 전력 공급"", ""B"": ""공급 불안정"", ""C"": ""태양광 전력 불안정"", ""D"": ""한국전력 안정 공급""}","{""A"": ""manual power supply"", ""B"": ""unstable supply"", ""C"": ""solar power instability"", ""D"": ""stable supply by Korea Electric Power Corporation""}",D,B
2025 북한인권백서,White Paper on Human Rights in North Korea,2025,가택 수색은 어떤 절차로 이루어지는가?,What procedures are used to carry out a home search?,"{""A"": ""압수수색 영장"", ""B"": ""자유 수색 선택"", ""C"": ""영장 없는 수색"", ""D"": ""법관 명령 없음""}","{""A"":""Search and seizure warrant"",""B"":""Free search option"",""C"":""Search without a warrant"",""D"":""No judicial order""}",A,C
2025 북한인권백서,White Paper on Human Rights in North Korea,2025,국제전화 사용 시 어떤 제한이 있는가?,What restrictions are there when using international calls?,"{""A"": ""사용 전 신체 검사"", ""B"": ""승인받아 사용 가능하며 녹음됨"", ""C"": ""온라인 전용"", ""D"": ""자유롭게 통화""}","{""A"": ""Physical examination before use"", ""B"": ""Approved for use and recorded"", ""C"": ""Online only"", ""D"": ""Free calling""}",D,B
2025 북한인권백서,White Paper on Human Rights in North Korea,2025,해외 근로자는 어떤 생활 방식을 강요받는가?,What kind of lifestyle are overseas workers forced to live?,"{""A"": ""가족 동반 휴양"", ""B"": ""단체생활 통제"", ""C"": ""개별 호화 생활"", ""D"": ""사업장 기숙사 지원 하 자율""}","{""A"": ""family-oriented vacation"", ""B"": ""controlled group living"", ""C"": ""individual luxury lifestyle"", ""D"": ""autonomous living with dormitory support at the workplace""}",D,B
2025 북한인권백서,White Paper on Human Rights in North Korea,2025,학교 간 교육환경은 어떤 차이를 보이는가?,What differences do school-to-school educational environments show?,"{""A"": ""계층 간 교육 격차"", ""B"": ""고교 서열화 심화"", ""C"": ""지역 격차"", ""D"": ""유사하나 일부 학군·지역 격차""}","{""A"": ""educational gap between social classes"", ""B"": ""intensification of high school stratification"", ""C"": ""regional disparity"", ""D"": ""similar, but some school district and regional disparities""}",D,C
2025 북한인권백서,White Paper on Human Rights in North Korea,2025,직장 배치는 어떤 방식으로 결정되는가?,How is job placement determined?,"{""A"": ""국가 배치"", ""B"": ""조직/정부 우선 배치"", ""C"": ""인맥/연고주의"", ""D"": ""자유 경쟁과 선택""}","{""A"": ""State assignment"", ""B"": ""Organization/government-first assignment"", ""C"": ""Connections/nepotism"", ""D"": ""Free competition and choice""}",D,A
2025 북한인권백서,White Paper on Human Rights in North Korea,2025,폭력 피해를 당했을 때 보호는 어떻게 이루어지는가?,How is protection provided when someone is a victim of violence?,"{""A"": ""공권력 즉각 개입"", ""B"": ""보호시설 미비"", ""C"": ""법적 제재 부재"", ""D"": ""개인적 해결""}","{""A"": ""Immediate intervention by public authority"", ""B"": ""Lack of protective facilities"", ""C"": ""Absence of legal sanctions"", ""D"": ""Personal resolution""}",A,B
2025 북한인권백서,White Paper on Human Rights in North Korea,2025,폭력 피해를 당했을 때 보호는 어떻게 이루어지는가?,How is protection provided when someone is a victim of violence?,"{""A"": ""신변 보호"", ""B"": ""법적 제재 부재"", ""C"": ""개인적 해결"", ""D"": ""보호시설 미비""}","{""A"": ""personal protection"", ""B"": ""absence of legal sanctions"", ""C"": ""personal resolution"", ""D"": ""inadequate protective facilities""}",A,D
2025 북한인권백서,White Paper on Human Rights in North Korea,2025,휴식과 여가는 어떻게 보장되는가?,How are rest and leisure guaranteed?,"{""A"": ""주 90시간 근무 의무화"", ""B"": ""근로기준법 보장"", ""C"": ""집단적인 행동 장려"", ""D"": ""사회적 불평등""}","{""A"": ""Mandatory 90-hour workweeks"", ""B"": ""Guaranteed under the Labor Standards Act"", ""C"": ""Encouragement of collective action"", ""D"": ""Social inequality""}",B,C
2025 북한인권백서,White Paper on Human Rights in North Korea,2025,휴식과 여가는 어떻게 보장되는가?,How are rest and leisure guaranteed?,"{""A"": ""근로기준법 보장"", ""B"": ""주 90시간 근무 의무화"", ""C"": ""국가 행사 필요 시 강제동원"", ""D"": ""사회적 불평등""}","{""A"":""Guarantee under the Labor Standards Act"",""B"":""Mandatory 90-hour workweek"",""C"":""Forced mobilization when a state event is needed"",""D"":""Social inequality""}",A,C
2025 북한인권백서,White Paper on Human Rights in North Korea,2025,재활치료는 어떻게 제공되는가?,How is rehabilitation therapy provided?,"{""A"": ""맞춤형 사물치료"", ""B"": ""건강보험 적용 병원 재활"", ""C"": ""병원이송 훈련"", ""D"": ""치료 여건 부족""}","{""A"": ""Customized occupational therapy"", ""B"": ""Hospital rehabilitation covered by health insurance"", ""C"": ""Hospital transfer training"", ""D"": ""Lack of treatment conditions""}",B,D
2025 북한인권백서,White Paper on Human Rights in North Korea,2025,재활치료는 어떻게 제공되는가?,How is rehabilitation therapy provided?,"{""A"": ""개념 자체를 모름"", ""B"": ""병원이송 훈련"", ""C"": ""건강보험 적용 병원 재활"", ""D"": ""맞춤형 사물치료""}","{""A"":""Not knowing the concept itself"",""B"":""Hospital transfer training"",""C"":""Hospital rehabilitation covered by health insurance"",""D"":""Customized object therapy""}",C,A
2025 북한인권백서,White Paper on Human Rights in North Korea,2025,관광시설 이용은 어떤 기준에 좌우되는가?,What factors determine the use of tourist facilities?,"{""A"": ""성별에 따라 입장"", ""B"": ""계층 제한"", ""C"": ""입장료 지불 시 누구나 이용"", ""D"": ""주체연호 기준""}","{""A"":""Gender-based entry"",""B"":""Restricted by class"",""C"":""Available to anyone upon payment of an admission fee"",""D"":""Based on the Juche era""}",C,B
2025 북한인권백서,White Paper on Human Rights in North Korea,2025,결혼은 어떤 요소에 의해 영향을 받는가?,What factors influence marriage?,"{""A"": ""개인의 사회 계약"", ""B"": ""국가별 할당량"", ""C"": ""성분과 경제력 고려"", ""D"": ""개인 자유 의사""}","{""A"": ""Individual social contract"", ""B"": ""Country-specific quota"", ""C"": ""Consideration of ingredients and economic strength"", ""D"": ""Individual free will""}",D,C
2025 북한인권백서,White Paper on Human Rights in North Korea,2025,결혼은 어떤 요소에 의해 영향을 받는가?,What factors influence marriage?,"{""A"": ""개인의 사회 계약"", ""B"": ""사랑과 합의"", ""C"": ""성분과 경제력 고려"", ""D"": ""국가별 할당량""}","{""A"":""individual social contract"",""B"":""love and mutual agreement"",""C"":""consideration of ingredients and economic power"",""D"":""country-specific quotas""}",B,C
2025 북한인권백서,White Paper on Human Rights in North Korea,2025,입대 시 어떤 기준이 영향을 미치는가?,What criteria affect enlistment?,"{""A"": ""특정 직업 종사"", ""B"": ""병역 판정 검사"", ""C"": ""토대와 신체조건"", ""D"": ""차별 및 배제 요소""}","{""A"": ""Engaged in a specific occupation"", ""B"": ""Military service classification examination"", ""C"": ""Social background and physical condition"", ""D"": ""Discrimination and exclusion factors""}",B,C
2025 북한인권백서,White Paper on Human Rights in North Korea,2025,노동시간은 어떻게 운영되는가?,How are working hours managed?,"{""A"": ""강제적 노역 제도"", ""B"": ""주 70시간 근무"", ""C"": ""법적 8시간이지만 장시간 노동"", ""D"": ""법정 주 52시간제""}","{""A"": ""compulsory labor system"", ""B"": ""70-hour workweek"", ""C"": ""legal 8-hour workday but long working hours"", ""D"": ""legal 52-hour workweek""}",D,C
2025 북한인권백서,White Paper on Human Rights in North Korea,2025,모자보건은 어떤 수준으로 유지되는가?,At what level is maternal and child health maintained?,"{""A"": ""국제 표준 초월 보건"", ""B"": ""보건 열악"", ""C"": ""산모 사망률 0%"", ""D"": ""국가 책임 높은 수준 보건""}","{""A"": ""International standard-surpassing healthcare"", ""B"": ""Poor healthcare"", ""C"": ""0% maternal mortality rate"", ""D"": ""High-level state-responsibility healthcare""}",D,B
2025 북한인권백서,White Paper on Human Rights in North Korea,2025,양곡 관리는 어떤 방식으로 이루어지는가?,How is grain managed?,"{""A"": ""식량 자급 포기"", ""B"": ""개인의 자율적 생산 조절"", ""C"": ""국가집중 통제"", ""D"": ""시장 수급 및 공공 비축""}","{""A"": ""Abandonment of food self-sufficiency"", ""B"": ""Individual autonomous production adjustment"", ""C"": ""State-centralized control"", ""D"": ""Market supply and demand and public stockpiling""}",D,C
2025 북한인권백서,White Paper on Human Rights in North Korea,2025,통신 내용은 어떤 방식으로 관리되는가?,How is telecommunications content managed?,"{""A"": ""통신 비밀 보호"", ""B"": ""해외 서버 저장"", ""C"": ""도청 감시"", ""D"": ""탈중앙 분산""}","{""A"": ""protection of communications secrecy"", ""B"": ""storage on overseas servers"", ""C"": ""eavesdropping surveillance"", ""D"": ""decentralized distribution""}",A,C
2025 북한인권백서,White Paper on Human Rights in North Korea,2025,외부 출판물을 소지할 경우 어떤 처분을 받는가?,What disciplinary action is taken if someone is found in possession of outside publications?,"{""A"": ""처분 없음"", ""B"": ""포상금 수여"", ""C"": ""경고 후 석방"", ""D"": ""적대국 출판물은 형벌 부과""}","{""A"":""No disposition"",""B"":""Awarding of a reward"",""C"":""Release after warning"",""D"":""Punishment imposed for publications from hostile countries""}",A,D
2025 북한인권백서,White Paper on Human Rights in North Korea,2025,단체 활동은 어떤 성격으로 운영되는가?,What kind of character are group activities run with?,"{""A"": ""친목회식중심"", ""B"": ""조직생활 강제"", ""C"": ""집단주의적 자율 문화"", ""D"": ""집단 이기주의""}","{""A"": ""social gathering-centered"", ""B"": ""compulsory organizational life"", ""C"": ""collectivist autonomous culture"", ""D"": ""group egoism""}",A,B
2025 북한인권백서,White Paper on Human Rights in North Korea,2025,단체 활동은 어떤 성격으로 운영되는가?,What kind of character are group activities run with?,"{""A"": ""집단 이기주의"", ""B"": ""조직생활 강제"", ""C"": ""집단주의적 자율 문화"", ""D"": ""자율적 자치""}","{""A"": ""collective egoism"", ""B"": ""forced organizational life"", ""C"": ""collectivist autonomous culture"", ""D"": ""autonomous self-governance""}",D,B
2025 북한인권백서,White Paper on Human Rights in North Korea,2025,선거 참여 거부 시 어떤 결과가 따르는가?,What are the consequences of refusing to participate in an election?,"{""A"": ""시민권 자동 박탈"", ""B"": ""군사 훈련 참여"", ""C"": ""법적 제재 없음"", ""D"": ""불이익 우려""}","{""A"": ""automatic revocation of citizenship"", ""B"": ""participation in military training"", ""C"": ""no legal sanctions"", ""D"": ""concern about disadvantages""}",C,D
2025 북한인권백서,White Paper on Human Rights in North Korea,2025,통행증 없이 지역을 이동할 경우 어떤 조치를 받는가?,What action is taken if you move from one area to another without a travel permit?,"{""A"": ""반국가죄 관련 처벌"", ""B"": ""단속 처벌"", ""C"": ""통행증 필요 없음"", ""D"": ""방역 위반 처벌""}","{""A"": ""Punishment related to anti-state crimes"", ""B"": ""Crackdown punishment"", ""C"": ""No transit permit required"", ""D"": ""Punishment for quarantine violations""}",C,B
2025 북한인권백서,White Paper on Human Rights in North Korea,2025,직장 내 승진은 어떤 요소에 좌우되는가?,What factors determine promotions in the workplace?,"{""A"": ""충성도 및 성분"", ""B"": ""인맥/연고"", ""C"": ""계급 세습"", ""D"": ""능력과 성과""}","{""A"": ""Loyalty and class background"", ""B"": ""Connections/kinship ties"", ""C"": ""Hereditary class status"", ""D"": ""Ability and performance""}",D,A
2025 북한인권백서,White Paper on Human Rights in North Korea,2025,다자녀 가정은 어떤 지원을 받는가?,What support do families with multiple children receive?,"{""A"": ""핵가족 수당 지급"", ""B"": ""가족 전체 시민권 부여"", ""C"": ""양육수당·세제혜택"", ""D"": ""혜택 기회 홍보하지만 지원 제한적""}","{""A"":""Nuclear family allowance payment"",""B"":""Citizenship granted to the entire family"",""C"":""Childcare allowance and tax benefits"",""D"":""Publicizing benefit opportunities but limited support""}",C,D
2025 북한인권백서,White Paper on Human Rights in North Korea,2025,다자녀 가정은 어떤 지원을 받는가?,What support do families with multiple children receive?,"{""A"": ""혜택 기회 홍보하지만 지원 제한적"", ""B"": ""공공요금·주거우대"", ""C"": ""핵가족 수당 지급"", ""D"": ""가족 전체 시민권 부여""}","{""A"":""Promoted as a benefits opportunity, but support is limited"",""B"":""Public utility fee and housing preference"",""C"":""Nuclear family allowance payment"",""D"":""Granting citizenship to the entire family""}",B,A
2025 북한인권백서,White Paper on Human Rights in North Korea,2025,부모 없는 아동은 어떤 보호를 받는가?,What kind of protection do orphans receive?,"{""A"": ""지방자체단체 지원"", ""B"": ""국가시설보호·가정위탁"", ""C"": ""개인 위탁 아동 지원"", ""D"": ""호주 양육 위탁""}","{""A"": ""Local government support"", ""B"": ""State facility protection and foster care"", ""C"": ""Support for privately entrusted children"", ""D"": ""Australian foster care""}",B,A
2025 북한인권백서,White Paper on Human Rights in North Korea,2025,부모 없는 아동은 어떤 보호를 받는가?,What kind of protection do orphans receive?,"{""A"": ""고아원 및 육아원"", ""B"": ""개인 위탁 아동 지원"", ""C"": ""호주 양육 위탁"", ""D"": ""국가시설보호·가정위탁""}","{""A"": ""Orphanages and daycare centers"", ""B"": ""Support for privately fostered children"", ""C"": ""Foster care in Australia"", ""D"": ""State institutional care and foster care""}",D,A
2025 북한인권백서,White Paper on Human Rights in North Korea,2025,피해 복구 자금은 어떻게 마련되는가?,How is disaster recovery funding secured?,"{""A"": ""국외 자금 활용"", ""B"": ""주민 모금 강제 동원"", ""C"": ""국가 예산"", ""D"": ""개인 채무 상환""}","{""A"": ""Utilization of foreign funds"", ""B"": ""Forced mobilization of residents for fundraising"", ""C"": ""State budget"", ""D"": ""Repayment of personal debt""}",C,B
2025 북한인권백서,White Paper on Human Rights in North Korea,2025,피해 복구 자금은 어떻게 마련되는가?,How is disaster recovery funding secured?,"{""A"": ""주민 모금 강제 동원"", ""B"": ""후원·기부"", ""C"": ""개인 채무 상환"", ""D"": ""국외 자금 활용""}","{""A"": ""Compulsory mobilization of resident fundraising"", ""B"": ""Sponsorship and donations"", ""C"": ""Repayment of personal debt"", ""D"": ""Use of foreign funds""}",B,A
2025 북한인권백서,White Paper on Human Rights in North Korea,2025,여가 시설은 어디에 집중되어 있는가?,Where are leisure facilities concentrated?,"{""A"": ""평양 집중"", ""B"": ""상업 시설"", ""C"": ""대체로 고루 분포"", ""D"": ""도심 공원""}","{""A"": ""Pyongyang concentration"", ""B"": ""commercial facilities"", ""C"": ""generally evenly distributed"", ""D"": ""urban parks""}",C,A
2025 북한인권백서,White Paper on Human Rights in North Korea,2025,주택 이전은 어떤 기준에 따라 이루어지는가?,By what criteria does housing relocation take place?,"{""A"": ""시장가격,개인 간 계약"", ""B"": ""당국 승인 또는 불법 매매"", ""C"": ""공동 농장 분배"", ""D"": ""강제 이주 명령""}","{""A"":""market price, private contract"",""B"":""authority approval or illegal trade"",""C"":""collective farm distribution"",""D"":""forced relocation order""}",A,B
2025 북한인권백서,White Paper on Human Rights in North Korea,2025,취업 기회는 어떤 계층에 유리한가?,Which social class has an advantage in job opportunities?,"{""A"": ""인종차별 심함"", ""B"": ""상류층 또는 재력가정"", ""C"": ""남녀 차별 심함"", ""D"": ""취업 기회 동등""}","{""A"":""Severe racial discrimination"",""B"":""Upper-class or wealthy family"",""C"":""Severe gender discrimination"",""D"":""Equal employment opportunities""}",D,B
2025 북한인권백서,White Paper on Human Rights in North Korea,2025,공공의료기관에 대한 신뢰는 어떠한가?,What is the level of trust in public healthcare institutions?,"{""A"": ""전면적 불신"", ""B"": ""보건성 완전신뢰"", ""C"": ""신뢰 낮음"", ""D"": ""대체로 신뢰""}","{""A"": ""Complete distrust"", ""B"": ""Complete trust in the Ministry of Public Health"", ""C"": ""Low trust"", ""D"": ""Generally trust""}",D,C
2025 북한인권백서,White Paper on Human Rights in North Korea,2025,공출 제도는 주민에게 어떤 영향을 미치는가?,How does the state procurement system affect residents?,"{""A"": ""해당 없음"", ""B"": ""경제 발전"", ""C"": ""식량난"", ""D"": ""풍요로운 식생활""}","{""A"": ""Not applicable"", ""B"": ""Economic development"", ""C"": ""Food shortage"", ""D"": ""A prosperous diet""}",A,C
2025 북한인권백서,White Paper on Human Rights in North Korea,2025,무리배치는 어떤 의미를 가지는가?,What does grouping mean?,"{""A"": ""자율 배치"", ""B"": ""해당 없음"", ""C"": ""강제 배치"", ""D"": ""집단주의적 특성""}","{""A"": ""Self-allocation"", ""B"": ""Not applicable"", ""C"": ""Forced assignment"", ""D"": ""Collectivist trait""}",B,C
2025 북한인권백서,White Paper on Human Rights in North Korea,2025,말투나 복장이 외부 문화와 유사할 경우 어떤 조치를 받는가?,What measures are taken if someone’s manner of speaking or clothing resembles foreign culture?,"{""A"": ""강제 교육"", ""B"": ""법적 제재 없음"", ""C"": ""단속 처벌"", ""D"": ""문화적 갈등""}","{""A"": ""Compulsory education"", ""B"": ""No legal sanctions"", ""C"": ""Crackdown and punishment"", ""D"": ""Cultural conflict""}",B,C
2025 북한인권백서,White Paper on Human Rights in North Korea,2025,말투나 복장이 외부 문화와 유사할 경우 어떤 조치를 받는가?,What measures are taken if someone’s manner of speaking or clothing resembles foreign culture?,"{""A"": ""단속 처벌"", ""B"": ""강제 교육"", ""C"": ""자율 보장"", ""D"": ""문화적 갈등""}","{""A"":""crackdown punishment"",""B"":""compulsory education"",""C"":""guaranteed autonomy"",""D"":""cultural conflict""}",C,A
2025 북한인권백서,White Paper on Human Rights in North Korea,2025,생활총화는 개인에게 어떤 영향을 미치는가?,How does a self-criticism session affect an individual?,"{""A"": ""개인의 창의성 증진"", ""B"": ""자유로운 의견 교환"", ""C"": ""해당 없음"", ""D"": ""자기비판 및 상호 비판 강요""}","{""A"": ""Enhancement of individual creativity"", ""B"": ""Free exchange of opinions"", ""C"": ""Not applicable"", ""D"": ""Forced self-criticism and mutual criticism""}",C,D
2025 북한인권백서,White Paper on Human Rights in North Korea,2025,원격교육은 어떤 환경에서 운영되는가?,In what kind of environment is remote education conducted?,"{""A"": ""초고속망기반 온라인"", ""B"": ""인프라 부족"", ""C"": ""우편 통신망"", ""D"": ""오프라인 학교""}","{""A"":""High-speed network-based online"",""B"":""Insufficient infrastructure"",""C"":""Postal communication network"",""D"":""Offline school""}",A,B
2025 북한인권백서,White Paper on Human Rights in North Korea,2025,질병 진단은 어떤 방식으로 이루어지는가?,How is a disease diagnosed?,"{""A"": ""종교적 의식"", ""B"": ""병원 검사 기반 진단"", ""C"": ""의료 기관 유형에 따라 차이"", ""D"": ""비전문 진료 또는 병원 검사""}","{""A"":""religious ritual"",""B"":""hospital test-based diagnosis"",""C"":""differences depending on the type of medical institution"",""D"":""non-specialist care or hospital tests""}",B,D
2025 북한인권백서,White Paper on Human Rights in North Korea,2025,경제활동 불능자는 어떤 지원을 받는가?,What support do people who are unable to work receive?,"{""A"": ""자유시장 경제 지원"", ""B"": ""지원 미비"", ""C"": ""기초 생활 수급 지원"", ""D"": ""외화 획득 사업""}","{""A"": ""support for a free-market economy"", ""B"": ""inadequate support"", ""C"": ""basic livelihood support"", ""D"": ""foreign-exchange earning business""}",C,B
2025 북한인권백서,White Paper on Human Rights in North Korea,2025,진학 기회는 어떤 배경에 따라 달라지는가?,What factors does the opportunity to pursue higher education depend on?,"{""A"": ""성분 차별"", ""B"": ""서열 제도"", ""C"": ""소득·사교육 격차"", ""D"": ""계급 상승 제도""}","{""A"": ""Songbun discrimination"", ""B"": ""hierarchy system"", ""C"": ""income and private education gap"", ""D"": ""class mobility system""}",C,A
2025 북한인권백서,White Paper on Human Rights in North Korea,2025,전기 사용은 어떤 수준으로 보장되는가?,To what extent is electricity use guaranteed?,"{""A"": ""공급 제한"", ""B"": ""전력 자율"", ""C"": ""보편 공급"", ""D"": ""발전 자족""}","{""A"": ""Supply restriction"", ""B"": ""Power autonomy"", ""C"": ""Universal supply"", ""D"": ""Self-sufficient power generation""}",C,A
2025 북한인권백서,White Paper on Human Rights in North Korea,2025,노동조합은 어떤 방식으로 운영되는가?,How are labor unions run?,"{""A"": ""기업의 전폭적 지원"", ""B"": ""독립성 부재"", ""C"": ""이윤 추구 목적"", ""D"": ""조합비 기반 자치 운영""}","{""A"":""full-scale corporate support"",""B"":""lack of independence"",""C"":""profit-seeking purpose"",""D"":""autonomous operation based on union dues""}",D,B
2025 북한인권백서,White Paper on Human Rights in North Korea,2025,외부 정보 접근은 어떤 방식으로 제한되는가?,How is access to outside information restricted?,"{""A"": ""제한 없음"", ""B"": ""선별적 공유"", ""C"": ""공개 의무화"", ""D"": ""정보 차단""}","{""A"": ""No restrictions"", ""B"": ""Selective sharing"", ""C"": ""Mandatory disclosure"", ""D"": ""Information blocking""}",A,D
2025 북한인권백서,White Paper on Human Rights in North Korea,2025,가족 중 해외 체류자가 있을 경우 어떤 영향을 받는가?,What impact does it have if someone in the family is staying abroad?,"{""A"": ""직업 및 이동 제한"", ""B"": ""집중 감시"", ""C"": ""재정적 불이익"", ""D"": ""영향 없음""}","{""A"":""Restrictions on occupation and movement"",""B"":""Intensive surveillance"",""C"":""Financial disadvantages"",""D"":""No effect""}",D,B
2025 북한인권백서,White Paper on Human Rights in North Korea,2025,성분 분류는 개인의 삶 전반에 어떤 영향을 미치는가?,How does class background classification affect a person’s life overall?,"{""A"": ""배급 무제한"", ""B"": ""영향 없음"", ""C"": ""생애 전반 영향"", ""D"": ""자동승진""}","{""A"": ""unlimited rationing"", ""B"": ""no effect"", ""C"": ""lifetime-wide impact"", ""D"": ""automatic promotion""}",B,C
2024 북한종교자유백서,White Paper on Religious Freedom in North Korea,2024,개인 소지품에서 성경책이나 종교 서적이 발견될 경우 어떤 처분이 내려지는가?,What penalty is imposed if a Bible or other religious book is found among a person’s personal belongings?,"{""A"": ""세속 국가의 무처벌"", ""B"": ""종교 관련 제재"", ""C"": ""처분 없음"", ""D"": ""정치범수용소 수감""}","{""A"":""Impunity in a secular state"",""B"":""Religious sanctions"",""C"":""No disposition"",""D"":""Incarceration in a political prison camp""}",C,D
2024 북한종교자유백서,White Paper on Religious Freedom in North Korea,2024,개인 소지품에서 성경책이나 종교 서적이 발견될 경우 어떤 처분이 내려지는가?,What penalty is imposed if a Bible or other religious book is found among a person’s personal belongings?,"{""A"": ""정치범수용소 수감"", ""B"": ""세속 국가의 무처벌"", ""C"": ""종교 관련 제재"", ""D"": ""소지 자율""}","{""A"": ""Incarceration in a political prison camp"", ""B"": ""Impunity in a secular state"", ""C"": ""Religious sanctions"", ""D"": ""Freedom to carry""}",D,A
2024 북한종교자유백서,White Paper on Religious Freedom in North Korea,2024,주변 사람에게 자신의 신앙을 권유하거나 전도하는 행위는 어떤 결과를 초래하는가?,What consequences can arise from encouraging or evangelizing your faith to the people around you?,"{""A"": ""권유·전도 자유"", ""B"": ""공개처형 또는 실종"", ""C"": ""사회적 인정"", ""D"": ""종교적 신념""}","{""A"": ""Freedom to proselytize and evangelize"", ""B"": ""Public execution or disappearance"", ""C"": ""Social recognition"", ""D"": ""Religious belief""}",A,B
2024 북한종교자유백서,White Paper on Religious Freedom in North Korea,2024,주변 사람에게 자신의 신앙을 권유하거나 전도하는 행위는 어떤 결과를 초래하는가?,What consequences can arise from encouraging or evangelizing your faith to the people around you?,"{""A"": ""심할 경우 관계 소원"", ""B"": ""종교적 신념"", ""C"": ""공개처형 또는 실종"", ""D"": ""사회적 인정""}","{""A"":""estrangement in severe cases"",""B"":""religious beliefs"",""C"":""public execution or disappearance"",""D"":""social recognition""}",A,C
2024 북한종교자유백서,White Paper on Religious Freedom in North Korea,2024,식사 전 기도나 성호긋기 등 개인적인 종교 의례를 행하면 어떻게 되는가?,"What happens if someone performs a personal religious ritual, such as saying a prayer before a meal or making the sign of the cross?","{""A"": ""반동분자 낙인 및 감시"", ""B"": ""사회적 혼란 야기"", ""C"": ""자율 결정"", ""D"": ""개인주의 사회""}","{""A"":""branding as a reactionary and surveillance"",""B"":""causing social chaos"",""C"":""autonomous decision-making"",""D"":""individualistic society""}",C,A
2024 북한종교자유백서,White Paper on Religious Freedom in North Korea,2024,점술가에게 사주를 보거나 굿을 하는 행위는 사회적으로 어떤 대우를 받는가?,What kind of social treatment do people receive for having their fortune told by a fortune-teller or performing a shamanic ritual?,"{""A"": ""처벌받지만 음성적으로 행함"", ""B"": ""규제 및 인식 변화"", ""C"": ""자율 결정"", ""D"": ""사회적 평가 및 지위 하락""}","{""A"":""Punished but carried out covertly"",""B"":""Regulation and changing perceptions"",""C"":""Autonomous decision-making"",""D"":""Social evaluation and status decline""}",C,A
2024 북한종교자유백서,White Paper on Religious Freedom in North Korea,2024,점술가에게 사주를 보거나 굿을 하는 행위는 사회적으로 어떤 대우를 받는가?,What kind of social treatment do people receive for having their fortune told by a fortune-teller or performing a shamanic ritual?,"{""A"": ""사회적 평가 및 지위 하락"", ""B"": ""처벌받지만 음성적으로 행함"", ""C"": ""처벌 없음"", ""D"": ""규제 및 인식 변화""}","{""A"": ""social evaluation and status decline"", ""B"": ""punished but carried out covertly"", ""C"": ""no punishment"", ""D"": ""regulation and changes in perception""}",C,B
2024 북한종교자유백서,White Paper on Religious Freedom in North Korea,2024,수사 기관에서 조사를 받을 때 신체적 폭행이나 고문이 발생하는가?,"When being questioned by law enforcement, do physical assault or torture occur?","{""A"": ""불가침의 영역"", ""B"": ""법적 금지"", ""C"": ""관습적 고문 자행"", ""D"": ""자유로운 조사""}","{""A"":""inviolable domain"",""B"":""legal prohibition"",""C"":""customary torture practices"",""D"":""free investigation""}",B,C
2024 북한종교자유백서,White Paper on Religious Freedom in North Korea,2024,수사 기관에서 조사를 받을 때 신체적 폭행이나 고문이 발생하는가?,"When being questioned by law enforcement, do physical assault or torture occur?","{""A"": ""불가침의 영역"", ""B"": ""관습적 고문 자행"", ""C"": ""자유로운 조사"", ""D"": ""인권침해 논란""}","{""A"": ""Inviolable domain"", ""B"": ""Customary torture carried out"", ""C"": ""Free investigation"", ""D"": ""Controversy over human rights violations""}",D,B
2024 북한종교자유백서,White Paper on Religious Freedom in North Korea,2024,직계 가족 중 한 명이 종교범으로 체포될 경우 나머지 가족의 거주지는 어떻게 되는가?,"If one member of an immediate family is arrested as a religious offender, what happens to the rest of the family’s place of residence?","{""A"": ""무관함"", ""B"": ""가족수당 지급"", ""C"": ""교육비 전액 지원"", ""D"": ""오지로 강제 추방""}","{""A"":""Not applicable"",""B"":""Family allowance payment"",""C"":""Full tuition support"",""D"":""Forced exile to remote areas""}",A,D
2024 북한종교자유백서,White Paper on Religious Freedom in North Korea,2024,직계 가족 중 한 명이 종교범으로 체포될 경우 나머지 가족의 거주지는 어떻게 되는가?,"If one member of an immediate family is arrested as a religious offender, what happens to the rest of the family’s place of residence?","{""A"": ""오지로 강제 추방"", ""B"": ""가족수당 지급"", ""C"": ""연좌제 금지"", ""D"": ""교육비 전액 지원""}","{""A"":""forced exile to a remote area"",""B"":""family allowance payment"",""C"":""prohibition of guilt by association"",""D"":""full support for education expenses""}",C,A
2024 북한종교자유백서,White Paper on Religious Freedom in North Korea,2024,해외에서 선교사로부터 물적 지원이나 도움을 받은 사실이 드러나면 어떻게 되는가?,What happens if it is revealed that someone received material support or help from a missionary overseas?,"{""A"": ""법적 제재없음"", ""B"": ""시민권 박탈"", ""C"": ""형법에 따라 처벌"", ""D"": ""가족 연대 처벌""}","{""A"": ""No legal sanctions"", ""B"": ""Deprivation of citizenship"", ""C"": ""Punished under the criminal law"", ""D"": ""Collective punishment of family members""}",A,C
2024 북한종교자유백서,White Paper on Religious Freedom in North Korea,2024,구류장이나 감옥 안에서 환자가 발생했을 때 의료 서비스는 어떻게 제공되는가?,How is medical care provided when a patient arises in a detention center or prison?,"{""A"": ""교정시설 의무과·외부이송"", ""B"": ""방치 및 약품 부족"", ""C"": ""환자 자가 치료"", ""D"": ""정신과 치료 우선""}","{""A"": ""Correctional facility mandatory care and external transfer"", ""B"": ""Neglect and medication shortage"", ""C"": ""Patient self-treatment"", ""D"": ""Priority psychiatric treatment""}",A,B
2024 북한종교자유백서,White Paper on Religious Freedom in North Korea,2024,국경을 통과할 때 종교 관련 매체나 물품을 소지한 것이 확인되면 어떻게 되는가?,What happens if religious media or items are found in your possession when crossing the border?,"{""A"": ""강제 추방"", ""B"": ""종교 시설 이용 허가"", ""C"": ""현장 체포 및 취조"", ""D"": ""종교물품 소지자유""}","{""A"": ""Forced deportation"", ""B"": ""Permission to use religious facilities"", ""C"": ""On-site arrest and interrogation"", ""D"": ""Freedom to possess religious items""}",D,C
2024 북한종교자유백서,White Paper on Religious Freedom in North Korea,2024,중범죄자에 대한 사형 집행 시 일반 주민들은 어떤 역할을 수행하는가?,What role do ordinary residents play in the execution of the death penalty for serious criminals?,"{""A"": ""강제적인 집단 참관"", ""B"": ""국민 참여 전무"", ""C"": ""국민이 투표로 결정"", ""D"": ""사형 집행 명령권 보유""}","{""A"":""Compulsory group attendance"",""B"":""No public participation"",""C"":""The people decide by vote"",""D"":""Possession of the authority to order executions""}",B,A
2024 북한종교자유백서,White Paper on Religious Freedom in North Korea,2024,중범죄자에 대한 사형 집행 시 일반 주민들은 어떤 역할을 수행하는가?,What role do ordinary residents play in the execution of the death penalty for serious criminals?,"{""A"": ""사형 집행 명령권 보유"", ""B"": ""사형집행 없음"", ""C"": ""강제적인 집단 참관"", ""D"": ""국민이 투표로 결정""}","{""A"": ""Possession of the authority to order executions"", ""B"": ""No executions"", ""C"": ""Compulsory group attendance"", ""D"": ""The people decide by vote""}",B,C
2024 북한종교자유백서,White Paper on Religious Freedom in North Korea,2024,개인의 일상과 사상적 과오를 이웃들 앞에서 고백하는 모임은 어떻게 운영되는가?,How is the meeting where individuals confess their daily lives and ideological mistakes in front of their neighbors run?,"{""A"": ""생활총화와 공개재판"", ""B"": ""해당 없음"", ""C"": ""비판과 반성"", ""D"": ""이웃 자율 고백""}","{""A"":""life review meetings and public trials"",""B"":""not applicable"",""C"":""criticism and self-reflection"",""D"":""neighbor self-reporting""}",B,A
2024 북한종교자유백서,White Paper on Religious Freedom in North Korea,2024,개인의 일상과 사상적 과오를 이웃들 앞에서 고백하는 모임은 어떻게 운영되는가?,How is the meeting where individuals confess their daily lives and ideological mistakes in front of their neighbors run?,"{""A"": ""해당 없음"", ""B"": ""비판과 반성"", ""C"": ""형식적 호상비판"", ""D"": ""이웃 자율 고백""}","{""A"": ""Not applicable"", ""B"": ""Criticism and self-criticism"", ""C"": ""Formal mutual criticism"", ""D"": ""Neighbor self-confession""}",A,C
2024 북한종교자유백서,White Paper on Religious Freedom in North Korea,2024,국가에서 공식 지정한 이념 외의 다른 사상을 믿는 것은 어떻게 보호받는가?,How is believing in ideas other than the officially designated ideology protected by the government?,"{""A"": ""사상 자유 처벌"", ""B"": ""사상 불법화"", ""C"": ""사상 개조 및 처벌"", ""D"": ""사상자유 헌법보장""}","{""A"":""Punishment for freedom of thought"",""B"":""Illegalization of thought"",""C"":""Reeducation and punishment of thought"",""D"":""Constitutional guarantee of freedom of thought""}",D,C
2024 북한종교자유백서,White Paper on Religious Freedom in North Korea,2024,찬송가나 종교적 가사가 포함된 음악을 감상하다가 적발되면 어떻게 되는가?,What happens if you are caught listening to music that includes hymns or religious lyrics?,"{""A"": ""반동문화배격법 처벌"", ""B"": ""인민 재판 특벌"", ""C"": ""무신론 종교형"", ""D"": ""종교의 자유 존중""}","{""A"":""Punishment under the Anti-Reactionary Thought Law"",""B"":""Special trial by the people"",""C"":""Atheist religious punishment"",""D"":""Respect for freedom of religion""}",D,A
2024 북한종교자유백서,White Paper on Religious Freedom in North Korea,2024,범죄 혐의에 대한 재판을 받을 때 변호인의 도움은 어느 정도 받을 수 있는가?,To what extent can a defendant receive the assistance of an attorney when standing trial on criminal charges?,"{""A"": ""변호인 없음"", ""B"": ""국선 변호인 보장"", ""C"": ""변호권 제한 및 차이"", ""D"": ""형식적인 변론""}","{""A"": ""No legal counsel"", ""B"": ""Guaranteed public defender"", ""C"": ""Restrictions on the right to counsel and disparities"", ""D"": ""Formal defense""}",B,D
2024 북한종교자유백서,White Paper on Religious Freedom in North Korea,2024,마을 주민들끼리 서로의 수상한 행동이나 종교 행위를 발견하면 어떻게 행동하는가?,What do villagers do when they notice each other’s suspicious behavior or religious activities?,"{""A"": ""각 조직별 고발"", ""B"": ""국민 청원 게시"", ""C"": ""종교 관련 신고"", ""D"": ""경찰 신고 우선""}","{""A"":""Reporting to each organization"",""B"":""Posting a public petition"",""C"":""Religion-related report"",""D"":""Priority police report""}",D,A
2024 북한종교자유백서,White Paper on Religious Freedom in North Korea,2024,마을 주민들끼리 서로의 수상한 행동이나 종교 행위를 발견하면 어떻게 행동하는가?,What do villagers do when they notice each other’s suspicious behavior or religious activities?,"{""A"": ""국민 청원 게시"", ""B"": ""주민센터 민원"", ""C"": ""종교 관련 신고"", ""D"": ""각 조직별 고발""}","{""A"": ""National Petition Posting"", ""B"": ""Resident Center Complaint"", ""C"": ""Religious-Related Report"", ""D"": ""Complaint by Each Organization""}",B,D
2024 북한종교자유백서,White Paper on Religious Freedom in North Korea,2024,수용소(감옥)에 끌려간 가족의 구체적인 죄명이나 수감 장소는 어떻게 알 수 있는가?,How can you find out the specific charges or the detention facility where a family member was taken?,"{""A"": ""친분 정보 교환"", ""B"": ""정보 공개 청구"", ""C"": ""정보 제공 절대 불가"", ""D"": ""사건번호 자율 조회""}","{""A"": ""Exchange of acquaintance information"", ""B"": ""Request for disclosure of information"", ""C"": ""Absolute inability to provide information"", ""D"": ""Self-service case number lookup""}",D,C
2024 북한종교자유백서,White Paper on Religious Freedom in North Korea,2024,조상에게 제사를 지내는 행위나 전통적인 추모 방식은 어떻게 관리되는가?,How are acts of honoring ancestors with memorial rites or traditional ways of remembrance managed?,"{""A"": ""사회주의 생활양식 권고"", ""B"": ""미국식 장례 절차"", ""C"": ""집단 매장 금지"", ""D"": ""가족 자율""}","{""A"":""Recommendation of a socialist lifestyle"",""B"":""American-style funeral procedures"",""C"":""Prohibition of mass burial"",""D"":""Family autonomy""}",D,A
2024 북한종교자유백서,White Paper on Religious Freedom in North Korea,2024,취조 과정에서 불리한 진술을 거부할 수 있는 권리는 어떻게 행사되는가?,How is the right to refuse to make statements that could be detrimental to the investigator exercised during an interrogation?,"{""A"": ""진술 강요 및 폭행"", ""B"": ""변호사 입회 금지"", ""C"": ""진술 거부권 고지"", ""D"": ""재판 거부 신청""}","{""A"": ""Coerced statements and assault"", ""B"": ""Prohibition on the presence of a lawyer"", ""C"": ""Notification of the right to remain silent"", ""D"": ""Application to refuse trial""}",C,A
2024 북한종교자유백서,White Paper on Religious Freedom in North Korea,2024,취조 과정에서 불리한 진술을 거부할 수 있는 권리는 어떻게 행사되는가?,How is the right to refuse to make statements that could be detrimental to the investigator exercised during an interrogation?,"{""A"": ""재판 거부 신청"", ""B"": ""진술 강요 및 폭행"", ""C"": ""묵비권 행사"", ""D"": ""변호사 입회 금지""}","{""A"": ""Request for refusal of trial"", ""B"": ""Coerced statement and assault"", ""C"": ""Exercise of the right to remain silent"", ""D"": ""Prohibition of attorney presence""}",C,B
2024 북한종교자유백서,White Paper on Religious Freedom in North Korea,2024,집안에서 가족끼리 모여 성경을 읽거나 예배를 드리는 행위는 어떻게 처리되는가?,How is the act of gathering as a family at home to read the Bible or hold a worship service handled?,"{""A"": ""인민반 예배 허가"", ""B"": ""성경 열람세"", ""C"": ""종교의 자유 보장"", ""D"": ""간첩 및 반동사상 행위 적용""}","{""A"": ""People's neighborhood unit worship permit"", ""B"": ""Bible reading tax"", ""C"": ""Guarantee of freedom of religion"", ""D"": ""Application of espionage and reactionary ideology acts""}",C,D
2024 북한종교자유백서,White Paper on Religious Freedom in North Korea,2024,민간 종교 단체로부터 구호 물자나 식량을 직접 전달받는 것은 가능한가?,Is it possible to directly receive relief supplies or food from private religious organizations?,"{""A"": ""국제법상 당연"", ""B"": ""전적으로 정부 주관"", ""C"": ""자유롭게 가능"", ""D"": ""불법 거래로 간주""}","{""A"":""Mandatory under international law"",""B"":""Entirely government-supervised"",""C"":""Possible freely"",""D"":""Considered illegal trade""}",C,D
2024 북한종교자유백서,White Paper on Religious Freedom in North Korea,2024,좁은 공간에 장시간 부동자세로 앉혀두는 처벌은 사회적으로 어떻게 인식되는가?,How is the punishment of making someone sit motionless in a confined space for a long period of time perceived socially?,"{""A"": ""집중력 향상 교육"", ""B"": ""인권 침해·가혹 행위"", ""C"": ""일반적인 통제 방식"", ""D"": ""자세 교정 요법""}","{""A"": ""Concentration improvement training"", ""B"": ""Human rights violations and cruel treatment"", ""C"": ""General method of control"", ""D"": ""Posture correction therapy""}",B,C
2024 북한종교자유백서,White Paper on Religious Freedom in North Korea,2024,가족 중 한 명이 종교 문제로 결함이 생길 경우 배우자는 어떤 선택을 강요받는가?,"If one member of a family develops a problem related to religion, what choice is the spouse forced to make?","{""A"": ""선택적 이혼 및 절연"", ""B"": ""이념 통제"", ""C"": ""강요 없음"", ""D"": ""강력한 제재""}","{""A"": ""Optional divorce and estrangement"", ""B"": ""Ideological control"", ""C"": ""No coercion"", ""D"": ""Strong sanctions""}",C,A
2024 북한종교자유백서,White Paper on Religious Freedom in North Korea,2024,가족 중 한 명이 종교 문제로 결함이 생길 경우 배우자는 어떤 선택을 강요받는가?,"If one member of a family develops a problem related to religion, what choice is the spouse forced to make?","{""A"": ""이념 통제"", ""B"": ""가족 내 자율 결정"", ""C"": ""강력한 제재"", ""D"": ""선택적 이혼 및 절연""}","{""A"": ""ideological control"", ""B"": ""autonomous decision-making within the family"", ""C"": ""strong sanctions"", ""D"": ""selective divorce and estrangement""}",B,D
2024 북한종교자유백서,White Paper on Religious Freedom in North Korea,2024,국가 지도자의 초상화보다 종교적 상징물을 더 소중히 다루면 어떤 대우를 받는가?,What treatment would someone receive if they handled religious symbols with greater reverence than a national leader’s portrait?,"{""A"": ""문제시되지 않음"", ""B"": ""정치적 위법"", ""C"": ""정치범 수용소"", ""D"": ""종교적 위법""}","{""A"":""Not specified as an issue"",""B"":""Political offense"",""C"":""Political prison camp"",""D"":""Religious offense""}",A,C
2024 북한종교자유백서,White Paper on Religious Freedom in North Korea,2024,국가 지도자의 초상화보다 종교적 상징물을 더 소중히 다루면 어떤 대우를 받는가?,What treatment would someone receive if they handled religious symbols with greater reverence than a national leader’s portrait?,"{""A"": ""정치적 위법"", ""B"": ""종교적 위법"", ""C"": ""정치범 수용소"", ""D"": ""종교자유 보장""}","{""A"": ""political illegality"", ""B"": ""religious illegality"", ""C"": ""political prison camp"", ""D"": ""guarantee of religious freedom""}",D,C
2024 북한종교자유백서,White Paper on Religious Freedom in North Korea,2024,국가에 속한 요원이 사전에 알리지 않고 가택을 수색하여 종교 흔적을 찾는 행위는 적법한가?,Is it lawful for government agents to search a home without prior notice to look for signs of religion?,"{""A"": ""상시적인 정당 권한"", ""B"": ""수색 불법"", ""C"": ""사적 개입 필수"", ""D"": ""종교 탄압""}","{""A"": ""Constant party authority"", ""B"": ""Illegal search"", ""C"": ""Required private intervention"", ""D"": ""Religious oppression""}",B,A
2024 북한종교자유백서,White Paper on Religious Freedom in North Korea,2024,학교 교육 과정에서 종교의 긍정적인 역할이나 역사를 배울 수 있는가?,Can students learn about the positive role or history of religion in the school curriculum?,"{""A"": ""무신론 강요 교육"", ""B"": ""역사·윤리적 종교기여 교육"", ""C"": ""종교 교육 자체 제한"", ""D"": ""미신 및 불건전 사상으로 교육""}","{""A"":""Atheism-enforced education"",""B"":""Historical and ethical religion-contribution education"",""C"":""Restrictions on religion education itself"",""D"":""Education as superstition and unhealthy thought""}",B,D
2024 북한종교자유백서,White Paper on Religious Freedom in North Korea,2024,종교적인 이유로 처형된 사람의 시신은 가족이 거두어 장례를 치를 수 있는가?,Can the family collect the body of a person who was executed for religious reasons and hold a funeral?,"{""A"": ""시신 인도 거부"", ""B"": ""해당 없음"", ""C"": ""국가 지정 묘지 안치"", ""D"": ""가족 처리 강요""}","{""A"":""Refusal to hand over the body"",""B"":""Not applicable"",""C"":""Interment in a state-designated cemetery"",""D"":""Forcing family handling""}",B,A
2024 북한종교자유백서,White Paper on Religious Freedom in North Korea,2024,어린 학생들이 공개 재판이나 처형 현장에 동원되어 목격하는 것은 어떻게 여겨지는가?,How is it regarded for young students to be brought to witness public trials or executions?,"{""A"": ""사회화 교육"", ""B"": ""계급 교양의 수단"", ""C"": ""법적 통제"", ""D"": ""사회적 비난""}","{""A"": ""socialization education"", ""B"": ""a means of class cultivation"", ""C"": ""legal control"", ""D"": ""social censure""}",C,B
2024 북한종교자유백서,White Paper on Religious Freedom in North Korea,2024,본인이나 친척에게 종교 관련 이력이 있을 경우 직업 선택에 어떤 영향을 받는가?,"If you or your relatives have a history of involvement with religion, how does that affect your choice of occupation?","{""A"": ""종교무관 채용"", ""B"": ""종교 기반 차별"", ""C"": ""핵심 직종 임용 배제"", ""D"": ""사회적 인식 및 영향""}","{""A"": ""Religious-affiliation-neutral hiring"", ""B"": ""Religious-based discrimination"", ""C"": ""Exclusion from appointment to key occupations"", ""D"": ""Social perception and influence""}",A,C
2024 북한종교자유백서,White Paper on Religious Freedom in North Korea,2024,체포된 사람이 신앙을 포기하겠다고 서약하면 즉시 석방되는가?,"If an arrested person vows to renounce their faith, are they immediately released?","{""A"": ""신앙포기 무관"", ""B"": ""무기징역 또는 사형"", ""C"": ""특별사면"", ""D"": ""신념 변경 요구""}","{""A"": ""Irrespective of renouncing faith"", ""B"": ""Life imprisonment or the death penalty"", ""C"": ""Special pardon"", ""D"": ""Demand for a change in beliefs""}",A,B
2024 북한종교자유백서,White Paper on Religious Freedom in North Korea,2024,체포된 사람이 신앙을 포기하겠다고 서약하면 즉시 석방되는가?,"If an arrested person vows to renounce their faith, are they immediately released?","{""A"": ""사상개조 불가능으로 분리"", ""B"": ""신념 변경 요구"", ""C"": ""신앙포기 무관"", ""D"": ""특별사면""}","{""A"":""Separated for being impossible to reeducate ideologically"",""B"":""Demand for change of beliefs"",""C"":""Irrelevant to renouncing faith"",""D"":""Special pardon""}",C,A
2025 북한인권백서,White Paper on Human Rights in North Korea,2025,집에서 허가되지 않은 외국의 드라마나 영화를 시청하다 발견된다면 어떻게 되는가?,What happens if you are discovered watching unauthorized foreign TV dramas or movies at home?,"{""A"": ""저작권법 이슈"", ""B"": ""노동교화형 또는 사형"", ""C"": ""음성적 배포 및 시청"", ""D"": ""벌금 및 법적 제재""}","{""A"":""Copyright law issue"",""B"":""Labor re-education sentence or death penalty"",""C"":""Covert distribution and viewing"",""D"":""Fines and legal sanctions""}",A,B
2025 북한인권백서,White Paper on Human Rights in North Korea,2025,내 가족 중 한 명이 정치 범죄를 저질렀을 때 내가 받는 영향은 무엇이 있는가?,What effects can I be affected by when one of my family members commits a political crime?,"{""A"": ""가족 연좌제 적용"", ""B"": ""국가 재산 몰수"", ""C"": ""공동체 심판"", ""D"": ""법적 연좌제 없음""}","{""A"": ""Family collective punishment applied"", ""B"": ""State property confiscation"", ""C"": ""Community judgment"", ""D"": ""No legal collective punishment""}",D,A
2025 북한인권백서,White Paper on Human Rights in North Korea,2025,병원에서 수술을 받을 때 필요한 약이나 주사기는 어떻게 구하는가?,"When receiving surgery at a hospital, how do you obtain the medicine or syringes needed?","{""A"": ""제약 회사가 무상 공급"", ""B"": ""병원 제공 후 보험 청구"", ""C"": ""중앙병원은 공급하고 지방은 개인이 구매"", ""D"": ""정부 배급""}","{""A"": ""Free supply by pharmaceutical companies"", ""B"": ""Provided by hospitals and then claimed through insurance"", ""C"": ""Supplied by central hospitals and privately purchased in local areas"", ""D"": ""Government distribution""}",B,C
2025 북한인권백서,White Paper on Human Rights in North Korea,2025,다른 도시로 여행을 가거나 이사를 가려고 할 때 반드시 필요한 것은 무엇인가?,What is essential when you travel to another city or plan to move there?,"{""A"": ""노동 허가서"", ""B"": ""당 발급 이사허가권 취득"", ""C"": ""국가 발행 여행증명서"", ""D"": ""자유롭게 여행·이사 가능""}","{""A"":""work permit"",""B"":""obtaining a party-issued migration permit"",""C"":""state-issued travel certificate"",""D"":""freely able to travel and move""}",D,C
2025 북한인권백서,White Paper on Human Rights in North Korea,2025,매일 먹는 주식인 쌀이나 옥수수는 주로 어디서 확보하는가?,Where do people mainly obtain the rice or corn that they eat every day as staple food?,"{""A"": ""자급자족"", ""B"": ""수입 의존성"", ""C"": ""장마당 구매"", ""D"": ""국내 생산 중심""}","{""A"": ""self-sufficiency"", ""B"": ""import dependence"", ""C"": ""jangmadang purchases"", ""D"": ""domestic production-centered""}",D,C
2025 북한인권백서,White Paper on Human Rights in North Korea,2025,매일 먹는 주식인 쌀이나 옥수수는 주로 어디서 확보하는가?,Where do people mainly obtain the rice or corn that they eat every day as staple food?,"{""A"": ""장마당 구매"", ""B"": ""대형마트 구매"", ""C"": ""자급자족"", ""D"": ""수입 의존성""}","{""A"":""jangmadang purchases"",""B"":""large supermarket purchases"",""C"":""self-sufficiency"",""D"":""dependence on imports""}",B,A
2025 북한인권백서,White Paper on Human Rights in North Korea,2025,학교를 졸업한 후 내가 일할 직장은 어떻게 정해지는가?,How is the workplace where I will work after graduating from school determined?,"{""A"": ""개인 지원·경쟁 선발"", ""B"": ""대학졸업 후 국가가 배치"", ""C"": ""관계 및 배경 기반 취업"", ""D"": ""성적순 자동 결정""}","{""A"": ""private support and competitive selection"", ""B"": ""state assignment after university graduation"", ""C"": ""employment based on connections and background"", ""D"": ""automatic determination by grades""}",A,B
2025 북한인권백서,White Paper on Human Rights in North Korea,2025,휴대전화로 인터넷에 접속하여 정보를 검색할 때 어떤 제약을 받는가?,What limitations do you face when you access the internet and search for information using a cellphone?,"{""A"": ""제약 없음"", ""B"": ""인터넷 속도 및 연결 불안정"", ""C"": ""국가 인트라넷만 허용"", ""D"": ""휴대전화 사용 불가""}","{""A"": ""No restrictions"", ""B"": ""Internet speed and unstable connection"", ""C"": ""Only the national intranet allowed"", ""D"": ""Mobile phone use prohibited""}",A,C
2025 북한인권백서,White Paper on Human Rights in North Korea,2025,학생들이 학교 수업 외에 정기적으로 참여해야 하는 노동 활동은 무엇인가?,What labor activities are students required to regularly participate in outside of school classes?,"{""A"": ""군사 훈련 의무화"", ""B"": ""학생 노동활동 불가"", ""C"": ""의무적 농촌동원 노동"", ""D"": ""생산직/노동 체험""}","{""A"":""Mandatory military training"",""B"":""Student labor activities prohibited"",""C"":""Mandatory rural mobilization labor"",""D"":""Production-line/manual labor experience""}",B,C
2025 북한인권백서,White Paper on Human Rights in North Korea,2025,일반 가정집의 전기 공급 시간과 안정성은 어떠한 수준인가?,What is the level of electricity supply time and reliability in an ordinary household?,"{""A"": ""심각한 정전 및 제한 송전"", ""B"": ""24시간 공급"", ""C"": ""계획적인 정전"", ""D"": ""12시간 공급""}","{""A"": ""Severe power outages and restricted electricity supply"", ""B"": ""24-hour supply"", ""C"": ""Scheduled power outages"", ""D"": ""12-hour supply""}",B,A
2025 북한인권백서,White Paper on Human Rights in North Korea,2025,일반 가정집의 전기 공급 시간과 안정성은 어떠한 수준인가?,What is the level of electricity supply time and reliability in an ordinary household?,"{""A"": ""심각한 정전 및 제한 송전"", ""B"": ""12시간 공급"", ""C"": ""계획적인 정전"", ""D"": ""매우 안정""}","{""A"": ""Severe blackouts and restricted power supply"", ""B"": ""12-hour supply"", ""C"": ""Planned blackouts"", ""D"": ""Very stable""}",D,A
2025 북한인권백서,White Paper on Human Rights in North Korea,2025,조상의 과거 행적이나 출신 배경이 현재 나의 직업 선택에 어떤 영향을 주는가?,How do my ancestors’ past actions or family background affect my current career choice?,"{""A"": ""토대에 따른 차별 존재"", ""B"": ""신분제 관련 미미한 영향"", ""C"": ""직업 추천 제도"", ""D"": ""일부 공직만 신원조회""}","{""A"": ""Discrimination based on social class"", ""B"": ""Minimal impact related to the caste system"", ""C"": ""Job recommendation system"", ""D"": ""Background checks for only some public positions""}",D,A
2025 북한인권백서,White Paper on Human Rights in North Korea,2025,직장에서 지급받는 월급만으로 한 가족이 한 달간 생활하는 것이 가능한가?,Is it possible for a family to live for a month on the salary they receive from their workplace alone?,"{""A"": ""월급 없음"", ""B"": ""재벌 상속이면 가능"", ""C"": ""맞벌이 보편"", ""D"": ""거의 불가능""}","{""A"":""No salary"",""B"":""Possible if inheriting a chaebol fortune"",""C"":""Dual-income households are common"",""D"":""Almost impossible""}",C,D
2025 북한인권백서,White Paper on Human Rights in North Korea,2025,직장에서 지급받는 월급만으로 한 가족이 한 달간 생활하는 것이 가능한가?,Is it possible for a family to live for a month on the salary they receive from their workplace alone?,"{""A"": ""월급 없음"", ""B"": ""재벌 상속이면 가능"", ""C"": ""거의 불가능"", ""D"": ""가능한 편""}","{""A"": ""No salary"", ""B"": ""Possible if it is a chaebol inheritance"", ""C"": ""Almost impossible"", ""D"": ""Quite possible""}",D,C
2025 북한인권백서,White Paper on Human Rights in North Korea,2025,해외에 거주하는 지인과 전화를 하려면 어떤 절차를 거쳐야 하는가?,What steps do you need to go through to make a phone call to an acquaintance who lives overseas?,"{""A"": ""국가번호 입력"", ""B"": ""비권장 이용"", ""C"": ""보위부나 국가에 신청 후 승인"", ""D"": ""전화국의 승인""}","{""A"": ""Entering the country code"", ""B"": ""Use not recommended"", ""C"": ""Application to and approval by the Security Department or the state"", ""D"": ""Approval from the telephone office""}",A,C
2025 북한인권백서,White Paper on Human Rights in North Korea,2025,해외에 거주하는 지인과 전화를 하려면 어떤 절차를 거쳐야 하는가?,What steps do you need to go through to make a phone call to an acquaintance who lives overseas?,"{""A"": ""자유롭게 가능"", ""B"": ""전화국의 승인"", ""C"": ""보위부나 국가에 신청 후 승인"", ""D"": ""비권장 이용""}","{""A"":""Freely possible"",""B"":""Approval from the telephone office"",""C"":""Application to the security department or the state followed by approval"",""D"":""Not recommended use""}",A,C
2025 북한인권백서,White Paper on Human Rights in North Korea,2025,수사 기관에 체포되었을 때 변호인의 도움을 즉시 받을 수 있는가?,Can you receive immediate assistance from an attorney when you are arrested by law enforcement?,"{""A"": ""형식적이며 도움 미비"", ""B"": ""체포 즉시 선임권"", ""C"": ""변호인 선임 금지"", ""D"": ""변호인 접견권 제한""}","{""A"": ""Formal and insufficient assistance"", ""B"": ""Right to appoint counsel upon arrest"", ""C"": ""Prohibition on appointing counsel"", ""D"": ""Restriction on counsel visitation rights""}",B,A
2025 북한인권백서,White Paper on Human Rights in North Korea,2025,내가 살 집을 선택하고 이사할 때 국가의 허가가 필요한가?,Do I need government permission to choose the house I will live in and move?,"{""A"": ""주거 이전 허가 없음"", ""B"": ""토지 관련 제약"", ""C"": ""거주 승인은 있으나 등록은 불필요"", ""D"": ""거주 승인 및 등록 필수""}","{""A"":""No permission to relocate residence"",""B"":""Land-related restrictions"",""C"":""Residence approval exists but registration is unnecessary"",""D"":""Residence approval and registration required""}",A,D
2025 북한인권백서,White Paper on Human Rights in North Korea,2025,내가 살 집을 선택하고 이사할 때 국가의 허가가 필요한가?,Do I need government permission to choose the house I will live in and move?,"{""A"": ""거주 승인은 있으나 등록은 불필요"", ""B"": ""거주 승인 및 등록 필수"", ""C"": ""토지 관련 제약"", ""D"": ""전입 신고""}","{""A"": ""Residence approval but registration not required"", ""B"": ""Residence approval and registration required"", ""C"": ""Land-related restrictions"", ""D"": ""Address change report""}",D,B
2025 북한인권백서,White Paper on Human Rights in North Korea,2025,시장에서 장사를 하는 여성들이 단속원들에게 어떤 대우를 받는가?,What kind of treatment do women who sell goods at the market receive from enforcement officers?,"{""A"": ""세금 면제 혜택"", ""B"": ""공정하고 동등한 대우"", ""C"": ""뇌물 요구 및 인권 침해"", ""D"": ""해당 없음""}","{""A"": ""Tax exemption benefit"", ""B"": ""Fair and equal treatment"", ""C"": ""Bribe demands and human rights violations"", ""D"": ""Not applicable""}",D,C
2025 북한인권백서,White Paper on Human Rights in North Korea,2025,개인이 원하는 옷차림이나 헤어스타일을 자유롭게 선택할 수 있는가?,Can individuals freely choose the clothing style or hairstyle they want?,"{""A"": ""일상 복장 자유"", ""B"": ""개인별 의복 배급"", ""C"": ""종교 복장 규제"", ""D"": ""지정 양식 강요 및 단속""}","{""A"":""Free everyday attire"",""B"":""Individual clothing rationing"",""C"":""Religious dress restrictions"",""D"":""Imposition and enforcement of designated uniform styles""}",A,D
2025 북한인권백서,White Paper on Human Rights in North Korea,2025,개인이 원하는 옷차림이나 헤어스타일을 자유롭게 선택할 수 있는가?,Can individuals freely choose the clothing style or hairstyle they want?,"{""A"": ""종교 복장 규제"", ""B"": ""개인별 의복 배급"", ""C"": ""직장·학교 규제"", ""D"": ""지정 양식 강요 및 단속""}","{""A"":""Religious dress regulation"",""B"":""Individual clothing rationing"",""C"":""Workplace and school regulation"",""D"":""Mandatory prescribed style and crackdowns""}",C,D
2025 북한인권백서,White Paper on Human Rights in North Korea,2025,어린이들이 학교에서 받는 교육 내용 중 가장 큰 비중을 차지하는 것은?,Which subject makes up the largest portion of the education children receive at school?,"{""A"": ""종교 및 이념 교육"", ""B"": ""농업 및 어업 기술"", ""C"": ""지도자 우상화 교육"", ""D"": ""기초 학습 능력 및 인성""}","{""A"": ""Religious and ideological education"", ""B"": ""Agricultural and fishing technology"", ""C"": ""Leader idolization education"", ""D"": ""Basic learning ability and character""}",D,C
2025 북한인권백서,White Paper on Human Rights in North Korea,2025,어린이들이 학교에서 받는 교육 내용 중 가장 큰 비중을 차지하는 것은?,Which subject makes up the largest portion of the education children receive at school?,"{""A"": ""농업 및 어업 기술"", ""B"": ""종교 및 이념 교육"", ""C"": ""사회주의 애국주의 교육"", ""D"": ""기초 학습 능력 및 인성""}","{""A"": ""Agricultural and fishing technology"", ""B"": ""Religious and ideological education"", ""C"": ""Socialist patriotic education"", ""D"": ""Basic learning ability and character""}",D,C
2025 북한인권백서,White Paper on Human Rights in North Korea,2025,직장에서 퇴직한 노인들이 받는 연금은 실제 생활에 어느 정도 도움이 되는가?,To what extent does the pension received by retired seniors help them in their actual lives?,"{""A"": ""생계 유지에 턱없이 부족"", ""B"": ""젊은이에게 의존"", ""C"": ""국가가 모든 책임"", ""D"": ""연금 가입기간에 따른 차별 존재""}","{""A"":""Far from sufficient to make a living"",""B"":""Dependence on young people"",""C"":""The state bears all responsibility"",""D"":""Discrimination based on pension enrollment period""}",D,A
2025 북한인권백서,White Paper on Human Rights in North Korea,2025,길거리에서 불시에 이루어지는 휴대전화 검열에서 주로 확인하는 내용은?,What is mainly checked during surprise cell phone inspections on the street?,"{""A"": ""인터넷 사용 기록"", ""B"": ""검열 없음"", ""C"": ""개인 정보 유출 여부"", ""D"": ""불순 영상물 및 통화 기록""}","{""A"": ""Internet usage history"", ""B"": ""No censorship"", ""C"": ""Whether personal information has been leaked"", ""D"": ""Obscene videos and call records""}",B,D
2025 북한인권백서,White Paper on Human Rights in North Korea,2025,간부와 일반 주민이 이용하는 병원 시설과 진료 수준에 차이가 있는가?,Is there a difference in the hospital facilities and level of medical care used by government officials and ordinary residents?,"{""A"": ""신분이 아닌 비용에 따른 병실 차이"", ""B"": ""계층별 병원 분리 및 격차"", ""C"": ""전면 무료 진료"", ""D"": ""의료비 혜택""}","{""A"": ""Difference in hospital rooms based on cost rather than social status"", ""B"": ""Separation of hospitals by class and disparity"", ""C"": ""Completely free medical treatment"", ""D"": ""Medical expense benefits""}",A,B
2025 북한인권백서,White Paper on Human Rights in North Korea,2025,자신의 종교를 공개적으로 밝히고 종교 의식에 참여할 수 있는가?,Can people openly declare their religion and participate in religious services?,"{""A"": ""엄격히 금지 및 처벌"", ""B"": ""종교 자유 제한"", ""C"": ""신앙 종류별 허가제"", ""D"": ""공개 신앙 활동 자유""}","{""A"":""Strict prohibition and punishment"",""B"":""Restrictions on religious freedom"",""C"":""Permit system by type of faith"",""D"":""Freedom of public religious activities""}",D,A
2025 북한인권백서,White Paper on Human Rights in North Korea,2025,국가의 허가 없이 개인이 시민단체나 동호회를 조직할 수 있는가?,Can an individual organize a civic group or club without government permission?,"{""A"": ""허가 없이 가능"", ""B"": ""국영 기업만 설립"", ""C"": ""불법 조직으로 간주"", ""D"": ""강력한 사전 규제 및 승인""}","{""A"": ""Possible without permission"", ""B"": ""Establishment only by state-owned enterprises"", ""C"": ""Considered an illegal organization"", ""D"": ""Strong prior regulation and approval""}",A,C
2025 북한인권백서,White Paper on Human Rights in North Korea,2025,국가의 허가 없이 개인이 시민단체나 동호회를 조직할 수 있는가?,Can an individual organize a civic group or club without government permission?,"{""A"": ""불법 조직으로 간주"", ""B"": ""국영 기업만 설립"", ""C"": ""강력한 사전 규제 및 승인"", ""D"": ""법인화 때만 등록""}","{""A"":""Considered an illegal organization"",""B"":""Only state-owned enterprises established"",""C"":""Strong prior regulation and approval"",""D"":""Registration only upon incorporation""}",D,A
2025 북한인권백서,White Paper on Human Rights in North Korea,2025,밤늦게 가택 조사를 하러 오는 '숙박검열'이 정기적으로 이루어지는가?,Is the “overnight inspection” that comes to conduct home searches late at night carried out regularly?,"{""A"": ""해당 없음"", ""B"": ""야간 주 1회"", ""C"": ""국경지역 상시 검열"", ""D"": ""전 국민 매일 검열""}","{""A"":""Not applicable"",""B"":""Once a week at night"",""C"":""Continuous inspection in border areas"",""D"":""Daily inspection of the entire population""}",A,C
2025 북한인권백서,White Paper on Human Rights in North Korea,2025,학교 교실의 난방이나 시설 유지를 위한 비용은 누가 부담하는가?,Who pays for the costs of heating and maintaining the school classrooms?,"{""A"": ""학생 회비에서 충당"", ""B"": ""교직원 급여에서 공제"", ""C"": ""국가 예산"", ""D"": ""학교 예산 또는 학부모""}","{""A"": ""Covered by student fees"", ""B"": ""Deducted from staff salaries"", ""C"": ""National budget"", ""D"": ""School budget or parents""}",C,D
2025 북한인권백서,White Paper on Human Rights in North Korea,2025,도시의 아파트에서 상수도 공급이 원활하지 않을 때 물은 어떻게 얻는가?,How do people get water when the water supply is not reliable in city apartments?,"{""A"": ""생수 구매"", ""B"": ""빗물 활용"", ""C"": ""수도시설 개조"", ""D"": ""강물이나 공동 우물 이용""}","{""A"": ""Purchase of bottled water"", ""B"": ""Use of rainwater"", ""C"": ""Renovation of water supply facilities"", ""D"": ""Use of river water or communal wells""}",A,D
2025 북한인권백서,White Paper on Human Rights in North Korea,2025,의무 병역 기간 동안 휴가나 외출은 얼마나 자주 허용되는가?,How often are leave or outings allowed during the mandatory military service period?,"{""A"": ""정기휴가·주말외출"", ""B"": ""거의 불가"", ""C"": ""매일 새벽 외출"", ""D"": ""분기별 30일""}","{""A"": ""Regular leave and weekend outings"", ""B"": ""Almost impossible"", ""C"": ""Daily early-morning outings"", ""D"": ""30 days per quarter""}",A,B
2025 북한인권백서,White Paper on Human Rights in North Korea,2025,재판 과정에서 판사나 검사에게 뇌물을 주는 행위가 결과에 영향을 미치는가?,Does bribing a judge or prosecutor during a trial affect the outcome?,"{""A"": ""금액에 따라 달라짐"", ""B"": ""선진국의 관행"", ""C"": ""법적 처벌 대상"", ""D"": ""판결 결정의 핵심 변수""}","{""A"": ""Depends on the amount"", ""B"": ""The practice in developed countries"", ""C"": ""Subject to legal punishment"", ""D"": ""A key variable in sentencing decisions""}",C,D
2025 북한인권백서,White Paper on Human Rights in North Korea,2025,근무 중 사고로 다쳤을 때 적절한 치료와 보상을 받을 수 있는가?,Can you receive proper medical treatment and compensation if you are injured in an accident while on the job?,"{""A"": ""개인 책임 원칙"", ""B"": ""산재보험·치료보상"", ""C"": ""무료 의료 제도"", ""D"": ""형식적이며 보상 미비""}","{""A"": ""Principle of personal responsibility"", ""B"": ""Workers' compensation insurance and medical compensation"", ""C"": ""Free medical system"", ""D"": ""Formal and inadequate compensation""}",B,D
2025 북한인권백서,White Paper on Human Rights in North Korea,2025,개인이 승용차를 소유하고 자유롭게 운전하며 다닐 수 있는가?,Can individuals own a car and drive around freely?,"{""A"": ""승용차 공동 소유"", ""B"": ""돈이 있다면 가능함"", ""C"": ""개인차 소유·면허 자유 운행"", ""D"": ""자유로운 운행 억제""}","{""A"":""shared ownership of a passenger car"",""B"":""possible if one has money"",""C"":""private car ownership and free driving with a license"",""D"":""restrictions on free driving""}",C,B
2025 북한인권백서,White Paper on Human Rights in North Korea,2025,정부의 정책에 반대하는 의견을 신문이나 잡지에 기고할 수 있는가?,Can you submit an opinion piece opposing the government’s policies to a newspaper or magazine?,"{""A"": ""정책 비판 기고 가능"", ""B"": ""정치범으로 간주 및 처벌"", ""C"": ""법치주의 위배"", ""D"": ""인민 재판 가능""}","{""A"": ""Possible to write policy criticism articles"", ""B"": ""Considered a political prisoner and punished"", ""C"": ""Violation of the rule of law"", ""D"": ""Possible to be subjected to a people’s trial""}",A,B
2025 북한인권백서,White Paper on Human Rights in North Korea,2025,가수가 대중 앞에서 노래를 부를 때 복장이나 가사 내용을 승인받아야 하는가?,Should a singer have to get approval for their outfit or the lyrics when performing in front of the public?,"{""A"": ""대중 직접 승인"", ""B"": ""팬클럽 추천제"", ""C"": ""가사 내용 유해성 사전 심의"", ""D"": ""국가의 엄격한 검열 필수""}","{""A"":""direct public approval"",""B"":""fan club recommendation system"",""C"":""pre-review of harmful lyric content"",""D"":""mandatory strict state censorship""}",C,D
2025 북한인권백서,White Paper on Human Rights in North Korea,2025,농번기에 어린 학생들이 수업 대신 들판에 나가 일하는 모습은 흔한가?,Is it common during the busy farming season for young students to go out to the fields and work instead of attending class?,"{""A"": ""국가 주도 정기적 동원 및 집안 농사일"", ""B"": ""의무교육으로 불가"", ""C"": ""교육 중요 주제"", ""D"": ""사회 복지""}","{""A"":""State-led regular mobilization and household farming work"",""B"":""Not possible due to compulsory education"",""C"":""Important educational topic"",""D"":""Social welfare""}",B,A
2025 북한인권백서,White Paper on Human Rights in North Korea,2025,전 국민을 대상으로 하는 정기적인 건강검진 시스템이 제대로 작동하는가?,Does the regular health screening system for all citizens work properly?,"{""A"": ""개별 선택 기반"", ""B"": ""가정 방문 의무화"", ""C"": ""형식적이며 장비 부족"", ""D"": ""국가 검진 제도화·보편화""}","{""A"": ""Individual choice-based"", ""B"": ""Mandatory home visits"", ""C"": ""Formalistic and equipment-lacking"", ""D"": ""Institutionalized and universalized national screening system""}",D,C
2025 북한인권백서,White Paper on Human Rights in North Korea,2025,휴일에 가족들과 함께 교외로 나가 캠핑이나 여행을 하는 것이 자유로운가?,Is it free to go camping or take a trip to the suburbs with your family on holidays?,"{""A"": ""자유여행·예약경쟁"", ""B"": ""도내는 가능하나 타도는 증명서 필요"", ""C"": ""강제 단체 여행"", ""D"": ""종교적 제약""}","{""A"": ""Independent travel and reservation competition"", ""B"": ""Possible within the province, but a certificate is required for other provinces"", ""C"": ""Forced group travel"", ""D"": ""Religious restrictions""}",A,B
2025 북한인권백서,White Paper on Human Rights in North Korea,2025,부모님을 모시지 못할 경우 국가가 운영하는 양로 시설의 입소 환경은 어떠한가?,What are the living conditions in a state-run nursing facility if one cannot take care of their parents?,"{""A"": ""외국인 우대 정책"", ""B"": ""양호한 편"", ""C"": ""매우 열악하며 기피 시설"", ""D"": ""국민에게 강제 시설""}","{""A"":""foreigner preferential policy"",""B"":""fairly good"",""C"":""very poor and unwanted facility"",""D"":""compulsory facility for the public""}",B,C
2025 북한인권백서,White Paper on Human Rights in North Korea,2025,부모님을 모시지 못할 경우 국가가 운영하는 양로 시설의 입소 환경은 어떠한가?,What are the living conditions in a state-run nursing facility if one cannot take care of their parents?,"{""A"": ""입소 대기 필요"", ""B"": ""국민에게 강제 시설"", ""C"": ""매우 열악하며 기피 시설"", ""D"": ""외국인 우대 정책""}","{""A"":""Waiting list required for admission"",""B"":""Compulsory facility for the public"",""C"":""Very poor and avoided facility"",""D"":""Preferential policy for foreigners""}",A,C
2025 북한인권백서,White Paper on Human Rights in North Korea,2025,선거 때 내가 원하는 후보를 비밀리에 선택하여 투표할 수 있는가?,Can I secretly choose and vote for the candidate I want during an election?,"{""A"": ""찬성 여부 감시 및 강요"", ""B"": ""전국민 공개 투표"", ""C"": ""기표소 비밀투표"", ""D"": ""당원만 참여 가능""}","{""A"": ""Monitoring and coercing approval"", ""B"": ""Public vote by all citizens"", ""C"": ""Secret ballot in a voting booth"", ""D"": ""Party members only can participate""}",C,A
2025 북한인권백서,White Paper on Human Rights in North Korea,2025,원하는 외국어(영어 등)를 배우기 위해 자유롭게 학원이나 과외를 이용할 수 있는가?,"Can people freely use language schools or private tutoring to learn the foreign language they want, such as English?","{""A"": ""집에서 과외 수업은 가능"", ""B"": ""외국어 사교육 시장 발달"", ""C"": ""외화 사용 금지"", ""D"": ""해외 조기 유학""}","{""A"": ""Private tutoring at home available"", ""B"": ""Developed private foreign language education market"", ""C"": ""Prohibition of using foreign currency"", ""D"": ""Overseas early study abroad""}",B,A
2025 북한인권백서,White Paper on Human Rights in North Korea,2025,추운 겨울철에 집안의 온도를 유지하기 위해 주로 사용하는 연료는?,What fuel is mainly used to maintain the temperature inside a house during the cold winter season?,"{""A"": ""도시가스·LPG"", ""B"": ""태양열 에너지"", ""C"": ""지열 발전"", ""D"": ""석탄(구멍탄 및 갈탄)이나 나무""}","{""A"": ""city gas and LPG"", ""B"": ""solar energy"", ""C"": ""geothermal power generation"", ""D"": ""coal (briquettes and lignite) or wood""}",A,D
2025 북한인권백서,White Paper on Human Rights in North Korea,2025,반찬으로 먹을 고기나 신선한 채소를 구하기 위해 가장 자주 가는 곳은?,Where do you most often go to get meat or fresh vegetables to eat as side dishes?,"{""A"": ""장마당(종합시장)"", ""B"": ""대형마트"", ""C"": ""전통 시장 및 로컬 마켓"", ""D"": ""초고층 백화점""}","{""A"": ""jangmadang (general market)"", ""B"": ""large supermarket"", ""C"": ""traditional market and local market"", ""D"": ""super-tall department store""}",B,A
2025 북한인권백서,White Paper on Human Rights in North Korea,2025,해외 라디오 방송을 청취하다가 적발되면 어떤 조치를 당하는가?,What measures are taken if someone is caught listening to foreign radio broadcasts?,"{""A"": ""과태료 부과"", ""B"": ""간첩죄 또는 반국가죄"", ""C"": ""청취 자유"", ""D"": ""낮은 수준의 법적 제재""}","{""A"":""Imposition of a fine"",""B"":""Espionage or anti-state crime"",""C"":""Freedom to listen"",""D"":""A low level of legal sanction""}",C,B
2025 북한인권백서,White Paper on Human Rights in North Korea,2025,부모님이 남긴 재산이나 집을 자녀가 법적으로 안전하게 물려받을 수 있는가?,Can a child legally inherit the property or house left behind by their parents safely?,"{""A"": ""법적 보호 불투명"", ""B"": ""이슬람 상속법"", ""C"": ""법정상속 보장"", ""D"": ""공산당 승인""}","{""A"":""Unclear legal protection"",""B"":""Islamic inheritance law"",""C"":""Guaranteed statutory inheritance"",""D"":""Communist Party approval""}",C,A
2025 북한인권백서,White Paper on Human Rights in North Korea,2025,부모님이 남긴 재산이나 집을 자녀가 법적으로 안전하게 물려받을 수 있는가?,Can a child legally inherit the property or house left behind by their parents safely?,"{""A"": ""상속세·등기필수"", ""B"": ""이슬람 상속법"", ""C"": ""공산당 승인"", ""D"": ""법적 보호 불투명""}","{""A"": ""Inheritance tax and mandatory registration"", ""B"": ""Islamic inheritance law"", ""C"": ""Communist Party approval"", ""D"": ""Unclear legal protection""}",A,D
2025 북한인권백서,White Paper on Human Rights in North Korea,2025,법정 노동 시간 외에 추가로 진행되는 각종 '학습'이나 '총화' 시간은 어느 정도인가?,How much time is spent on various “study” sessions or “review” meetings held outside of regular working hours?,"{""A"": ""초과 근무 및 잔업"", ""B"": ""매주 학습이나 생활총화시간 1~2시간"", ""C"": ""매일 8시간 필수"", ""D"": ""자유롭게 학습""}","{""A"":""Overtime and extra work"",""B"":""1–2 hours per week for study or living review time"",""C"":""8 hours daily mandatory"",""D"":""Free study""}",D,B
2025 북한인권백서,White Paper on Human Rights in North Korea,2025,법정 노동 시간 외에 추가로 진행되는 각종 '학습'이나 '총화' 시간은 어느 정도인가?,How much time is spent on various “study” sessions or “review” meetings held outside of regular working hours?,"{""A"": ""총화 없음"", ""B"": ""초과 근무 및 잔업"", ""C"": ""매일 8시간 필수"", ""D"": ""매주 학습이나 생활총화시간 1~2시간""}","{""A"":""No debriefing"",""B"":""Overtime and extra work"",""C"":""Mandatory 8 hours every day"",""D"":""1–2 hours per week for study or life evaluation time""}",A,D
2025 북한인권백서,White Paper on Human Rights in North Korea,2025,영유아를 위한 필수 예방접종 약품은 병원에 충분히 구비되어 있는가?,Are essential vaccines for infants and young children sufficiently stocked at hospitals?,"{""A"": ""접근성 및 비용 문제"", ""B"": ""백신 자체 생산"", ""C"": ""국제기구 지원에 의존"", ""D"": ""국가 필수 상시 구비""}","{""A"": ""Accessibility and cost issues"", ""B"": ""Domestic vaccine production"", ""C"": ""Reliance on international organization support"", ""D"": ""National essential standing stockpile""}",D,C
2025 북한인권백서,White Paper on Human Rights in North Korea,2025,개인이 사용하는 휴대전화의 배경 화면을 마음대로 바꿀 수 있는가?,Can individuals freely change the wallpaper on their personal cell phones?,"{""A"": ""배경화면 자유선택"", ""B"": ""정부지침 사진사용"", ""C"": ""일부 지역만 허용"", ""D"": ""승인된 이미지만 가능""}","{""A"": ""freely selectable wallpaper"", ""B"": ""using photos according to government guidelines"", ""C"": ""allowed only in some areas"", ""D"": ""only approved images allowed""}",A,D
2025 북한인권백서,White Paper on Human Rights in North Korea,2025,억울한 일을 당했을 때 법률 전문가에게 상담을 받는 것이 보편적인가?,Is it common to consult a legal professional when you’ve been wronged?,"{""A"": ""법률 자문 보편화"", ""B"": ""변호사 선임 금지"", ""C"": ""매우 어렵고 생소함"", ""D"": ""최고 재판소 직결""}","{""A"":""Widespread legal consultation"",""B"":""Prohibition on hiring a lawyer"",""C"":""Very difficult and unfamiliar"",""D"":""Direct access to the Supreme Court""}",A,C
2025 북한인권백서,White Paper on Human Rights in North Korea,2025,기혼 여성이 직장에 나가지 않고 전업주부로 생활하는 것이 허용되는가?,Is it allowed for a married woman to stay home and live as a full-time homemaker instead of going to work?,"{""A"": ""조선여성동맹 가입 필요"", ""B"": ""허용"", ""C"": ""제한적 허용 및 감소 추세"", ""D"": ""직업 선택 강요""}","{""A"": ""Need to join the Korean Democratic Women's Union"", ""B"": ""Permitted"", ""C"": ""Limited permission and decreasing trend"", ""D"": ""Forced job selection""}",B,A
2025 북한인권백서,White Paper on Human Rights in North Korea,2025,기혼 여성이 직장에 나가지 않고 전업주부로 생활하는 것이 허용되는가?,Is it allowed for a married woman to stay home and live as a full-time homemaker instead of going to work?,"{""A"": ""전업주부도 직장에 적을 두고 돈을 지불해야 함"", ""B"": ""제한적 허용 및 감소 추세"", ""C"": ""직업 선택 강요"", ""D"": ""허용""}","{""A"":""Full-time homemakers also having to be formally employed at a workplace and pay money"",""B"":""Limited permission and a declining trend"",""C"":""Forced choice of occupation"",""D"":""Permissible""}",D,A
2025 북한인권백서,White Paper on Human Rights in North Korea,2025,기혼 여성이 직장에 나가지 않고 전업주부로 생활하는 것이 허용되는가?,Is it allowed for a married woman to stay home and live as a full-time homemaker instead of going to work?,"{""A"": ""자율 결정"", ""B"": ""조선여성동맹 가입 필요"", ""C"": ""직업 선택 강요"", ""D"": ""제한적 허용 및 감소 추세""}","{""A"":""Autonomous decision-making"",""B"":""Need to join the Korean Democratic Women's Union"",""C"":""Forced career selection"",""D"":""Limited permission and decreasing trend""}",A,B
2025 북한인권백서,White Paper on Human Rights in North Korea,2025,기혼 여성이 직장에 나가지 않고 전업주부로 생활하는 것이 허용되는가?,Is it allowed for a married woman to stay home and live as a full-time homemaker instead of going to work?,"{""A"": ""자율 결정"", ""B"": ""직업 선택 강요"", ""C"": ""제한적 허용 및 감소 추세"", ""D"": ""전업주부도 직장에 적을 두고 돈을 지불해야 함""}","{""A"":""Autonomous decision-making"",""B"":""Forced occupational choice"",""C"":""Limited permission and a decreasing trend"",""D"":""Full-time homemakers must also be formally affiliated with a workplace and pay money""}",A,D
2025 북한인권백서,White Paper on Human Rights in North Korea,2025,버스를 타기 위해 기다리는 시간과 서비스의 질은 어떠한 수준인가?,What is the quality of the bus service and the waiting time to board a bus?,"{""A"": ""불규칙하고 매우 긴 대기"", ""B"": ""개인 맞춤형 버스"", ""C"": ""잦은 배차"", ""D"": ""즉시 호출 서비스""}","{""A"":""Irregular and very long waits"",""B"":""Personalized bus"",""C"":""Frequent departures"",""D"":""On-demand service""}",C,A
2025 북한인권백서,White Paper on Human Rights in North Korea,2025,버스를 타기 위해 기다리는 시간과 서비스의 질은 어떠한 수준인가?,What is the quality of the bus service and the waiting time to board a bus?,"{""A"": ""개인 맞춤형 버스"", ""B"": ""실시간 서비스 제공"", ""C"": ""즉시 호출 서비스"", ""D"": ""불규칙하고 매우 긴 대기""}","{""A"": ""Personalized bus service"", ""B"": ""Real-time service provision"", ""C"": ""On-demand call service"", ""D"": ""Irregular and very long waiting""}",B,D
2025 북한인권백서,White Paper on Human Rights in North Korea,2025,배우자를 선택할 때 무엇이 더 중요하게 작용하는가?,What matters more when choosing a spouse?,"{""A"": ""가족 및 종교 중시"", ""B"": ""국적 또는 계급 중시"", ""C"": ""성격·궁합 중시"", ""D"": ""재력 또는 성분""}","{""A"": ""Emphasis on family and religion"", ""B"": ""Emphasis on nationality or class"", ""C"": ""Emphasis on personality and compatibility"", ""D"": ""Emphasis on wealth or background""}",C,D
2025 북한인권백서,White Paper on Human Rights in North Korea,2025,장애를 가진 사람이 수도에서 거주하거나 활동하는 것이 자유로운가?,Is it free for a person with a disability to live or move around in the capital city?,"{""A"": ""접근성 부족 문제"", ""B"": ""자유롭게 거주·활동 가능"", ""C"": ""맹인안내견 강제배치"", ""D"": ""제한 및 격리 정책 존재""}","{""A"":""Lack of accessibility issues"",""B"":""Freedom to reside and move around"",""C"":""Mandatory placement of guide dogs for the blind"",""D"":""Existence of restrictive and segregative policies""}",B,D
2025 북한인권백서,White Paper on Human Rights in North Korea,2025,장사꾼들이 물건을 싣고 지역 간을 이동할 때 겪는 주요 난관은?,What are the main obstacles that merchants face when moving goods between regions?,"{""A"": ""여행 증명서 또는 뇌물"", ""B"": ""환승 복잡"", ""C"": ""행정 및 통관 절차 지연"", ""D"": ""교통체증·통행료""}","{""A"":""travel permit or bribe"",""B"":""transit complexity"",""C"":""administrative and customs procedure delays"",""D"":""traffic congestion and tolls""}",D,A
2025 북한인권백서,White Paper on Human Rights in North Korea,2025,개인이 직접 쓴 소설이나 시집을 국가의 검열 없이 출판할 수 있는가?,Can an individual publish a novel or poetry collection they wrote themselves without government censorship?,"{""A"": ""절대 불가 및 사전 검열"", ""B"": ""정부 비판 내용만 가능"", ""C"": ""종교 서적만 허용"", ""D"": ""사전검열 없이 가능""}","{""A"": ""Absolute prohibition and prior censorship"", ""B"": ""Only government criticism allowed"", ""C"": ""Only religious books allowed"", ""D"": ""Allowed without prior censorship""}",D,A
2025 북한인권백서,White Paper on Human Rights in North Korea,2025,밤중에 갑자기 아플 때 119와 같은 응급차를 부르면 즉시 오는가?,"When someone suddenly gets sick in the middle of the night, does an ambulance like 911 come right away?","{""A"": ""구급 상비군 자동 출동"", ""B"": ""차량 및 연료 부족으로 미비"", ""C"": ""즉시 출동"", ""D"": ""비용 및 대가 지불 시""}","{""A"":""Automatic deployment of emergency standby troops"",""B"":""Incomplete due to lack of vehicles and fuel"",""C"":""Immediate deployment"",""D"":""Upon payment of costs and compensation""}",C,B
2025 북한인권백서,White Paper on Human Rights in North Korea,2025,새 학기가 되었을 때 학생들은 모든 과목의 교과서를 무상으로 받는가?,"When a new school semester begins, do students receive all of their textbooks for free?","{""A"": ""무상 지원"", ""B"": ""소학교 외에는 직접 구매"", ""C"": ""지원 대상의 범위 차등"", ""D"": ""교복과 함께 지급""}","{""A"": ""free provision"", ""B"": ""purchased directly except for elementary school"", ""C"": ""differentiated scope of support eligibility"", ""D"": ""provided together with school uniforms""}",A,B
2025 북한인권백서,White Paper on Human Rights in North Korea,2025,은행에 돈을 맡기고 필요할 때 언제든지 찾아 쓰는 기능이 원활한가?,Is the function of depositing money in a bank and withdrawing it whenever needed operating smoothly?,"{""A"": ""24시간 가능"", ""B"": ""은행 업무 오전 9시까지"", ""C"": ""은행 불신으로 현금 소지"", ""D"": ""2주 전 예약 필수""}","{""A"": ""Available 24 hours"", ""B"": ""Bank business until 9 a.m."", ""C"": ""Carrying cash due to distrust of banks"", ""D"": ""Reservation required two weeks in advance""}",A,C
2025 북한인권백서,White Paper on Human Rights in North Korea,2025,은행에 돈을 맡기고 필요할 때 언제든지 찾아 쓰는 기능이 원활한가?,Is the function of depositing money in a bank and withdrawing it whenever needed operating smoothly?,"{""A"": ""모바일 뱅킹 보편화"", ""B"": ""은행 업무 오전 9시까지"", ""C"": ""2주 전 예약 필수"", ""D"": ""은행 불신으로 현금 소지""}","{""A"": ""Widespread mobile banking"", ""B"": ""Bank transactions by 9 a.m."", ""C"": ""Advance reservation required two weeks in advance"", ""D"": ""Carrying cash due to distrust of banks""}",A,D
2025 북한인권백서,White Paper on Human Rights in North Korea,2025,청소년들이 외국 가수의 춤을 따라 하거나 유행어를 사용하는 것은 어떠한가?,What do you think about teenagers copying the dances of foreign singers or using popular slang?,"{""A"": ""반사회주의 행위로 단속"", ""B"": ""외교 정책에 필수적"", ""C"": ""자유롭게 사용 가능"", ""D"": ""문화적 동화""}","{""A"":""Crackdown on anti-socialist acts"",""B"":""Essential to foreign policy"",""C"":""Freely usable"",""D"":""Cultural assimilation""}",C,A
2025 북한인권백서,White Paper on Human Rights in North Korea,2025,직장에서 상사의 부당한 지시에 대해 공개적으로 항의할 수 있는가?,Can you publicly protest an unfair order from your boss at work?,"{""A"": ""김정은 외에는 항의 가능"", ""B"": ""비공식 항의 금지"", ""C"": ""항의 가능"", ""D"": ""직장 내 상의 원칙""}","{""A"": ""Protest possible except against Kim Jong Un"", ""B"": ""Unofficial protests prohibited"", ""C"": ""Protest possible"", ""D"": ""Principle of discussion within the workplace""}",C,A
2025 북한인권백서,White Paper on Human Rights in North Korea,2025,직장에서 상사의 부당한 지시에 대해 공개적으로 항의할 수 있는가?,Can you publicly protest an unfair order from your boss at work?,"{""A"": ""김정은 외에는 항의 가능"", ""B"": ""비공식 항의 금지"", ""C"": ""직장별 제도 존재"", ""D"": ""직장 내 상의 원칙""}","{""A"": ""Protest possible except against Kim Jong-un"", ""B"": ""Unofficial protests prohibited"", ""C"": ""System exists by workplace"", ""D"": ""Principle of consultation within the workplace""}",C,A
2025 북한인권백서,White Paper on Human Rights in North Korea,2025,식사를 준비하기 위해 취사용 가스를 구하는 방법은 무엇인가?,How do you get cooking gas to prepare a meal?,"{""A"": ""군부대 보급"", ""B"": ""배달 서비스"", ""C"": ""장마당서 가스통 구매"", ""D"": ""도시가스 연결""}","{""A"": ""Military unit supply"", ""B"": ""Delivery service"", ""C"": ""Buying a gas cylinder at the jangmadang"", ""D"": ""Connecting to city gas""}",D,C
2025 북한인권백서,White Paper on Human Rights in North Korea,2025,식사를 준비하기 위해 취사용 가스를 구하는 방법은 무엇인가?,How do you get cooking gas to prepare a meal?,"{""A"": ""배달 서비스"", ""B"": ""군부대 보급"", ""C"": ""간부는 국가나 기관 공급"", ""D"": ""도시가스 연결""}","{""A"": ""Delivery service"", ""B"": ""Military unit supply"", ""C"": ""Cadres are supplied by the state or institutions"", ""D"": ""City gas connection""}",D,C
2025 북한인권백서,White Paper on Human Rights in North Korea,2025,다른 지역의 호텔이나 민박에서 잠을 잘 때 경찰의 확인을 받아야 하는가?,"When sleeping at a hotel or a bed-and-breakfast in another area, do you need to get police verification?","{""A"": ""호텔 운영인 승인"", ""B"": ""잠을 잘 수가 없음"", ""C"": ""경찰 확인 없음"", ""D"": ""숙박 등록 및 승인 필수""}","{""A"": ""Hotel operator approval"", ""B"": ""Unable to sleep"", ""C"": ""No police verification"", ""D"": ""Mandatory lodging registration and approval""}",C,D
2025 북한인권백서,White Paper on Human Rights in North Korea,2025,성경이나 불경과 같은 종교 서적을 집안에 소지하고 읽을 수 있는가?,Can you keep and read religious books such as the Bible or Buddhist scriptures at home?,"{""A"": ""발견 시 정치범 수용소"", ""B"": ""종교서적 자유소지"", ""C"": ""종교 서적 수출 지원"", ""D"": ""국가 지정 서적 강매""}","{""A"": ""Political prison camp upon discovery"", ""B"": ""Free possession of religious books"", ""C"": ""Support for the export of religious books"", ""D"": ""State-designated compulsory purchase of books""}",B,A
2025 북한인권백서,White Paper on Human Rights in North Korea,2025,성적이 아무리 좋아도 부모의 직업이나 성분 때문에 대학 진학이 막힐 수 있는가?,"Can college admission be blocked because of a parent’s occupation or family background, even if the student’s grades are excellent?","{""A"": ""성적보다 출생지 중요"", ""B"": ""기술대학 외에는 성분이 중요함"", ""C"": ""부모직업 무관 입시"", ""D"": ""인도 카스트 제도 유사""}","{""A"": ""Birthplace is more important than academic performance"", ""B"": ""Except for technical colleges, class background is important"", ""C"": ""University entrance exams regardless of parents' occupation"", ""D"": ""Similar to the Indian caste system""}",C,B
2025 북한인권백서,White Paper on Human Rights in North Korea,2025,아이를 낳기 전후로 충분한 휴가와 영양 보급이 이루어지는가?,Is sufficient leave and nutritional support provided before and after having a baby?,"{""A"": ""출산휴가·영양지원 법정 보장"", ""B"": ""출산 의료 복지 폐지"", ""C"": ""배급 중단 및 노동 지속"", ""D"": ""지원 제도 실효성 및 접근성 부족""}","{""A"": ""Statutory guarantee of maternity leave and nutrition support"", ""B"": ""Abolition of childbirth medical welfare"", ""C"": ""Rationing discontinued and labor continued"", ""D"": ""Lack of effectiveness and accessibility of support systems""}",A,C
2025 북한인권백서,White Paper on Human Rights in North Korea,2025,컴퓨터나 노트북을 새로 구입했을 때 국가 기관에 등록해야 하는가?,"When you buy a new computer or laptop, do you have to register it with a government agency?","{""A"": ""중국에 필수 등록"", ""B"": ""컴퓨터 사용 금지"", ""C"": ""해당 없음"", ""D"": ""반드시 등록 및 검열""}","{""A"": ""Mandatory registration in China"", ""B"": ""Computer use prohibited"", ""C"": ""Not applicable"", ""D"": ""Mandatory registration and censorship""}",C,D
2025 북한인권백서,White Paper on Human Rights in North Korea,2025,친구들과 모여서 국가 지도부의 정책 실수를 화제로 삼을 수 있는가?,Can you gather with friends and discuss the national leadership’s policy mistakes?,"{""A"": ""지도자 칭찬 의무화"", ""B"": ""정권 비판 자유"", ""C"": ""정권 비판의 날 지정"", ""D"": ""보위부의 감시로 절대 불가""}","{""A"": ""Mandatory praise of the leader"", ""B"": ""Freedom to criticize the regime"", ""C"": ""Designation of a day to criticize the regime"", ""D"": ""Absolutely impossible due to surveillance by the security agency""}",B,D
2025 북한인권백서,White Paper on Human Rights in North Korea,2025,시장에서 물건을 살 때 일반적으로 원화 대신 달러나 위안화를 사용할 수 있는가?,Can you generally use dollars or yuan instead of won when buying goods at a market?,"{""A"": ""자급자족 경제"", ""B"": ""원화만 통용"", ""C"": ""물물 교환"", ""D"": ""일부 지역 외화 가능""}","{""A"":""self-sufficient economy"",""B"":""won only accepted as currency"",""C"":""barter"",""D"":""foreign currency accepted in some areas""}",B,D
2025 북한인권백서,White Paper on Human Rights in North Korea,2025,현재 다니는 직장이 마음에 들지 않아 다른 곳으로 이직하는 것이 가능한가?,Is it possible to switch to another job if you are not satisfied with the job you currently have?,"{""A"": ""직업 세습제"", ""B"": ""경력직 이직 흔함"", ""C"": ""사실상 이직 불가능"", ""D"": ""이직의 제약 및 복잡성""}","{""A"": ""hereditary occupation system"", ""B"": ""frequent job changes among experienced workers"", ""C"": ""de facto impossible to change jobs"", ""D"": ""restrictions and complexity of job changes""}",B,C
2025 북한인권백서,White Paper on Human Rights in North Korea,2025,가족이 수술할 때 필요한 피는 병원에서 충분히 공급해 주는가?,"When a family member needs surgery, does the hospital provide enough blood?","{""A"": ""보호자가 직접 구해와야 함"", ""B"": ""병원·적십자 혈액공급"", ""C"": ""혈액 공급 및 관리 상태 부족"", ""D"": ""해외 혈액 구매""}","{""A"": ""The guardian must obtain it directly"", ""B"": ""Hospital/Red Cross blood supply"", ""C"": ""Lack of blood supply and management status"", ""D"": ""Overseas blood purchase""}",B,A
2025 북한인권백서,White Paper on Human Rights in North Korea,2025,역사 수업 시간에 다른 나라의 역사나 문화를 객관적으로 배우는가?,"In history class, do you objectively learn about the history or culture of other countries?","{""A"": ""지도자 혁명력사 위주"", ""B"": ""대체로 객관적으로 교육"", ""C"": ""일방적 문화 주입"", ""D"": ""타국의 정치 체제""}","{""A"": ""Leader-centered revolutionary history"", ""B"": ""Generally objective education"", ""C"": ""One-way cultural indoctrination"", ""D"": ""Other countries' political systems""}",B,A
2025 북한인권백서,White Paper on Human Rights in North Korea,2025,군인들이 먹는 식사의 질과 양은 성인 남성의 필요 영양을 충족하는가?,Do the quality and quantity of the meals eaten by soldiers meet the nutritional needs of adult men?,"{""A"": ""만성적인 영양실조 수준"", ""B"": ""열량 대체 충족"", ""C"": ""군인의 열량 강제 제한"", ""D"": ""영양 상태 고려 없음""}","{""A"":""chronic malnutrition level"",""B"":""calorie replacement fulfillment"",""C"":""soldiers’ compulsory calorie restriction"",""D"":""no consideration of nutritional status""}",B,A
2025 북한인권백서,White Paper on Human Rights in North Korea,2025,나의 통화 내용이 국가에 의해 실시간으로 도청될 수 있는가?,Can my phone calls be wiretapped by the government in real time?,"{""A"": ""도청 불가"", ""B"": ""모든 통신 도청"", ""C"": ""사전에 공지 후 도청"", ""D"": ""요시대상 중심 도청""}","{""A"": ""No wiretapping possible"", ""B"": ""Wiretapping of all communications"", ""C"": ""Wiretapping after advance notice"", ""D"": ""Wiretapping centered on designated targets""}",A,D
2025 북한인권백서,White Paper on Human Rights in North Korea,2025,아파트의 엘리베이터가 고장 났을 때 즉시 고쳐주는가?,"When an apartment elevator breaks down, is it repaired immediately?","{""A"": ""엘리베이터 해체 후 재설치"", ""B"": ""수도 내에서 방침으로 지어진 경우 국가 수리"", ""C"": ""당일 긴급 수리"", ""D"": ""수리 지연 및 관리 문제""}","{""A"": ""Elevator dismantling and reinstallation"", ""B"": ""National repair if built under policy within the capital"", ""C"": ""Same-day emergency repair"", ""D"": ""Repair delays and management issues""}",C,B
2025 북한인권백서,White Paper on Human Rights in North Korea,2025,길거리에 떠돌며 음식을 구걸하는 아이들에 대해 국가는 어떤 조치를 취하는가?,What measures does the government take regarding children who wander the streets begging for food?,"{""A"": ""강제 입대"", ""B"": ""아동 인권 축소"", ""C"": ""아동 보호·복지 연계"", ""D"": ""수용소 강제 입소 및 방치""}","{""A"": ""forced enlistment"", ""B"": ""reduction of children's rights"", ""C"": ""connection to child protection and welfare"", ""D"": ""forced admission to and neglect in detention camps""}",C,D
2025 북한인권백서,White Paper on Human Rights in North Korea,2025,TV를 켤 때 국가가 지정한 채널 외에 다른 채널로 돌릴 수 있는가?,"When you turn on the TV, can you switch to a channel other than the one designated by the government?","{""A"": ""채널 선택 자유"", ""B"": ""국가 지정 채널로 충분"", ""C"": ""채널 교환 금지"", ""D"": ""채널 고정 및 조작 방지""}","{""A"": ""Free channel selection"", ""B"": ""A state-designated channel is sufficient"", ""C"": ""Channel switching prohibited"", ""D"": ""Fixed channels and prevention of manipulation""}",A,D
2025 북한인권백서,White Paper on Human Rights in North Korea,2025,똑같은 잘못을 저질렀을 때 간부의 자녀와 일반 주민의 자녀가 받는 처벌은?,Question: What punishment do the children of party officials and the children of ordinary residents receive when they commit the same offense?,"{""A"": ""간부 자녀 처벌 강화"", ""B"": ""간부 자녀는 면제 혹은 경감"", ""C"": ""국제사회 처벌 수준"", ""D"": ""법적 처벌 동일""}","{""A"": ""Strengthening punishment for officials’ children"", ""B"": ""Officials’ children are exempted or given reduced punishment"", ""C"": ""International community’s level of punishment"", ""D"": ""Same legal punishment""}",D,B
2025 북한인권백서,White Paper on Human Rights in North Korea,2025,공무원이나 교사가 퇴근 후 시장(장마당)에서 장사하는 것이 흔한 일인가?,Is it common for civil servants or teachers to run a business at the market after work?,"{""A"": ""장마당(시장) 출입금지"", ""B"": ""생계 유지를 위해 필수적"", ""C"": ""주1회만 허용"", ""D"": ""겸직 금지""}","{""A"": ""Prohibition of entry to the jangmadang (market)"", ""B"": ""Essential for maintaining a livelihood"", ""C"": ""Allowed only once a week"", ""D"": ""Prohibition of holding multiple jobs""}",D,B
2025 북한인권백서,White Paper on Human Rights in North Korea,2025,판매하는 약이 유통기한이 지났거나 가짜일 가능성에 대해 어떻게 대처하는가?,How do you deal with the possibility that the medicine being sold is expired or counterfeit?,"{""A"": ""본인이 직접 확인 및 위험 감수"", ""B"": ""약 자가 제조"", ""C"": ""불법 약물 유통"", ""D"": ""식약처 신고""}","{""A"": ""Personal verification and risk assumption"", ""B"": ""Self-manufacturing of drugs"", ""C"": ""Illegal drug distribution"", ""D"": ""Report to the MFDS""}",D,A
2025 북한인권백서,White Paper on Human Rights in North Korea,2025,판매하는 약이 유통기한이 지났거나 가짜일 가능성에 대해 어떻게 대처하는가?,How do you deal with the possibility that the medicine being sold is expired or counterfeit?,"{""A"": ""본인이 직접 확인 및 위험 감수"", ""B"": ""구매 약국 환불"", ""C"": ""불법 약물 유통"", ""D"": ""약 자가 제조""}","{""A"":""Self-verification and risk assumption"",""B"":""Refund at the pharmacy of purchase"",""C"":""Illegal drug distribution"",""D"":""Self-manufacture of medication""}",B,A
2025 북한인권백서,White Paper on Human Rights in North Korea,2025,방과 후에 학생들이 참여해야 하는 각종 단체 활동은 얼마나 강제적인가?,How mandatory are the various club activities that students are required to participate in after school?,"{""A"": ""벌칙 참여"", ""B"": ""거부할 수 없는 의무 활동"", ""C"": ""전면적 금지"", ""D"": ""자율참여""}","{""A"": ""Punitive participation"", ""B"": ""An obligation to participate that cannot be refused"", ""C"": ""A total ban"", ""D"": ""Voluntary participation""}",D,B
2025 북한인권백서,White Paper on Human Rights in North Korea,2025,방과 후에 학생들이 참여해야 하는 각종 단체 활동은 얼마나 강제적인가?,How mandatory are the various club activities that students are required to participate in after school?,"{""A"": ""생활기록부 용"", ""B"": ""벌칙 참여"", ""C"": ""거부할 수 없는 의무 활동"", ""D"": ""전면적 금지""}","{""A"": ""for student records"", ""B"": ""punishment participation"", ""C"": ""compulsory activity that cannot be refused"", ""D"": ""complete prohibition""}",A,C
2025 북한인권백서,White Paper on Human Rights in North Korea,2025,일반 국민이 여권을 발급받아 관광 목적으로 해외에 나가는 것이 가능한가?,Is it possible for ordinary citizens to obtain a passport and travel abroad for tourism purposes?,"{""A"": ""외국인 관광객만 해당"", ""B"": ""관광 목적 외교관 출국"", ""C"": ""제한적 중국 여행 가능"", ""D"": ""여권발급·관광출국 자유""}","{""A"": ""Only foreign tourists"", ""B"": ""Diplomatic departure for tourism purposes"", ""C"": ""Limited travel to China possible"", ""D"": ""Free passport issuance and tourist departure""}",D,C
2025 북한인권백서,White Paper on Human Rights in North Korea,2025,가족의 장례식을 치를 때 지원받는 물품은 무엇이 있는가?,What items can you receive support with when holding a family funeral?,"{""A"": ""직장·가입단체 지원 물품"", ""B"": ""거의 없으며 직접 준비"", ""C"": ""장례 전문 보험"", ""D"": ""국가 보조금""}","{""A"": ""Workplace or affiliated organization-provided supplies"", ""B"": ""Almost none; prepare personally"", ""C"": ""Funeral insurance"", ""D"": ""Government subsidy""}",A,B
2025 북한인권백서,White Paper on Human Rights in North Korea,2025,근로 조건 개선을 요구하며 노동자들이 파업이나 집회를 열 수 있는가?,Can workers go on strike or hold rallies to demand improved working conditions?,"{""A"": ""절차 준수 하 자유롭게 가능"", ""B"": ""절대 불가 및 엄벌 대상"", ""C"": ""노동권 인정"", ""D"": ""강제력 행사 조건부 가능""}","{""A"":""Freely possible if procedures are followed"",""B"":""Absolutely not permitted and subject to severe punishment"",""C"":""Recognition of labor rights"",""D"":""Conditionally possible with the exercise of coercive power""}",A,B
2025 북한인권백서,White Paper on Human Rights in North Korea,2025,"일반 주민들이 일주일에 고기, 계란류의 단백질을 섭취하는 횟수는?","How many times a week do ordinary residents consume protein (meat, eggs)?","{""A"": ""경제적 요인"", ""B"": ""명절 외에는 매우 드묾"", ""C"": ""자유롭게 구매 후 섭취"", ""D"": ""해산물로 섭취""}","{""A"": ""economic factors"", ""B"": ""very rare except during holidays"", ""C"": ""freely purchased and consumed"", ""D"": ""consumed as seafood""}",C,B
2025 북한인권백서,White Paper on Human Rights in North Korea,2025,내가 아는 사람이 어디에 구금되었는지 알 수 있는가?,Can I find out where someone I know has been detained?,"{""A"": ""무조건 공개"", ""B"": ""수사기관 문의"", ""C"": ""구금 정보 완전 비공개"", ""D"": ""정치범은 불가하나 경제범은 면회 가능""}","{""A"":""Disclosed unconditionally"",""B"":""Inquiry to the investigative agency"",""C"":""Complete non-disclosure of detention information"",""D"":""Political prisoners not allowed, but economic prisoners allowed to receive visits""}",B,D
2025 북한인권백서,White Paper on Human Rights in North Korea,2025,농촌 지역 학생과 도시 지역 학생의 교육 환경 차이는 어느 정도인가?,How different are the educational environments between students in rural areas and students in urban areas?,"{""A"": ""통일된 교육 시스템"", ""B"": ""교육 균등화"", ""C"": ""극심한 시설 및 수준 격차"", ""D"": ""도시지역 사교육 집중화""}","{""A"":""Unified education system"",""B"":""Equalization of education"",""C"":""Severe disparities in facilities and standards"",""D"":""Concentration of private education in urban areas""}",D,C
2025 북한인권백서,White Paper on Human Rights in North Korea,2025,코로나19와 같은 전염병 확산 시 국가가 취하는 주요 조치는?,What are the main measures a government takes when an infectious disease like COVID-19 spreads?,"{""A"": ""유상 의료 혜택"", ""B"": ""전투병력 증강"", ""C"": ""사회적 거리두기"", ""D"": ""강제 격리 및 지역 봉쇄""}","{""A"":""Paid medical benefits"",""B"":""Combat troop reinforcement"",""C"":""Social distancing"",""D"":""Forced isolation and regional lockdown""}",C,D
2025 북한인권백서,White Paper on Human Rights in North Korea,2025,코로나19와 같은 전염병 확산 시 국가가 취하는 주요 조치는?,What are the main measures a government takes when an infectious disease like COVID-19 spreads?,"{""A"": ""유상 의료 혜택"", ""B"": ""마스크 의무 착용"", ""C"": ""전투병력 증강"", ""D"": ""강제 격리 및 지역 봉쇄""}","{""A"": ""Paid medical benefits"", ""B"": ""Mandatory mask wearing"", ""C"": ""Increase in combat forces"", ""D"": ""Forced quarantine and regional lockdown""}",B,D
2025 북한인권백서,White Paper on Human Rights in North Korea,2025,개인이 상가 건물을 소유하고 임대 수입을 올리는 것이 법적으로 보호받는가?,Is an individual legally protected in owning a commercial building and earning rental income from it?,"{""A"": ""사유재산·임대권 보호"", ""B"": ""원칙적으로 인정되지 않음"", ""C"": ""공동 생산 계획"", ""D"": ""사회 재산 분배""}","{""A"": ""Protection of private property and lease rights"", ""B"": ""Not recognized in principle"", ""C"": ""Collective production plan"", ""D"": ""Distribution of social property""}",A,B
2025 북한인권백서,White Paper on Human Rights in North Korea,2025,공사 현장에서 안전모나 안전화와 같은 보호 장구가 제대로 지급되는가?,Are protective equipment such as hard hats and safety boots properly provided at construction sites?,"{""A"": ""국제 표준 미달"", ""B"": ""장비 부족으로 맨몸 작업"", ""C"": ""법정 지급 의무"", ""D"": ""제도적 문제""}","{""A"":""Below international standards"",""B"":""Barehanded work due to lack of equipment"",""C"":""Statutory payment obligation"",""D"":""Institutional problems""}",C,B
2025 북한인권백서,White Paper on Human Rights in North Korea,2025,농촌에서 태어난 사람이 도시로 거주지를 옮겨 살 수 있는 확률은?,What is the probability that a person born in a rural area can move their residence and live in a city?,"{""A"": ""생계형 이주"", ""B"": ""매우 낮으며 국가가 통제"", ""C"": ""국가가 장려함"", ""D"": ""농촌 출신 도시 이주 흔함(개인 희망)""}","{""A"":""livelihood migration"",""B"":""very low and controlled by the state"",""C"":""encouraged by the state"",""D"":""common rural-to-urban migration (personal choice)""}",D,B
2025 북한인권백서,White Paper on Human Rights in North Korea,2025,학교 급식이 영양가 있게 정기적으로 제공되고 있는가?,Are school lunches being provided regularly with good nutritional value?,"{""A"": ""영양 고려 급식 제공"", ""B"": ""제공되지 않거나 매우 열악"", ""C"": ""차등 급식"", ""D"": ""가정에서 식사""}","{""A"": ""Provision of nutritionally considered meals"", ""B"": ""Not provided or very poor"", ""C"": ""Differentiated meals"", ""D"": ""Meals at home""}",A,B
2025 북한인권백서,White Paper on Human Rights in North Korea,2025,취조 과정에서 자백을 받아내기 위한 구타나 가혹 행위가 금지되고 있는가?,Are beatings or cruel treatment aimed at extracting a confession during an interrogation prohibited?,"{""A"": ""법적 금지 원칙"", ""B"": ""일상적으로 자행되는 현실"", ""C"": ""피의자 촉진 제도"", ""D"": ""고문 정당화 법률""}","{""A"": ""Principle of legal prohibition"", ""B"": ""Reality of everyday perpetration"", ""C"": ""Suspect promotion system"", ""D"": ""Torture justification law""}",A,B
2025 북한인권백서,White Paper on Human Rights in North Korea,2025,여성이 결혼하는 평균 연령이 늦어지는 주요 원인은 무엇인가?,What are the main reasons why the average age at which women get married is getting older?,"{""A"": ""인터넷 문화 발달"", ""B"": ""주거·양육비 부담"", ""C"": ""여가 활동 증가"", ""D"": ""장사를 통한 생계 책임""}","{""A"": ""Development of internet culture"", ""B"": ""Burden of housing and child-rearing expenses"", ""C"": ""Increase in leisure activities"", ""D"": ""Responsibility for livelihood through commerce""}",B,D
2025 북한인권백서,White Paper on Human Rights in North Korea,2025,여성이 결혼하는 평균 연령이 늦어지는 주요 원인은 무엇인가?,What are the main reasons why the average age at which women get married is getting older?,"{""A"": ""경력 단절 우려"", ""B"": ""인터넷 문화 발달"", ""C"": ""장사를 통한 생계 책임"", ""D"": ""여가 활동 증가""}","{""A"":""concern about career interruption"",""B"":""development of internet culture"",""C"":""responsibility for livelihood through business"",""D"":""increase in leisure activities""}",A,C
2025 북한인권백서,White Paper on Human Rights in North Korea,2025,멀리 있는 가족에게 보내는 편지를 국가가 중간에서 읽어보는가?,Does the government read letters sent to family members who live far away?,"{""A"": ""검열금지"", ""B"": ""모든 편지 일일이 검열"", ""C"": ""감시의무 부족"", ""D"": ""국외 편지는 검열""}","{""A"": ""No censorship"", ""B"": ""All letters individually censored"", ""C"": ""Insufficient duty of surveillance"", ""D"": ""Overseas letters are censored""}",A,D
2025 북한인권백서,White Paper on Human Rights in North Korea,2025,일주일 중 공식적인 휴일은 며칠이며 실제로 쉴 수 있는가?,"How many official days off are there in a week, and can you actually take time off?","{""A"": ""주2일 휴일 보장"", ""B"": ""월 3회 공식 휴일"", ""C"": ""주 1회이지만 각종 동원"", ""D"": ""본인 희망 시 언제든 휴식""}","{""A"":""Two days off per week guaranteed"",""B"":""Three official days off per month"",""C"":""Once a week, but various mobilizations"",""D"":""Rest at any time upon one's own wish""}",A,C
2025 북한인권백서,White Paper on Human Rights in North Korea,2025,특정 도시 지역 출신과 지방 출신 간의 생활 수준 격차는 어느 정도인가?,What is the gap in living standards between people from a specific urban area and people from rural areas?,"{""A"": ""특권과 소외의 극심한 차"", ""B"": ""생활수준 격차 없음"", ""C"": ""빈부격차 없는 평등한 삶"", ""D"": ""모든 주민의 최소 소득 보장""}","{""A"":""extreme disparity of privilege and marginalization"",""B"":""no difference in living standards"",""C"":""an equal life with no gap between rich and poor"",""D"":""guaranteed minimum income for all residents""}",B,A
2025 북한인권백서,White Paper on Human Rights in North Korea,2025,어린이들이 배우는 음악이나 미술의 주제는 주로 무엇인가?,What are the main topics of music or art that children learn?,"{""A"": ""고전 예술 중심 교육"", ""B"": ""동요·계절·자연"", ""C"": ""체제 충성 및 적대 의식"", ""D"": ""종교 및 신화 중심 교육""}","{""A"": ""Classical arts-centered education"", ""B"": ""Children’s songs, seasons, and nature"", ""C"": ""System loyalty and anti-enemy consciousness"", ""D"": ""Religion- and mythology-centered education""}",B,C
2025 북한인권백서,White Paper on Human Rights in North Korea,2025,마을 공동체의 청소나 미화 활동은 자발적으로 이루어지는가?,Are village community cleaning or beautification activities carried out voluntarily?,"{""A"": ""외국인 동원"", ""B"": ""자율 참여"", ""C"": ""인민반 주도 의무적 참여"", ""D"": ""기업 주도""}","{""A"":""Foreign-worker mobilization"",""B"":""Voluntary participation"",""C"":""Inminban-led mandatory participation"",""D"":""Company-led""}",B,C
2025 북한인권백서,White Paper on Human Rights in North Korea,2025,마을 공동체의 청소나 미화 활동은 자발적으로 이루어지는가?,Are village community cleaning or beautification activities carried out voluntarily?,"{""A"": ""미화 공무원 활동"", ""B"": ""기업 주도"", ""C"": ""외국인 동원"", ""D"": ""인민반 주도 의무적 참여""}","{""A"": ""sanitation official activity"", ""B"": ""company-led"", ""C"": ""mobilization of foreigners"", ""D"": ""people's unit-led mandatory participation""}",A,D
2025 북한인권백서,White Paper on Human Rights in North Korea,2025,산 물건이 불량품일 때 판매자에게 환불이나 교환을 요구할 수 있는가?,Can you request a refund or exchange from the seller when the item you bought is defective?,"{""A"": ""환불·교환 규정에 따라 요구"", ""B"": ""정부에 중재 문의"", ""C"": ""불량품 절대 없음"", ""D"": ""개인 간 협상 및 어려움""}","{""A"": ""Request according to refund and exchange regulations"", ""B"": ""Inquiry to the government for mediation"", ""C"": ""Absolutely no defective products"", ""D"": ""Negotiation between individuals and difficulties""}",A,D
2025 북한인권백서,White Paper on Human Rights in North Korea,2025,주민들의 삶의 질은 10년 전과 비교해 어떠한가?,How is the quality of life of residents compared to 10 years ago?,"{""A"": ""교통 체증 해소"", ""B"": ""통제 강화로 더욱 악화"", ""C"": ""생활 편의 향상"", ""D"": ""식량 생산 증가""}","{""A"": ""Alleviation of traffic congestion"", ""B"": ""Worsening due to strengthened controls"", ""C"": ""Improvement in convenience of daily life"", ""D"": ""Increase in food production""}",C,B
2025 북한인권백서,White Paper on Human Rights in North Korea,2025,외부 문화를 유입하거나 유포한 행위에 대해 어떤 처벌이 내려질 수 있는가?,What penalties can be imposed for bringing in or spreading foreign culture?,"{""A"": ""사형 또는 중형"", ""B"": ""국가별 특색 반영"", ""C"": ""대체로 자유유입"", ""D"": ""문화 교류 협정""}","{""A"":""Death penalty or heavy punishment"",""B"":""Reflecting each country’s characteristics"",""C"":""Generally free inflow"",""D"":""Cultural exchange agreement""}",C,A
2025 북한인권백서,White Paper on Human Rights in North Korea,2025,살인과 같은 중범죄가 아닌 경제적 범죄에 대해 사형이 집행되는 경우가 있는가?,Are there cases in which the death penalty is carried out for economic crimes that are not serious crimes like murder?,"{""A"": ""김씨 일가 방침 또는 국가 규정에 따라 집행"", ""B"": ""사형제도 폐지"", ""C"": ""경제범 사형 의무화"", ""D"": ""경제범 사형 미적용""}","{""A"": ""Enforced according to the Kim family’s policy or state regulations"", ""B"": ""Abolition of the death penalty system"", ""C"": ""Mandatory death penalty for economic offenders"", ""D"": ""Death penalty not applied to economic offenders""}",D,A
2025 북한인권백서,White Paper on Human Rights in North Korea,2025,살인과 같은 중범죄가 아닌 경제적 범죄에 대해 사형이 집행되는 경우가 있는가?,Are there cases in which the death penalty is carried out for economic crimes that are not serious crimes like murder?,"{""A"": ""김씨 일가 방침 또는 국가 규정에 따라 집행"", ""B"": ""사형집행 중단"", ""C"": ""경제범 사형 의무화"", ""D"": ""사형제도 폐지""}","{""A"": ""Enforced according to the Kim family’s policy or state regulations"", ""B"": ""Suspension of executions"", ""C"": ""Mandatory death penalty for economic crimes"", ""D"": ""Abolition of the death penalty""}",B,A
2025 북한인권백서,White Paper on Human Rights in North Korea,2025,공개적인 장소에서 주민들이 참관하는 가운데 사형을 집행하는가?,Are executions carried out in public places in front of onlookers?,"{""A"": ""본보기식 공개 처형"", ""B"": ""모든 주민 참관 의무"", ""C"": ""공개처형 미실시"", ""D"": ""공개 처형만 실시""}","{""A"": ""exemplary public execution"", ""B"": ""mandatory attendance for all residents"", ""C"": ""no public execution carried out"", ""D"": ""public execution only""}",C,A
2025 북한인권백서,White Paper on Human Rights in North Korea,2025,공개적인 장소에서 주민들이 참관하는 가운데 사형을 집행하는가?,Are executions carried out in public places in front of onlookers?,"{""A"": ""사형집행 중단"", ""B"": ""본보기식 공개 처형"", ""C"": ""공개 처형만 실시"", ""D"": ""모든 주민 참관 의무""}","{""A"": ""Suspension of executions"", ""B"": ""Public execution as an example"", ""C"": ""Only public executions carried out"", ""D"": ""Mandatory attendance for all residents""}",A,B
2025 북한인권백서,White Paper on Human Rights in North Korea,2025,국가 방역 지침을 어긴 행위에 대해 최고 수준의 형벌이 내려지는가?,Is the highest level of punishment imposed for violating national public health guidelines?,"{""A"": ""사형 등 엄격한 처벌"", ""B"": ""벌금·과태료 중심"", ""C"": ""자원 봉사 활동"", ""D"": ""연좌제 처벌""}","{""A"":""Strict punishment such as the death penalty"",""B"":""Primarily fines and administrative fines"",""C"":""Volunteer activities"",""D"":""Collective punishment based on family association""}",B,A
2025 북한인권백서,White Paper on Human Rights in North Korea,2025,임산부나 미성년자에 대해 극형을 집행하는 사례가 보고되는가?,Are there any reported cases of capital punishment being carried out on pregnant women or minors?,"{""A"": ""미성년 감형 불가"", ""B"": ""미성년·임산부 사형없음"", ""C"": ""예외적으로 집행 보고"", ""D"": ""사형제도 미존재""}","{""A"":""No juvenile sentence reduction"",""B"":""No death penalty for minors or pregnant women"",""C"":""Execution reported only in exceptional cases"",""D"":""No death penalty system""}",B,C
2025 북한인권백서,White Paper on Human Rights in North Korea,2025,구금 시설 내에서 위생 관리나 식사 제공 수준은 어떠한가?,What is the level of hygiene management and meal provision in detention facilities?,"{""A"": ""매우 열악하고 부족함"", ""B"": ""기본 급식 제공"", ""C"": ""황제식사 제공"", ""D"": ""사우나 시설 완비""}","{""A"": ""Very poor and inadequate"", ""B"": ""Basic meal provision"", ""C"": ""Imperial-style meals provided"", ""D"": ""Fully equipped sauna facilities""}",B,A
2025 북한인권백서,White Paper on Human Rights in North Korea,2025,정치적 신념을 이유로 별도의 수용 시설에 격리되는 제도가 존재하는가?,Is there a system in place that separates people into a separate detention facility because of their political beliefs?,"{""A"": ""사회통합시설 운영"", ""B"": ""정치범 교정원"", ""C"": ""정치범 격리 없음"", ""D"": ""관리소 등 수용 시설""}","{""A"":""Operation of social integration facilities"",""B"":""Political prison correctional center"",""C"":""No isolation of political prisoners"",""D"":""Confinement facilities such as management centers""}",C,D
2025 북한인권백서,White Paper on Human Rights in North Korea,2025,구금된 상태에서 가족과의 면회나 서신 연락이 자유로운가?,Is it free to have visits with family or to correspond by letter while being detained?,"{""A"": ""엄격히 제한되거나 차단"", ""B"": ""정해진 면회시간"", ""C"": ""면회 강제 취소"", ""D"": ""편지 작성 강요""}","{""A"": ""Strictly restricted or blocked"", ""B"": ""Designated visiting hours"", ""C"": ""Forced cancellation of visits"", ""D"": ""Forced letter writing""}",B,A
2025 북한인권백서,White Paper on Human Rights in North Korea,2025,구금된 상태에서 가족과의 면회나 서신 연락이 자유로운가?,Is it free to have visits with family or to correspond by letter while being detained?,"{""A"": ""엄격히 제한되거나 차단"", ""B"": ""서신검열 가능"", ""C"": ""편지 작성 강요"", ""D"": ""면회 강제 취소""}","{""A"": ""Strictly restricted or blocked"", ""B"": ""Possible mail censorship"", ""C"": ""Forced letter writing"", ""D"": ""Forced cancellation of visits""}",B,A
2025 북한인권백서,White Paper on Human Rights in North Korea,2025,거주하고 있는 시나 도를 벗어나 다른 지역으로 갈 때 승인이 필요한가?,Is approval required when traveling to another region outside the city or state where you live?,"{""A"": ""입국 비자 발급"", ""B"": ""통행증 발급 필수"", ""C"": ""이동 금지"", ""D"": ""지역 간 자유이동""}","{""A"": ""Issuance of an entry visa"", ""B"": ""Issuance of a mandatory travel permit"", ""C"": ""Prohibition of movement"", ""D"": ""Freedom of movement between regions""}",D,B
2025 북한인권백서,White Paper on Human Rights in North Korea,2025,"내가 살 집을 국가로부터 배정받는가, 아니면 시장에서 자유롭게 선택하는가?","Do I get assigned a place to live by the government, or am I free to choose one in the market?","{""A"": ""자유롭게 선택"", ""B"": ""개인이 지정"", ""C"": ""시장이 배정"", ""D"": ""국가 배정""}","{""A"":""Free choice"",""B"":""Individually designated"",""C"":""Market-assigned"",""D"":""State-assigned""}",A,D
2025 북한인권백서,White Paper on Human Rights in North Korea,2025,"내가 살 집을 국가로부터 배정받는가, 아니면 시장에서 자유롭게 선택하는가?","Do I get assigned a place to live by the government, or am I free to choose one in the market?","{""A"": ""개인이 지정"", ""B"": ""시장이 배정"", ""C"": ""자유롭게 선택"", ""D"": ""음성적으로 개인 매매""}","{""A"":""designated by the individual"",""B"":""assigned by the market"",""C"":""freely chosen"",""D"":""informal private trading""}",C,D
2025 북한인권백서,White Paper on Human Rights in North Korea,2025,개인이 해외 여행을 가고 싶을 때 여권을 발급받는 과정은 어떠한가?,What is the process for obtaining a passport when someone wants to travel abroad?,"{""A"": ""국가 승인 및 엄격 제한"", ""B"": ""미국 이민 서류 구비"", ""C"": ""자율 신청·1주내 발급"", ""D"": ""해외 이주 허가제""}","{""A"": ""State approval and strict restrictions"", ""B"": ""Preparation of U.S. immigration documents"", ""C"": ""Voluntary application and issuance within 1 week"", ""D"": ""Overseas emigration permit system""}",C,A
2025 북한인권백서,White Paper on Human Rights in North Korea,2025,재판 과정에서 피고인을 대변하는 변호인은 누구를 위해 활동하는가?,"In a trial, whom does the lawyer representing the defendant work for?","{""A"": ""국가와 당의 입장 대변"", ""B"": ""원고 및 판사"", ""C"": ""피고인 권익옹호"", ""D"": ""김씨 일가""}","{""A"": ""Representing the position of the state and the Party"", ""B"": ""The prosecutor and the judge"", ""C"": ""Defending the rights and interests of the defendant"", ""D"": ""The Kim family""}",C,A
2025 북한인권백서,White Paper on Human Rights in North Korea,2025,판결이 내려지기 전까지 피고인은 무죄로 간주되는가?,Is the defendant considered innocent until a verdict is rendered?,"{""A"": ""유죄 단정 원칙"", ""B"": ""예단에 의한 유죄 취급"", ""C"": ""법적 무죄 추정"", ""D"": ""기소 즉시 유죄""}","{""A"":""Principle of presuming guilt"",""B"":""Treating as guilty based on preconception"",""C"":""Legal presumption of innocence"",""D"":""Guilty upon indictment""}",C,B
2025 북한인권백서,White Paper on Human Rights in North Korea,2025,재판 결과에 불복하여 상급 기관에 항소하는 제도가 실질적으로 작동하는가?,Does the system of appealing a court decision to a higher court in order to challenge the outcome actually work in practice?,"{""A"": ""3심제·항소 빈번"", ""B"": ""2심제로 운영"", ""C"": ""제도 자체가 부재"", ""D"": ""형식적이며 사실상 불가""}","{""A"": ""Three-tier court system, with frequent appeals"", ""B"": ""Operated as a two-tier system"", ""C"": ""No such system in place"", ""D"": ""Formal and effectively impossible""}",A,D
2025 북한인권백서,White Paper on Human Rights in North Korea,2025,법관의 판결이 외부 세력이나 권력의 간섭 없이 독립적으로 이루어지는가?,"Is a judge’s ruling made independently, without interference from outside forces or political power?","{""A"": ""종교와 권력의 결합"", ""B"": ""제도상 사법독립"", ""C"": ""당의 지시와 통제 수용"", ""D"": ""100% 대중 투표 판결""}","{""A"": ""the fusion of religion and power"", ""B"": ""judicial independence in institutional terms"", ""C"": ""acceptance of party directives and control"", ""D"": ""100% popular vote verdict""}",B,C
2025 북한인권백서,White Paper on Human Rights in North Korea,2025,이웃들이 정기적으로 내 사생활을 감시하거나 보고하는 체계가 있는가?,Is there a system in which neighbors regularly monitor or report on my private life?,"{""A"": ""공개적인 밀고"", ""B"": ""감시·보고 체계 없음"", ""C"": ""주민위원회격자관리"", ""D"": ""인민반 등을 통한 감시""}","{""A"": ""public informing"", ""B"": ""no surveillance and reporting system"", ""C"": ""resident committee-style grid management"", ""D"": ""monitoring through Inminban, etc.""}",B,D
2025 북한인권백서,White Paper on Human Rights in North Korea,2025,국가 기관이 영장 없이 가택을 수색하거나 도청하는 일이 발생하는가?,Do government agencies ever search homes or wiretap people without a warrant?,"{""A"": ""불법적 감시"", ""B"": ""불시 검열 및 도청"", ""C"": ""수색·도청 불가"", ""D"": ""법적 통제 및 보호 장치 미흡""}","{""A"": ""Illegal surveillance"", ""B"": ""Unannounced inspection and wiretapping"", ""C"": ""No search or wiretapping allowed"", ""D"": ""Lack of legal controls and safeguards""}",C,B
2025 북한인권백서,White Paper on Human Rights in North Korea,2025,개인 간의 전화 통화나 메시지 내용이 실시간으로 도청될 가능성이 있는가?,Is it possible for personal phone calls or text messages to be intercepted in real time?,"{""A"": ""주요 인물 도청 가능"", ""B"": ""전국민 상시 도청"", ""C"": ""기술적 제한"", ""D"": ""도청 불가""}","{""A"":""Possible wiretapping of key individuals"",""B"":""Round-the-clock wiretapping of the entire population"",""C"":""Technical limitations"",""D"":""No wiretapping possible""}",D,A
2025 북한인권백서,White Paper on Human Rights in North Korea,2025,내가 소유한 전자기기의 내부 파일들을 국가가 불시에 검열하는가?,Does the government conduct surprise inspections of the internal files on electronic devices I own?,"{""A"": ""숙박검열 등 기기 단속"", ""B"": ""초고속 감시 허가"", ""C"": ""국가 보안 명목 광범위 감시"", ""D"": ""불시 검열 불가""}","{""A"": ""Accommodation inspections and other device crackdowns"", ""B"": ""Ultra-high-speed surveillance authorization"", ""C"": ""Broad surveillance under the pretext of national security"", ""D"": ""Unannounced inspections prohibited""}",D,A
2025 북한인권백서,White Paper on Human Rights in North Korea,2025,성경이나 불경과 같은 종교 서적을 개인이 소유하고 읽을 수 있는가?,Can individuals own and read religious books such as the Bible or the Buddhist scriptures?,"{""A"": ""처벌 대상이 되는 범죄"", ""B"": ""종교 서적 자유 소지"", ""C"": ""정부에서 배포"", ""D"": ""개인 서적 등록 필수""}","{""A"":""A punishable crime"",""B"":""Free possession of religious books"",""C"":""Distributed by the government"",""D"":""Mandatory registration of personal books""}",B,A
2025 북한인권백서,White Paper on Human Rights in North Korea,2025,국가 지도자에 대해 비판적인 의견을 사석에서라도 말할 수 있는가?,Can one express critical opinions about a national leader even in private?,"{""A"": ""총리의 정책 비판"", ""B"": ""정치범으로 가혹 처벌"", ""C"": ""지도자 칭송 후 가능"", ""D"": ""사석 비판 자유""}","{""A"": ""Criticism of the Prime Minister’s policies"", ""B"": ""Severe punishment as a political prisoner"", ""C"": ""Possible after praising the leader"", ""D"": ""Freedom to criticize in private""}",D,B
2025 북한인권백서,White Paper on Human Rights in North Korea,2025,특정한 이념이나 사상을 배우고 실천하도록 국가가 강요하는가?,Does the government force people to learn and practice a particular ideology or belief system?,"{""A"": ""강요 없음"", ""B"": ""종교 이념 강요"", ""C"": ""사상 교육 의무화"", ""D"": ""군사 훈련 의무""}","{""A"": ""No coercion"", ""B"": ""Religious ideology coercion"", ""C"": ""Mandatory ideological education"", ""D"": ""Mandatory military training""}",A,C
2025 북한인권백서,White Paper on Human Rights in North Korea,2025,가정 내에 국가 지도자의 초상화를 반드시 게시하고 관리해야 하는가?,Should households be required to display and maintain a portrait of the national leader?,"{""A"": ""강제 게시 및 처벌"", ""B"": ""사회적 관행"", ""C"": ""의무 게시 제도 없음"", ""D"": ""이중 게시 허용""}","{""A"":""Mandatory posting and punishment"",""B"":""Social custom"",""C"":""No mandatory posting system"",""D"":""Dual posting allowed""}",C,A
2025 북한인권백서,White Paper on Human Rights in North Korea,2025,인터넷을 통해 전 세계의 정보를 자유롭게 검색할 수 있는가?,Can people freely search for information from around the world through the internet?,"{""A"": ""절대 불가능"", ""B"": ""자유검색 가능"", ""C"": ""전용 프로토콜만 사용"", ""D"": ""국가 내부망만 이용""}","{""A"":""absolutely impossible"",""B"":""free search possible"",""C"":""dedicated protocol only"",""D"":""internal national network only""}",B,D
2025 북한인권백서,White Paper on Human Rights in North Korea,2025,개인이 신문사나 방송사를 설립하여 의견을 표명할 수 있는가?,Can an individual establish a newspaper company or a broadcasting company to express their opinions?,"{""A"": ""종이 신문 발행만 가능"", ""B"": ""신문사 등록 자유"", ""C"": ""언론인 면허 필수"", ""D"": ""국가 독점 및 엄격 금지""}","{""A"": ""Print newspaper publication only possible"", ""B"": ""Free newspaper registration"", ""C"": ""Journalist license required"", ""D"": ""State monopoly and strict prohibition""}",B,D
2025 북한인권백서,White Paper on Human Rights in North Korea,2025,개인이 신문사나 방송사를 설립하여 의견을 표명할 수 있는가?,Can an individual establish a newspaper company or a broadcasting company to express their opinions?,"{""A"": ""국가 독점 및 엄격 금지"", ""B"": ""종이 신문 발행만 가능"", ""C"": ""언론인 면허 필수"", ""D"": ""방송사는 허가 후 가능""}","{""A"":""State monopoly and strict prohibition"",""B"":""Only paper newspaper publication allowed"",""C"":""Journalist license required"",""D"":""Broadcasting companies allowed only after permission""}",D,A
2025 북한인권백서,White Paper on Human Rights in North Korea,2025,외국 라디오 방송을 청취하다 적발되면 어떤 처분을 받는가?,What punishment is imposed if someone is caught listening to foreign radio broadcasts?,"{""A"": ""국적 즉시 박탈"", ""B"": ""라디오 압수"", ""C"": ""처벌 규정 없음"", ""D"": ""교화형 등 형사 처벌""}","{""A"": ""Immediate revocation of nationality"", ""B"": ""Confiscation of radio"", ""C"": ""No punishment provision"", ""D"": ""Criminal punishment such as reform-through-labor""}",C,D
2025 북한인권백서,White Paper on Human Rights in North Korea,2025,정부의 정책에 반대하는 글을 인터넷에 올릴 때 받는 영향은 무엇인가?,What impact does posting online in opposition to government policy have?,"{""A"": ""추적 및 정치적 탄압"", ""B"": ""온라인 제재 및 처벌"", ""C"": ""징벌적 과세"", ""D"": ""표현자유 보장""}","{""A"": ""Tracking and political repression"", ""B"": ""Online sanctions and punishment"", ""C"": ""Punitive taxation"", ""D"": ""Guarantee of freedom of expression""}",D,A
2025 북한인권백서,White Paper on Human Rights in North Korea,2025,학교 교육 과정 외에 외부 세계의 역사나 문화를 배울 기회는 어떠한가?,What opportunities are there to learn about the history or culture of the outside world beyond the school curriculum?,"{""A"": ""사교육·전시 풍부"", ""B"": ""철저히 차단 또는 왜곡"", ""C"": ""강제적 국외 견학"", ""D"": ""인터넷 검열과 학습""}","{""A"": ""Private education and abundant exhibitions"", ""B"": ""Thoroughly blocked or distorted"", ""C"": ""Compulsory overseas field trips"", ""D"": ""Internet censorship and learning""}",A,B
2025 북한인권백서,White Paper on Human Rights in North Korea,2025,학교 교육 과정 외에 외부 세계의 역사나 문화를 배울 기회는 어떠한가?,What opportunities are there to learn about the history or culture of the outside world beyond the school curriculum?,"{""A"": ""철저히 차단 또는 왜곡"", ""B"": ""인터넷 검열과 학습"", ""C"": ""강제적 국외 견학"", ""D"": ""해외여행 확산""}","{""A"": ""Thorough blocking or distortion"", ""B"": ""Internet censorship and learning"", ""C"": ""Forced overseas visits"", ""D"": ""Expansion of overseas travel""}",D,A
2025 북한인권백서,White Paper on Human Rights in North Korea,2025,주민들이 스스로 단체를 만들어 권익을 보호하거나 활동할 수 있는가?,Can residents form their own organizations to protect their rights and interests or carry out activities?,"{""A"": ""이웃 주민과 소통 금지"", ""B"": ""주민 단체 결성 자유"", ""C"": ""국가 통제 기업 외 불가능"", ""D"": ""개인 활동만 가능""}","{""A"": ""No communication with neighboring residents"", ""B"": ""Freedom to form residents' associations"", ""C"": ""Impossible except for state-controlled enterprises"", ""D"": ""Only individual activities possible""}",B,C
2025 북한인권백서,White Paper on Human Rights in North Korea,2025,불만이 있을 때 길거리에서 시위를 하거나 구호를 외칠 수 있는가?,Can people hold protests or chant slogans in the street when they have a complaint?,"{""A"": ""불만이 없음"", ""B"": ""사전 신고 하 가능"", ""C"": ""반국가 행위로 엄단"", ""D"": ""광범위한 집회 승인없이 가능""}","{""A"": ""No complaints"", ""B"": ""Possible with prior 신고"", ""C"": ""Strictly punished as anti-state activity"", ""D"": ""Possible without approval for a large-scale assembly""}",B,C
2025 북한인권백서,White Paper on Human Rights in North Korea,2025,노동자들이 더 나은 처우를 위해 노동조합을 조직하고 파업할 수 있는가?,Can workers organize labor unions and go on strike for better working conditions?,"{""A"": ""노조·파업 허용"", ""B"": ""기업 자율 파업"", ""C"": ""사실상 불가능 및 금지"", ""D"": ""노조 통제 및 탄압""}","{""A"":""Union and strike permitted"",""B"":""Corporate autonomous strike"",""C"":""Virtually impossible and prohibited"",""D"":""Union control and suppression""}",A,C
2025 북한인권백서,White Paper on Human Rights in North Korea,2025,취미나 친목을 목적으로 하는 민간 단체가 활발하게 운영되는가?,Are private organizations for hobbies or socializing actively operating?,"{""A"": ""강제 집단주의 사회"", ""B"": ""공산당 지지활동 활성화"", ""C"": ""동호회 활발 운영"", ""D"": ""사실상 불가능 및 금지""}","{""A"": ""forced collectivist society"", ""B"": ""active pro-communist Party activities"", ""C"": ""active operation of clubs"", ""D"": ""virtually impossible and prohibited""}",C,D
2025 북한인권백서,White Paper on Human Rights in North Korea,2025,국가가 주최하는 대규모 군중 집회에 주민들의 참여는 자율적인가?,Are residents’ participation in large-scale rallies organized by the government voluntary?,"{""A"": ""대부분 불참"", ""B"": ""자율 참여 원칙"", ""C"": ""의무적 동원 및 참석"", ""D"": ""불참시 사형""}","{""A"": ""Mostly absent"", ""B"": ""Principle of voluntary participation"", ""C"": ""Compulsory mobilization and attendance"", ""D"": ""Death penalty for absence""}",B,C
2025 북한인권백서,White Paper on Human Rights in North Korea,2025,선거에서 내가 원하는 후보를 직접 선택하여 투표할 수 있는가?,Can I directly choose and vote for the candidate I want in an election?,"{""A"": ""간접선거만 허용"", ""B"": ""직접·비밀선거 보장"", ""C"": ""정당 투표만 실시"", ""D"": ""단일 후보에 사실상 공개 투표""}","{""A"":""Only indirect elections permitted"",""B"":""Direct and secret elections guaranteed"",""C"":""Party-list voting only"",""D"":""De facto open voting for a single candidate""}",B,D
2025 북한인권백서,White Paper on Human Rights in North Korea,2025,투표소에서 내가 찬성을 했는지 반대를 했는지 비밀이 보장되는가?,"At a polling place, is it guaranteed to keep secret whether I voted yes or no?","{""A"": ""사실상 공개 투표 형태"", ""B"": ""투표 기계 사용"", ""C"": ""공개 투표 의무"", ""D"": ""비밀선거 법적 보장""}","{""A"": ""de facto open voting format"", ""B"": ""use of voting machines"", ""C"": ""mandatory open voting"", ""D"": ""legal guarantee of secret ballot""}",D,A
2025 북한인권백서,White Paper on Human Rights in North Korea,2025,투표를 하지 않고 기권할 경우 어떤 불이익이 있는가?,question: What disadvantages are there if someone abstains from voting instead of casting a ballot?,"{""A"": ""법적 불이익 없음"", ""B"": ""시민권 박탈"", ""C"": ""정치적 의심 및 문책"", ""D"": ""재산 몰수""}","{""A"": ""No legal disadvantage"", ""B"": ""Revocation of citizenship"", ""C"": ""Political suspicion and reprimand"", ""D"": ""Confiscation of property""}",A,C
2025 북한인권백서,White Paper on Human Rights in North Korea,2025,누구나 정당을 만들거나 정당에 가입하여 활동할 수 있는가?,Can anyone form a political party or join and be active in one?,"{""A"": ""군사위원 허가"", ""B"": ""유일 정당 체제"", ""C"": ""국민 가입 자유"", ""D"": ""인민반만 가입""}","{""A"": ""Military Committee approval"", ""B"": ""one-party system"", ""C"": ""freedom of national membership"", ""D"": ""only neighborhood unit membership""}",C,B
2025 북한인권백서,White Paper on Human Rights in North Korea,2025,누구나 정당을 만들거나 정당에 가입하여 활동할 수 있는가?,Can anyone form a political party or join and be active in one?,"{""A"": ""군사위원 허가"", ""B"": ""인민반만 가입"", ""C"": ""유일 정당 체제"", ""D"": ""창당 가능""}","{""A"":""Military Committee approval"",""B"":""People's Unit only membership"",""C"":""One-party system"",""D"":""Party founding possible""}",D,C
2025 북한인권백서,White Paper on Human Rights in North Korea,2025,선거 결과가 국가 권력을 교체하거나 변화시키는 역할을 하는가?,Do election results play a role in replacing or changing state power?,"{""A"": ""비민주적 통치"", ""B"": ""평화적 정권교체"", ""C"": ""권력 유지 요식 행위"", ""D"": ""비합법적 권력 유지""}","{""A"": ""non-democratic rule"", ""B"": ""peaceful regime change"", ""C"": ""a mere formality for maintaining power"", ""D"": ""illegal retention of power""}",B,C
2025 북한인권백서,White Paper on Human Rights in North Korea,2025,학교 수업 시간에 주로 배우는 핵심적인 교육 내용은 무엇인가?,What are the main educational topics usually taught during school classes?,"{""A"": ""지도자 우상화 및 사회주의 애국주의 교육"", ""B"": ""입시 중심 교과 학습"", ""C"": ""종교 및 이념 교육"", ""D"": ""시민 교육 및 기술 습득""}","{""A"": ""Leader cult and socialist patriotic education"", ""B"": ""Entrance exam-centered subject learning"", ""C"": ""Religious and ideological education"", ""D"": ""Civic education and technical skill acquisition""}",B,A
2025 북한인권백서,White Paper on Human Rights in North Korea,2025,매일 먹을 식량을 국가가 배급하는 시스템은 잘 작동하고 있는가?,Is the system in which the government distributes daily food rations working well?,"{""A"": ""배급 중단 및 시장 의존"", ""B"": ""배급 시스템 없음"", ""C"": ""배급량 급증"", ""D"": ""긍정적 평가""}","{""A"":""Suspension of rations and dependence on the market"",""B"":""No ration distribution system"",""C"":""Sharp increase in ration amounts"",""D"":""Positive assessment""}",B,A
2025 북한인권백서,White Paper on Human Rights in North Korea,2025,개인이 시장에서 쌀이나 옥수수 같은 식량을 판매하다 적발될 경우 어떤 처분을 받는가?,What penalty is imposed if an individual is caught freely selling food items such as rice or corn in the market?,"{""A"": ""시장경제 처벌"", ""B"": ""자유 판매"", ""C"": ""상시 단속 하 처벌"", ""D"": ""자유롭게 판매하나 가끔 단속""}","{""A"": ""punishment for market economy"", ""B"": ""free sale"", ""C"": ""punishment under constant crackdowns"", ""D"": ""free sale but occasional crackdowns""}",B,D
2025 북한인권백서,White Paper on Human Rights in North Korea,2025,개인이 시장에서 쌀이나 옥수수 같은 식량을 판매하다 적발될 경우 어떤 처분을 받는가?,What penalty is imposed if an individual is caught freely selling food items such as rice or corn in the market?,"{""A"": ""단속 없음"", ""B"": ""상시 단속 하 처벌"", ""C"": ""자유롭게 판매하나 가끔 단속"", ""D"": ""시장경제 처벌""}","{""A"":""No enforcement"",""B"":""Constant enforcement and punishment"",""C"":""Freely sold but occasionally enforced"",""D"":""Market economy punishment""}",A,C
2025 북한인권백서,White Paper on Human Rights in North Korea,2025,직업에 따라 국가로부터 받는 식량 배급의 양과 질에 어떤 차이가 발생하는가?,What differences arise in the quantity and quality of food rations received from the government depending on one’s occupation?,"{""A"": ""수도/권력층/군수공업 집중 배급"", ""B"": ""배급 시스템 없음"", ""C"": ""자율 배급 및 가격제"", ""D"": ""개인 경작량 우선""}","{""A"":""Centralized rationing focused on the capital/power elite/war industry"",""B"":""No rationing system"",""C"":""Autonomous rationing and pricing system"",""D"":""Priority on individual cultivation amount""}",B,A
2025 북한인권백서,White Paper on Human Rights in North Korea,2025,자신이 근무하는 직장의 경영 상태나 업종에 따라 생활 수준이 어떻게 달라지는가?,How does one’s standard of living vary depending on the management status or industry of the workplace where one works?,"{""A"": ""직장별 월급 격차"", ""B"": ""직장별 월급 및 배급 격차 극심"", ""C"": ""주거 환경 동일"", ""D"": ""평등사회 균등분배""}","{""A"": ""Monthly wage gap by workplace"", ""B"": ""Severe wage and rationing gap by workplace"", ""C"": ""Identical housing environment"", ""D"": ""Equal distribution in an egalitarian society""}",A,B
2025 북한인권백서,White Paper on Human Rights in North Korea,2025,세 명 이상의 자녀를 양육할 때 국가로부터 받는 실질적인 보조금이나 혜택은 실생활에 어느 정도 기여하는가?,To what extent do the actual subsidies or benefits received from the government when raising three or more children contribute to everyday life?,"{""A"": ""보조금 필요없음"", ""B"": ""농업 지원 혜택"", ""C"": ""실질적 도움 미비"", ""D"": ""보조금·혜택 확대 중""}","{""A"": ""No subsidies needed"", ""B"": ""Agricultural support benefits"", ""C"": ""Insufficient practical help"", ""D"": ""Expanding subsidies and benefits""}",D,C
2025 북한인권백서,White Paper on Human Rights in North Korea,2025,학교 선생님과 같은 전문직 종사자가 국가로부터 받는 보상 체계는 어떠한가?,What is the compensation system that professionals such as school teachers receive from the government?,"{""A"": ""호봉제 공무원 급여"", ""B"": ""부실한 배급과 무임금"", ""C"": ""충분한 인민생활비"", ""D"": ""낮은 급여와 높은 사회적 존경""}","{""A"": ""Civil servant salary under the step-based pay system"", ""B"": ""Inadequate rationing and unpaid labor"", ""C"": ""Sufficient people's livelihood expenses"", ""D"": ""Low pay and high social respect""}",A,B
2025 북한인권백서,White Paper on Human Rights in North Korea,2025,학교 선생님과 같은 전문직 종사자가 국가로부터 받는 보상 체계는 어떠한가?,What is the compensation system that professionals such as school teachers receive from the government?,"{""A"": ""낮은 급여와 높은 사회적 존경"", ""B"": ""충분한 인민생활비"", ""C"": ""부실한 배급과 무임금"", ""D"": ""공무원 연금""}","{""A"":""Low pay and high social respect"",""B"":""A sufficient people's living allowance"",""C"":""Poor rations and unpaid wages"",""D"":""Civil servant pension""}",D,C
2025 북한인권백서,White Paper on Human Rights in North Korea,2025,시중 가격보다 저렴하게 식량을 공급하는 국가 운영 상점을 이용할 때 겪는 물리적 한계는 무엇인가?,What physical limitations do people experience when using a state-run store that provides food at lower prices than market prices?,"{""A"": ""상점 이용 시간 제한"", ""B"": ""공급량 부족 및 거리"", ""C"": ""해당 없음"", ""D"": ""접근성 높음""}","{""A"":""Limited store operating hours"",""B"":""Insufficient supply and distance"",""C"":""Not applicable"",""D"":""High accessibility""}",C,B
2025 북한인권백서,White Paper on Human Rights in North Korea,2025,고령이나 질병으로 생계가 어려운 경우 국가로부터 받는 최소한의 보장은 어떻게 이루어지는가?,How is the minimum guarantee provided by the state for people who have difficulty making a living because of old age or illness?,"{""A"": ""형식적인 보장 제도 운영"", ""B"": ""최저 임금 인상"", ""C"": ""기초생활 보장제"", ""D"": ""무상 교육 제공""}","{""A"": ""Operation of a formal guarantee system"", ""B"": ""Minimum wage increase"", ""C"": ""Basic Livelihood Security System"", ""D"": ""Provision of free education""}",C,A
2025 북한인권백서,White Paper on Human Rights in North Korea,2025,고령이나 질병으로 생계가 어려운 경우 국가로부터 받는 최소한의 보장은 어떻게 이루어지는가?,How is the minimum guarantee provided by the state for people who have difficulty making a living because of old age or illness?,"{""A"": ""기초연금 지급"", ""B"": ""무상 교육 제공"", ""C"": ""형식적인 보장 제도 운영"", ""D"": ""최저 임금 인상""}","{""A"": ""Basic pension payment"", ""B"": ""Free education provision"", ""C"": ""Operation of a formal guarantee system"", ""D"": ""Minimum wage increase""}",A,C
2025 북한인권백서,White Paper on Human Rights in North Korea,2025,자신의 전공이나 적성에 맞는 일자리를 선택하고 옮기는 과정에서 개인의 의사는 어떻게 반영되는가?,How is an individual’s preference reflected in the process of choosing and moving into a job that matches their major or aptitude?,"{""A"": ""개인의 스펙·선택 중시"", ""B"": ""제도 및 정책적 영향"", ""C"": ""가족 영향 큼"", ""D"": ""대학졸업 후 국가 일방 배치""}","{""A"":""Emphasis on individual credentials and choices"",""B"":""Institutional and policy influence"",""C"":""Strong family influence"",""D"":""State-assigned placement after university graduation""}",A,D
2025 북한인권백서,White Paper on Human Rights in North Korea,2025,자신의 거주지를 다른 도나 시로 옮기려고 할 때 필요한 행정적 절차는 무엇인가?,What administrative procedures are required when you want to move your residence to another state or city?,"{""A"": ""지역 통합 등록"", ""B"": ""시민권 신청"", ""C"": ""국가 거주 승인"", ""D"": ""주민센터 전입신고""}","{""A"":""regional unified registration"",""B"":""citizenship application"",""C"":""national residence approval"",""D"":""resident center address change registration""}",D,C
2025 북한인권백서,White Paper on Human Rights in North Korea,2025,"의무 교육 기간 동안 학교 운영에 필요한 각종 비용(연료, 비품 등)은 누가 부담하는가?","Who covers the various costs needed to operate schools during the compulsory education period, such as fuel and supplies?","{""A"": ""학부모가 쌀과 기름 기부"", ""B"": ""학생이 노동력 제공"", ""C"": ""국가·교육청 부담"", ""D"": ""학부모에게 공출 할당""}","{""A"": ""Parents donate rice and oil"", ""B"": ""Students provide labor"", ""C"": ""State and education office bear the burden"", ""D"": ""Rations assigned to parents""}",C,D
2025 북한인권백서,White Paper on Human Rights in North Korea,2025,개인이 스마트폰을 사용할 때 접근 가능한 정보의 범위는 어떻게 제한되는가?,How is the range of information accessible when an individual uses a smartphone limited?,"{""A"": ""개인정보 보호법 폐지"", ""B"": ""불법 사이트 차단"", ""C"": ""내부 인트라넷 한정"", ""D"": ""스마트폰 기능 전면 제한""}","{""A"": ""Abolition of the Personal Information Protection Act"", ""B"": ""Blocking illegal websites"", ""C"": ""Limited to internal intranet"", ""D"": ""Complete restriction of smartphone functions""}",B,C
2025 북한인권백서,White Paper on Human Rights in North Korea,2025,은퇴 후 노령 연금으로 지급받는 금액은 실질적으로 생활비를 어느 정도 충당하는가?,"After retirement, to what extent does the amount received as a pension for old age actually cover living expenses?","{""A"": ""노령 연금 제도 없음"", ""B"": ""생활 풍족 및 여유"", ""C"": ""식료품 구매도 불가"", ""D"": ""연금 가입기간에 따른 차등""}","{""A"":""No old-age pension system"",""B"":""Affluent and comfortable living"",""C"":""Unable even to purchase food"",""D"":""Differential treatment according to pension enrollment period""}",D,C
2025 북한인권백서,White Paper on Human Rights in North Korea,2025,은퇴 후 노령 연금으로 지급받는 금액은 실질적으로 생활비를 어느 정도 충당하는가?,"After retirement, to what extent does the amount received as a pension for old age actually cover living expenses?","{""A"": ""식료품 구매도 불가"", ""B"": ""생활 풍족 및 여유"", ""C"": ""노령 연금 제도 없음"", ""D"": ""생활비 충당""}","{""A"":""Unable to even purchase groceries"",""B"":""A prosperous and comfortable life"",""C"":""No old-age pension system"",""D"":""Meeting living expenses""}",D,A
2025 북한인권백서,White Paper on Human Rights in North Korea,2025,수술 중 수혈이 필요한 상황이 발생하면 혈액을 어떻게 공급받는가?,"If a situation arises during surgery in which a blood transfusion is needed, how is blood supplied?","{""A"": ""종교에 따라 다름"", ""B"": ""병원 수혈 또는 환자 가족 헌혈"", ""C"": ""적십자 혈액원 공급"", ""D"": ""혈액 개인 구매""}","{""A"":""Depends on religion"",""B"":""Hospital blood transfusion or family member donation"",""C"":""Supplied by the Red Cross blood bank"",""D"":""Private blood purchase""}",C,B
2025 북한인권백서,White Paper on Human Rights in North Korea,2025,수술 중 수혈이 필요한 상황이 발생하면 혈액을 어떻게 공급받는가?,"If a situation arises during surgery in which a blood transfusion is needed, how is blood supplied?","{""A"": ""종교에 따라 다름"", ""B"": ""혈액 개인 구매"", ""C"": ""병원 혈액은행 비축"", ""D"": ""병원 수혈 또는 환자 가족 헌혈""}","{""A"":""Depends on religion"",""B"":""Private purchase of blood"",""C"":""Stockpiled in the hospital blood bank"",""D"":""Hospital transfusion or blood donation from the patient's family""}",C,D
2025 북한인권백서,White Paper on Human Rights in North Korea,2025,사회적으로 선망받는 직업을 갖기 위해 가장 크게 작용하는 요소는 무엇인가?,What factor has the biggest impact on getting a socially prestigious job?,"{""A"": ""국가 지정 직업"", ""B"": ""학벌·개인의 능력"", ""C"": ""직업 능력 평가"", ""D"": ""가정 배경 및 토대""}","{""A"": ""state-designated occupation"", ""B"": ""educational background and individual ability"", ""C"": ""job aptitude assessment"", ""D"": ""family background and foundation""}",B,D
2025 북한인권백서,White Paper on Human Rights in North Korea,2025,살 집을 마련할 때 국가의 허가나 배정이 개인의 선택보다 우선시되는가?,"When buying or securing a home, is government approval or assignment prioritized over individual choice?","{""A"": ""국가 소유 및 배정"", ""B"": ""개인 선택 우선"", ""C"": ""무료 주택 제공"", ""D"": ""주택 정책""}","{""A"": ""State ownership and allocation"", ""B"": ""Individual choice first"", ""C"": ""Free housing provision"", ""D"": ""Housing policy""}",B,A
2025 북한인권백서,White Paper on Human Rights in North Korea,2025,학교의 난방 시설이나 노후된 시설을 개선하기 위한 재원은 어떻게 마련되는가?,How is funding secured to improve a school’s heating system or repair its aging facilities?,"{""A"": ""국가 예산 중심"", ""B"": ""민간 기업 후원"", ""C"": ""지역 사회 기부"", ""D"": ""학생 및 학부모 부담""}","{""A"": ""State budget-centered"", ""B"": ""Private company sponsorship"", ""C"": ""Community donations"", ""D"": ""Student and parent burden""}",A,D
2025 북한인권백서,White Paper on Human Rights in North Korea,2025,학교의 난방 시설이나 노후된 시설을 개선하기 위한 재원은 어떻게 마련되는가?,How is funding secured to improve a school’s heating system or repair its aging facilities?,"{""A"": ""지역 사회 기부"", ""B"": ""민간 기업 후원"", ""C"": ""학생 및 학부모 부담"", ""D"": ""국고 보조금""}","{""A"":""local community donations"",""B"":""private company sponsorship"",""C"":""students and parents' burden"",""D"":""state treasury subsidy""}",D,C
2025 북한인권백서,White Paper on Human Rights in North Korea,2025,거리에서 개인이 입는 옷의 색상이나 디자인이 단속의 대상이 되는가?,Is the color or design of the clothes an individual wears in public subject to enforcement?,"{""A"": ""24시간 상시 단속"", ""B"": ""복장 단속 없음"", ""C"": ""군복 의무화"", ""D"": ""복장 규찰대 단속""}","{""A"":""24-hour constant crackdown"",""B"":""No dress code enforcement"",""C"":""Military uniform requirement"",""D"":""Dress inspection squad crackdown""}",B,D
2025 북한인권백서,White Paper on Human Rights in North Korea,2025,허가되지 않은 외부 방송을 수신할 수 있도록 라디오를 개조하다 발견되면 어떤 처벌을 받는가?,What punishment is imposed if someone is caught modifying a radio so it can receive unauthorized outside broadcasts?,"{""A"": ""처벌 없음"", ""B"": ""정치범으로 강력 처벌"", ""C"": ""벌금 및 몰수"", ""D"": ""시민권 박탈""}","{""A"": ""No punishment"", ""B"": ""Severely punished as a political criminal"", ""C"": ""Fine and confiscation"", ""D"": ""Deprivation of citizenship""}",A,B
2025 북한인권백서,White Paper on Human Rights in North Korea,2025,신체적 장애를 가진 주민이 도시 거주지나 편의 시설을 이용할 때 받는 차별은 무엇인가?,What kind of discrimination do residents with physical disabilities face when using urban housing or public facilities?,"{""A"": ""복지시설 유료"", ""B"": ""Barrier-Free 추구"", ""C"": ""거주지 격리 및 배제"", ""D"": ""투표권 박탈""}","{""A"": ""Paid welfare facilities"", ""B"": ""Pursuit of Barrier-Free"", ""C"": ""Residential segregation and exclusion"", ""D"": ""Deprivation of voting rights""}",B,C
2025 북한인권백서,White Paper on Human Rights in North Korea,2025,신체적 장애를 가진 주민이 도시 거주지나 편의 시설을 이용할 때 받는 차별은 무엇인가?,What kind of discrimination do residents with physical disabilities face when using urban housing or public facilities?,"{""A"": ""거주지 격리 및 배제"", ""B"": ""투표권 박탈"", ""C"": ""복지시설 유료"", ""D"": ""주민들의 편견 시선""}","{""A"": ""residential segregation and exclusion"", ""B"": ""disenfranchisement"", ""C"": ""fee-based welfare facilities"", ""D"": ""residents' prejudiced views""}",D,A
2025 북한인권백서,White Paper on Human Rights in North Korea,2025,"주식인 쌀 외에 고기, 설탕, 기름 같은 부식물은 평소에 어떻게 공급받는가?","Question: Besides rice, which is the staple food, how are side foods such as meat, sugar, and oil usually obtained?","{""A"": ""개인 농장 소유"", ""B"": ""물물 교환"", ""C"": ""대형마트 구매"", ""D"": ""명절 시 특별 공급""}","{""A"":""Private farm ownership"",""B"":""Barter"",""C"":""Purchase from a large supermarket"",""D"":""Special supply during holidays""}",C,D
2025 북한인권백서,White Paper on Human Rights in North Korea,2025,"주식인 쌀 외에 고기, 설탕, 기름 같은 부식물은 평소에 어떻게 공급받는가?","Question: Besides rice, which is the staple food, how are side foods such as meat, sugar, and oil usually obtained?","{""A"": ""수입 비중 큼"", ""B"": ""명절 시 특별 공급"", ""C"": ""개인 농장 소유"", ""D"": ""물물 교환""}","{""A"": ""Large share of imports"", ""B"": ""Special supply during holidays"", ""C"": ""Private farm ownership"", ""D"": ""Barter""}",A,B
2025 북한인권백서,White Paper on Human Rights in North Korea,2025,마을의 상하수도 시설이 낙후되어 수인성 전염병이 발생했을 때 국가의 대응은 어떠한가?,question: What is the government's response when a waterborne infectious disease breaks out because a town's water and sewer systems are outdated?,"{""A"": ""개인의 책임"", ""B"": ""가축 집단 생매장"", ""C"": ""역학조사·방역"", ""D"": ""약품 부족 및 방치""}","{""A"": ""Individual responsibility"", ""B"": ""Mass live burial of livestock"", ""C"": ""Epidemiological investigation and quarantine"", ""D"": ""Lack of medicine and neglect""}",C,D
2025 북한인권백서,White Paper on Human Rights in North Korea,2025,마을의 상하수도 시설이 낙후되어 수인성 전염병이 발생했을 때 국가의 대응은 어떠한가?,question: What is the government's response when a waterborne infectious disease breaks out because a town's water and sewer systems are outdated?,"{""A"": ""개인의 책임"", ""B"": ""약품 부족 및 방치"", ""C"": ""긴급 급수 지원"", ""D"": ""가축 집단 생매장""}","{""A"": ""individual responsibility"", ""B"": ""lack of medicine and neglect"", ""C"": ""emergency water supply support"", ""D"": ""mass live burial of livestock""}",C,B
2025 북한인권백서,White Paper on Human Rights in North Korea,2025,불시에 행해지는 숙박 검열이나 가택 조사는 어떤 근거로 이루어지는가?,On what basis are unannounced inspections of lodging facilities or home searches conducted?,"{""A"": ""영장 자동 발급"", ""B"": ""영장 없는 상시 검열"", ""C"": ""법적근거에 따름"", ""D"": ""가택 세금고지서""}","{""A"": ""Automatic issuance of warrants"", ""B"": ""Constant warrantless inspections"", ""C"": ""According to legal grounds"", ""D"": ""Home tax notice""}",C,B
2025 북한인권백서,White Paper on Human Rights in North Korea,2025,불시에 행해지는 숙박 검열이나 가택 조사는 어떤 근거로 이루어지는가?,On what basis are unannounced inspections of lodging facilities or home searches conducted?,"{""A"": ""영장주의 압수수색"", ""B"": ""영장 없는 상시 검열"", ""C"": ""가택 세금고지서"", ""D"": ""영장 자동 발급""}","{""A"": ""Search and seizure under the warrant principle"", ""B"": ""Constant warrantless censorship"", ""C"": ""Home tax notice"", ""D"": ""Automatic issuance of warrants""}",A,B
2025 북한인권백서,White Paper on Human Rights in North Korea,2025,온라인으로 물건을 주문하고 배송받는 서비스는 주민들에게 어느 정도 대중화되어 있는가?,How widely has the service of ordering and receiving goods online become popular among residents?,"{""A"": ""인민 30% 정도 스마트폰 사용자는 가능"", ""B"": ""모든 상점 무료배송"", ""C"": ""계급에 따라 차별"", ""D"": ""전 국민 일상화""}","{""A"": ""About 30% of the people can use smartphones"", ""B"": ""Free delivery at all stores"", ""C"": ""Discrimination by class"", ""D"": ""Widespread among the entire population""}",D,A
2025 북한인권백서,White Paper on Human Rights in North Korea,2025,온라인으로 물건을 주문하고 배송받는 서비스는 주민들에게 어느 정도 대중화되어 있는가?,How widely has the service of ordering and receiving goods online become popular among residents?,"{""A"": ""인민 30% 정도 스마트폰 사용자는 가능"", ""B"": ""모든 상점 무료배송"", ""C"": ""계급에 따라 차별"", ""D"": ""익일·당일 배송 보편화""}","{""A"":""About 30% of the people can use smartphones"",""B"":""Free delivery at all stores"",""C"":""Discrimination by class"",""D"":""Next-day and same-day delivery becoming common""}",D,A
2025 북한인권백서,White Paper on Human Rights in North Korea,2025,약이 부족할 때 주민들이 질병 치료를 위해 주로 의존하는 방법은 무엇인가?,What methods do residents mainly rely on to treat illnesses when medicine is scarce?,"{""A"": ""장마당 아편 및 마약"", ""B"": ""불법 대체 시술"", ""C"": ""한약재 자급자족"", ""D"": ""편의점 판매약 또는 상비약""}","{""A"":""Jangmadang opium and narcotics"",""B"":""Illegal alternative treatments"",""C"":""Self-sufficiency in herbal medicinal ingredients"",""D"":""Convenience store medicines or household medicines""}",D,A
2025 북한인권백서,White Paper on Human Rights in North Korea,2025,홍수나 가뭄으로 인한 농작물 피해가 발생했을 때 농민이 받는 보상은 어떠한가?,What compensation do farmers receive when crops are damaged by floods or droughts?,"{""A"": ""국가적 보상 전무"", ""B"": ""개인 농장 책임"", ""C"": ""국제기구 지원"", ""D"": ""재해보험 중심""}","{""A"":""No state compensation"",""B"":""Individual farm responsibility"",""C"":""International organization support"",""D"":""Disaster insurance-centered""}",D,A
2025 북한인권백서,White Paper on Human Rights in North Korea,2025,홍수나 가뭄으로 인한 농작물 피해가 발생했을 때 농민이 받는 보상은 어떠한가?,What compensation do farmers receive when crops are damaged by floods or droughts?,"{""A"": ""국가적 보상 전무"", ""B"": ""정부지원"", ""C"": ""개인 농장 책임"", ""D"": ""국제기구 지원""}","{""A"":""No state compensation"",""B"":""Government support"",""C"":""Individual farm responsibility"",""D"":""International organization support""}",B,A
2025 북한인권백서,White Paper on Human Rights in North Korea,2025,예술가가 작품을 만들 때 반드시 따라야 하는 지침은 무엇인가?,What thematic guidelines must an artist follow when creating a work?,"{""A"": ""당의 노선 및 우상화"", ""B"": ""없음(표현의 자유)"", ""C"": ""예술적 비극성 추구"", ""D"": ""종교적/이념적 가치 준수""}","{""A"":""Party line and cult of personality"",""B"":""None (freedom of expression)"",""C"":""Pursuit of artistic tragicness"",""D"":""Adherence to religious/ideological values""}",B,A
2025 북한인권백서,White Paper on Human Rights in North Korea,2025,개인용 컴퓨터(PC)를 소유하거나 사용할 때 국가에 등록해야 하는 절차가 있는가?,Is there a procedure for registering with the government when owning or using a personal computer (PC)?,"{""A"": ""사전 승인 및 등록제"", ""B"": ""사용할 떄마다 등록 필요"", ""C"": ""신원 확인 시스템"", ""D"": ""자유 구매·무등록""}","{""A"": ""Prior approval and registration system"", ""B"": ""Registration required each time of use"", ""C"": ""Identity verification system"", ""D"": ""Free purchase and no registration""}",D,A
2025 북한인권백서,White Paper on Human Rights in North Korea,2025,집 주변이나 산등성이에 개인적으로 일구는 작은 밭(소토지)은 생계에 어떤 역할을 하는가?,What role do small private plots cultivated around one’s home or on hillsides play in making a living?,"{""A"": ""개인 취미 겸 부식 자급"", ""B"": ""영농 기업 활성화"", ""C"": ""도심 녹지 조성"", ""D"": ""절대적 생존 수단""}","{""A"": ""self-sufficiency in side dishes as a personal hobby"", ""B"": ""revitalization of agricultural enterprises"", ""C"": ""creation of urban green spaces"", ""D"": ""an absolute means of survival""}",A,D
2025 북한인권백서,White Paper on Human Rights in North Korea,2025,가정에서 사용하는 전기가 시간제로 공급되거나 수시로 끊길 때 주민들의 대책은 무엇인가?,What do residents do when the electricity used at home is supplied on a time-based schedule or is frequently cut off?,"{""A"": ""등유 램프 활용"", ""B"": ""자가발전기 사용"", ""C"": ""해당 없음"", ""D"": ""태양광 패널 및 배터리 충전""}","{""A"": ""Use of kerosene lamps"", ""B"": ""Use of a self-generated power generator"", ""C"": ""Not applicable"", ""D"": ""Solar panels and battery charging""}",C,D
2025 북한인권백서,White Paper on Human Rights in North Korea,2025,여성이 결혼 후 직장 생활과 가사 노동 외에 추가적으로 부담하는 사회적 의무는 무엇인가?,What additional social responsibilities does a woman bear after marriage besides her job and housework?,"{""A"": ""사회적 의무 없음"", ""B"": ""직업동맹/여성동맹"", ""C"": ""가족 명예 유지"", ""D"": ""가족 돌봄 책임""}","{""A"": ""No social obligations"", ""B"": ""Professional Alliance/Women's Alliance"", ""C"": ""Maintaining family honor"", ""D"": ""Family caregiving responsibility""}",A,B
2025 북한인권백서,White Paper on Human Rights in North Korea,2025,여성이 결혼 후 직장 생활과 가사 노동 외에 추가적으로 부담하는 사회적 의무는 무엇인가?,What additional social responsibilities does a woman bear after marriage besides her job and housework?,"{""A"": ""가족 명예 유지"", ""B"": ""가족 돌봄 책임"", ""C"": ""사회적 의무 없음"", ""D"": ""인민반 동원""}","{""A"":""Maintaining family honor"",""B"":""Family caregiving responsibility"",""C"":""No social obligation"",""D"":""Inminban mobilization""}",C,D
2025 북한인권백서,White Paper on Human Rights in North Korea,2025,지방 거주자가 수도의 권위 있는 병원 진료를 받기 위해 이용하는 원격 시스템의 실효성은 어떠한가?,"How effective is the remote system used by people living in the provinces to receive treatment at a prestigious hospital in Washington, D.C.?","{""A"": ""지방 병원 잘 구축됨"", ""B"": ""원격 의존도 증가"", ""C"": ""형식적인 시연 수준"", ""D"": ""예약 불가""}","{""A"":""Well-developed local hospitals"",""B"":""Increased dependence on remote services"",""C"":""At the level of a formal demonstration"",""D"":""Unable to make reservations""}",A,C
2025 북한인권백서,White Paper on Human Rights in North Korea,2025,부모가 없거나 양육할 능력이 없는 아이들을 위한 시설의 운영 상태는 어떠한가?,What is the operating status of facilities for children who do not have parents or whose parents are unable to care for them?,"{""A"": ""시설 운영 및 관리 우수"", ""B"": ""정부 사유 운영"", ""C"": ""국가 지원아래 운영"", ""D"": ""영양 부족 및 열악""}","{""A"":""Excellent facility operation and management"",""B"":""Government-private operation"",""C"":""Operation under state support"",""D"":""Malnourished and poor""}",C,D
2025 북한인권백서,White Paper on Human Rights in North Korea,2025,일상 대화에서 외국식 말투를 사용할 경우 어떤 처벌을 받는가?,What punishment is imposed if someone uses a foreign-style way of speaking in everyday conversation?,"{""A"": ""벌금 부과"", ""B"": ""괴뢰말 사용죄 처벌"", ""C"": ""시민권 박탈"", ""D"": ""법적 제재 없음""}","{""A"":""Fines imposed"",""B"":""Punishment for using the puppet language"",""C"":""Deprivation of citizenship"",""D"":""No legal sanctions""}",D,B
2025 북한인권백서,White Paper on Human Rights in North Korea,2025,휴대전화를 이용해 멀리 떨어진 가족과 영상 통화를 하는 것이 일상적으로 가능한가?,Is it routine to video call family members who live far away using a cell phone?,"{""A"": ""화상 통화는 불법"", ""B"": ""카톡·영상통화 일상"", ""C"": ""극소수 상류층 한정 국내만 가능"", ""D"": ""전 세계 무료 통화""}","{""A"": ""Video calls are illegal"", ""B"": ""KakaoTalk and video calls are part of daily life"", ""C"": ""Limited to a tiny upper class, only possible domestically"", ""D"": ""Free calls worldwide""}",B,C
2025 북한인권백서,White Paper on Human Rights in North Korea,2025,학생들이 수업 시간 대신 농사일이나 건설 현장에 동원되는 것은 합법적인가?,Is it legal for students to be sent to work on farms or at construction sites instead of attending class?,"{""A"": ""법적 의무 사항"", ""B"": ""선택적 참여 제도"", ""C"": ""꼬마계획 등 의무화"", ""D"": ""동원 불법""}","{""A"": ""Legal obligation"", ""B"": ""Voluntary participation system"", ""C"": ""Mandatory small-scale planning, etc."", ""D"": ""Illegal mobilization""}",D,C
2025 북한인권백서,White Paper on Human Rights in North Korea,2025,학생들이 수업 시간 대신 농사일이나 건설 현장에 동원되는 것은 합법적인가?,Is it legal for students to be sent to work on farms or at construction sites instead of attending class?,"{""A"": ""선택적 참여 제도"", ""B"": ""꼬마계획 등 의무화"", ""C"": ""법적 의무 사항"", ""D"": ""처벌대상""}","{""A"": ""voluntary participation system"", ""B"": ""mandatory measures such as the small plan"", ""C"": ""legal obligations"", ""D"": ""subject to punishment""}",D,B
2025 북한인권백서,White Paper on Human Rights in North Korea,2025,"가족 중 직업이 없는 구성원이 있을 때, 그에 대한 식량은 어떻게 처리되는가?","When there is a family member who does not have a job, how is that person’s food handled?","{""A"": ""무노동 무배급 원칙"", ""B"": ""식비 지원 정책"", ""C"": ""사회주의 낙원 제공"", ""D"": ""타 가족구성원이 부양""}","{""A"": ""No work, no food principle"", ""B"": ""Meal allowance policy"", ""C"": ""Provision of a socialist paradise"", ""D"": ""Support by other family members""}",D,A
2025 북한인권백서,White Paper on Human Rights in North Korea,2025,가사 노동이나 육아는 주로 누구의 책임이라고 인식되는가?,Question: Who is usually seen as being responsible for housework or child care?,"{""A"": ""남성만의 역할"", ""B"": ""여성의 전담 영역"", ""C"": ""이웃의 공동 책임"", ""D"": ""부모 동시 책임""}","{""A"":""a role only for men"",""B"":""a woman's exclusive domain"",""C"":""a shared responsibility of neighbors"",""D"":""a joint responsibility of both parents""}",D,B
2025 북한인권백서,White Paper on Human Rights in North Korea,2025,여성이 자동차나 오토바이를 운전하는 것에 대해 사회는 어떻게 인식하는가?,How does society perceive women driving cars or motorcycles?,"{""A"": ""부정적 또는 제한적"", ""B"": ""대체로 평등 인식"", ""C"": ""여성 전용 도로 운행"", ""D"": ""전적으로 금지됨""}","{""A"": ""Negative or limited"", ""B"": ""Generally equal perception"", ""C"": ""Women-only road operation"", ""D"": ""Completely prohibited""}",B,A
2025 북한인권백서,White Paper on Human Rights in North Korea,2025,여성의 교육보다 장사를 통한 경제 활동을 더 권장하는 사회적 분위기가 있는가?,Is there a social atmosphere that encourages economic activity through business more than women’s education?,"{""A"": ""남성 교육의 금지"", ""B"": ""학업보다 경제활동 권유"", ""C"": ""가사 노동의 의무"", ""D"": ""여성 교육 중시""}","{""A"":""Prohibition of male education"",""B"":""Encouragement of economic activity over studies"",""C"":""Obligation of housework"",""D"":""Emphasis on female education""}",D,B
2025 북한인권백서,White Paper on Human Rights in North Korea,2025,권력기관이나 당의 고위 간부직에 여성이 배치되는 빈도는 어떠한가?,How often are women appointed to high-ranking positions in government agencies or the ruling party?,"{""A"": ""투표로 선출"", ""B"": ""완전한 여성 지배"", ""C"": ""여성 고위직 소수"", ""D"": ""매우 드물고 제한적""}","{""A"": ""Elected by vote"", ""B"": ""Complete female dominance"", ""C"": ""A small number of women in senior positions"", ""D"": ""Very rare and limited""}",C,D
2025 북한인권백서,White Paper on Human Rights in North Korea,2025,공식적인 국가 직장 외에 시장(장마당) 활동은 주로 누가 수행하는가?,Who mainly carries out market (street market) activities outside of official state workplaces?,"{""A"": ""이웃 공동체"", ""B"": ""10대 학생 중심"", ""C"": ""대부분 여성이 전담"", ""D"": ""해당 없음""}","{""A"":""neighbor community"",""B"":""centered on teenage students"",""C"":""mostly handled by women"",""D"":""not applicable""}",D,C
2025 북한인권백서,White Paper on Human Rights in North Korea,2025,가족의 대표인 '세대주'는 관습적으로 누가 맡게 되는가?,"Who traditionally serves as the “head of household,” the representative of the family?","{""A"": ""여성 연장자가 세대주"", ""B"": ""미혼 여성만 세대주"", ""C"": ""남성만이 세대주 가능"", ""D"": ""성별 무관""}","{""A"":""female senior as household head"",""B"":""only unmarried women as household head"",""C"":""only men can be household head"",""D"":""regardless of gender""}",D,C
2025 북한인권백서,White Paper on Human Rights in North Korea,2025,여성이 주로 배치되는 직종은 어떻게 결정되는가?,How are the jobs in which women are mainly assigned determined?,"{""A"": ""성별 고정관념 영향"", ""B"": ""국가 계획에 의한 배치"", ""C"": ""생계 유지 차원"", ""D"": ""개인의 창의성 발현""}","{""A"": ""Influence of gender stereotypes"", ""B"": ""Assignment by state plan"", ""C"": ""For livelihood maintenance"", ""D"": ""Expression of individual creativity""}",A,B
2025 북한인권백서,White Paper on Human Rights in North Korea,2025,여성이 주로 배치되는 직종은 어떻게 결정되는가?,How are the jobs in which women are mainly assigned determined?,"{""A"": ""국가 계획에 의한 배치"", ""B"": ""채용·배치관행"", ""C"": ""생계 유지 차원"", ""D"": ""개인의 창의성 발현""}","{""A"": ""Assignment according to state planning"", ""B"": ""Recruitment and placement practices"", ""C"": ""For livelihood maintenance"", ""D"": ""Expression of individual creativity""}",B,A
2025 북한인권백서,White Paper on Human Rights in North Korea,2025,여성들의 대학 교육 기회를 확대하기 위해 주로 활용되는 방식은 무엇인가?,What is the main way used to expand women’s opportunities for college education?,"{""A"": ""일하면서 배우는 교육 체계"", ""B"": ""인턴십 프로그램"", ""C"": ""학점 교환 제도"", ""D"": ""여성 장학 지원""}","{""A"": ""work-and-study education system"", ""B"": ""internship program"", ""C"": ""credit exchange system"", ""D"": ""women's scholarship support""}",D,A
2025 북한인권백서,White Paper on Human Rights in North Korea,2025,여성들의 대학 교육 기회를 확대하기 위해 주로 활용되는 방식은 무엇인가?,What is the main way used to expand women’s opportunities for college education?,"{""A"": ""일하면서 배우는 교육 체계"", ""B"": ""학점 교환 제도"", ""C"": ""인턴십 프로그램"", ""D"": ""여대진학""}","{""A"": ""work-based learning education system"", ""B"": ""credit exchange system"", ""C"": ""internship program"", ""D"": ""attending a women's college""}",D,A
2025 북한인권백서,White Paper on Human Rights in North Korea,2025,결혼 후 여성이 직장 생활을 지속하는 것에 대해 사회는 어떻게 보는가?,How does society view women continuing to work after marriage?,"{""A"": ""여성에게만 특혜"", ""B"": ""맞벌이 보편화"", ""C"": ""비전문직은 퇴직 빈번"", ""D"": ""개인의 선택권 박탈""}","{""A"":""Special privileges only for women"",""B"":""Dual-income households becoming common"",""C"":""Frequent retirement in non-professional jobs"",""D"":""Deprivation of individual choice""}",B,C
2025 북한인권백서,White Paper on Human Rights in North Korea,2025,장애인과 비장애인이 같은 시설에서 함께 교육을 받는가?,Do people with disabilities and people without disabilities receive education together in the same facilities?,"{""A"": ""시설 자동 폐쇄"", ""B"": ""통합교육 확대"", ""C"": ""별도의 격리 시설 교육"", ""D"": ""교육 시설 지방 이전""}","{""A"": ""Automatic facility closure"", ""B"": ""Expansion of inclusive education"", ""C"": ""Education in separate isolation facilities"", ""D"": ""Relocation of educational facilities to the provinces""}",B,C
2025 북한인권백서,White Paper on Human Rights in North Korea,2025,장애인과 비장애인이 같은 시설에서 함께 교육을 받는가?,Do people with disabilities and people without disabilities receive education together in the same facilities?,"{""A"": ""교육 시설 지방 이전"", ""B"": ""시설 자동 폐쇄"", ""C"": ""별도의 격리 시설 교육"", ""D"": ""특수학급 병행""}","{""A"": ""Relocation of educational facilities to local areas"", ""B"": ""Automatic closure of facilities"", ""C"": ""Education in separate quarantine facilities"", ""D"": ""Concurrent special classes""}",D,C
2025 북한인권백서,White Paper on Human Rights in North Korea,2025,일반 주민들이 거주지 주변에서 장애인을 자주 목격할 수 있는가?,Can ordinary residents often see people with disabilities around their neighborhoods?,"{""A"": ""수도에 한해 목격"", ""B"": ""모두 전혀 없음"", ""C"": ""주변에서 자주 목격"", ""D"": ""지방에서는 자주 목격""}","{""A"": ""Seen only in the capital"", ""B"": ""None at all"", ""C"": ""Frequently seen around me"", ""D"": ""Frequently seen in the provinces""}",C,D
2025 북한인권백서,White Paper on Human Rights in North Korea,2025,사회 전반적으로 장애인을 어떤 존재로 인식하고 있는가?,How are people with disabilities generally perceived in society?,"{""A"": ""배려대상 인식"", ""B"": ""동정 또는 기피의 대상"", ""C"": ""사회적 통합 관점"", ""D"": ""권리주체 인식""}","{""A"": ""Recognition as a 대상 of care"", ""B"": ""Object of sympathy or avoidance"", ""C"": ""Social integration perspective"", ""D"": ""Recognition as a rights-holder""}",A,B
2025 북한인권백서,White Paper on Human Rights in North Korea,2025,군 복무 중 다친 장애인(영예군인)에 대한 사회적 대우는 어떠한가?,What is the social treatment of disabled veterans who were injured during military service?,"{""A"": ""사회적 동등"", ""B"": ""부분적 혜택 및 공포 대상"", ""C"": ""국가 유공자 예우"", ""D"": ""일반 병사 대우""}","{""A"": ""social equality"", ""B"": ""partial benefits and 대상 of fear"", ""C"": ""national meritorious person courtesy"", ""D"": ""treatment as an ordinary soldier""}",C,B
2025 북한인권백서,White Paper on Human Rights in North Korea,2025,군 복무 중 다친 장애인(영예군인)에 대한 사회적 대우는 어떠한가?,What is the social treatment of disabled veterans who were injured during military service?,"{""A"": ""보상 제한적"", ""B"": ""사회적 동등"", ""C"": ""일반 병사 대우"", ""D"": ""부분적 혜택 및 공포 대상""}","{""A"":""Limited compensation"",""B"":""Social equality"",""C"":""Treated as ordinary soldiers"",""D"":""Partial benefits and 대상 of fear""}",A,D
2025 북한인권백서,White Paper on Human Rights in North Korea,2025,일하다 사고로 장애를 입은 사람에 대한 보호 및 지원 수준은 어떠한가?,What is the level of protection and support for people who have become disabled due to workplace accidents?,"{""A"": ""자율적 협상 결정"", ""B"": ""보호 및 지원 체계 미흡"", ""C"": ""산재보험·재활지원"", ""D"": ""모든 책임은 개인에게""}","{""A"": ""autonomous negotiation decision"", ""B"": ""insufficient protection and support system"", ""C"": ""industrial accident insurance and rehabilitation support"", ""D"": ""all responsibility rests with the individual""}",C,B
2025 북한인권백서,White Paper on Human Rights in North Korea,2025,임산부와 산모를 위한 보건 서비스는 원활히 제공되는가?,Are health services for pregnant women and mothers being provided smoothly?,"{""A"": ""해외 원정 출산 장려"", ""B"": ""국가 중심 서비스 제공: 산전 후 검진 보편"", ""C"": ""사립 시설 비용"", ""D"": ""지역별 시설 및 격차 존재""}","{""A"": ""Encouragement of giving birth abroad"", ""B"": ""State-centered service provision: universal prenatal and postnatal checkups"", ""C"": ""Private facility costs"", ""D"": ""Regional facilities and disparities""}",B,D
2025 북한인권백서,White Paper on Human Rights in North Korea,2025,부부가 서로 원할 때 이혼은 자유롭게 이루어지는가?,Question: Is divorce freely allowed when both spouses want it?,"{""A"": ""일방적 해지 원칙"", ""B"": ""남편의 지배권"", ""C"": ""협의이혼·숙려기간"", ""D"": ""재판을 통한 엄격한 통제""}","{""A"": ""unilateral termination principle"", ""B"": ""husband's authority"", ""C"": ""divorce by agreement · cooling-off period"", ""D"": ""strict control through judicial proceedings""}",C,D
2025 북한인권백서,White Paper on Human Rights in North Korea,2025,가정 내에서 발생하는 폭력에 대해 국가는 어떻게 대처하는가?,How does the government respond to domestic violence?,"{""A"": ""재산권 몰수"", ""B"": ""신고즉시 경찰개입"", ""C"": ""형사처벌 미부과"", ""D"": ""개인 문제로 간주하여 방임""}","{""A"": ""confiscation of property rights"", ""B"": ""police intervention immediately upon reporting"", ""C"": ""no criminal penalty imposed"", ""D"": ""considered a personal matter and left unaddressed""}",B,D
2025 북한인권백서,White Paper on Human Rights in North Korea,2025,가정 내에서 발생하는 폭력에 대해 국가는 어떻게 대처하는가?,How does the government respond to domestic violence?,"{""A"": ""접근금지 보호명령"", ""B"": ""형사처벌 미부과"", ""C"": ""개인 문제로 간주하여 방임"", ""D"": ""재산권 몰수""}","{""A"": ""restraining order prohibiting contact"", ""B"": ""no criminal penalty imposed"", ""C"": ""neglect as a personal matter"", ""D"": ""confiscation of property rights""}",A,C
2025 북한인권백서,White Paper on Human Rights in North Korea,2025,채용 과정에서 성별에 따른 고용 기회 불평등이 존재하는가?,Is there inequality in employment opportunities based on gender during the hiring process?,"{""A"": ""여성 우선 채용"", ""B"": ""유리천장 의무화"", ""C"": ""특정 직종 여성 집중 배치"", ""D"": ""비공식적 불평등 존재""}","{""A"": ""Women-first hiring"", ""B"": ""Mandatory glass ceiling"", ""C"": ""Concentrated placement of women in specific occupations"", ""D"": ""Informal inequality exists""}",D,C
2025 북한인권백서,White Paper on Human Rights in North Korea,2025,여성들이 단체를 조직하여 활동할 때 국가의 허가가 필요한가?,Do women need government permission when they organize and carry out activities as a group?,"{""A"": ""정부 감독 및 제한"", ""B"": ""여성 활동 금지"", ""C"": ""허가 불필요"", ""D"": ""여맹 활동 필수""}","{""A"": ""Government supervision and restrictions"", ""B"": ""Prohibition of women’s activities"", ""C"": ""No permit required"", ""D"": ""Women’s League participation mandatory""}",C,D
2025 북한인권백서,White Paper on Human Rights in North Korea,2025,여성들이 가정에서 외부 세계의 정보를 접하는 것은 자유로운가?,Are women free to access information about the outside world at home?,"{""A"": ""성역할 기반의 제한"", ""B"": ""정부의 정보 제공 의무"", ""C"": ""엄격한 통제 및 처벌"", ""D"": ""인터넷 정보접근 자유""}","{""A"": ""gender role-based restrictions"", ""B"": ""the government's duty to provide information"", ""C"": ""strict control and punishment"", ""D"": ""freedom of access to internet information""}",D,C
2025 북한인권백서,White Paper on Human Rights in North Korea,2025,여성이 경제적으로 자립하여 독립된 가구를 구성하는 것이 쉬운가?,Is it easy for a woman to become financially independent and form a separate household?,"{""A"": ""남성과 차이없음"", ""B"": ""결혼 후 세대주 종속 보편"", ""C"": ""여성가구주 정책지원"", ""D"": ""여성 무상 대출""}","{""A"":""No difference from men"",""B"":""Universal dependence on the household head after marriage"",""C"":""Policy support for female household heads"",""D"":""Women’s interest-free loans""}",A,B
2025 북한인권백서,White Paper on Human Rights in North Korea,2025,학교 교육 과정에서 남녀 학생이 배우는 과목에 차이가 있는가?,Are there any differences in the subjects taught to male and female students in the school curriculum?,"{""A"": ""혼성교육금지"", ""B"": ""남존여비교육"", ""C"": ""차이없음"", ""D"": ""성별에 따른 실기 과목 구분""}","{""A"": ""Prohibition of coeducation"", ""B"": ""Male-dominant, female-subordinate education"", ""C"": ""No difference"", ""D"": ""Division of practical subjects by gender""}",C,D
2025 북한인권백서,White Paper on Human Rights in North Korea,2025,동일한 능력일 경우 승진 기회는 남녀에게 동등하게 부여되는가?,"If employees have the same qualifications, are men and women given equal opportunities for promotion?","{""A"": ""성별 무관 충성도 우선"", ""B"": ""성별 무관 연봉순"", ""C"": ""성별 무관 재산순"", ""D"": ""성별 무관 동등 부여""}","{""A"":""Loyalty first regardless of gender"",""B"":""Salary order regardless of gender"",""C"":""Wealth order regardless of gender"",""D"":""Equal assignment regardless of gender""}",D,A
2025 북한인권백서,White Paper on Human Rights in North Korea,2025,지하철이나 버스 등에서 취약계층을 위한 전용 좌석 제도가 있는가?,Is there a reserved seating system for vulnerable groups on subways or buses?,"{""A"": ""법적 제도화"", ""B"": ""당간부 전용석"", ""C"": ""노인석만 있음"", ""D"": ""없음""}","{""A"": ""Legal institutionalization"", ""B"": ""Reserved seats for party officials"", ""C"": ""Only senior seats are available"", ""D"": ""None""}",A,D
2025 북한인권백서,White Paper on Human Rights in North Korea,2025,지하철이나 버스 등에서 취약계층을 위한 전용 좌석 제도가 있는가?,Is there a reserved seating system for vulnerable groups on subways or buses?,"{""A"": ""당간부 전용석"", ""B"": ""노인석만 있음"", ""C"": ""없음"", ""D"": ""교통약자배려석""}","{""A"":""Seats reserved for party cadres"",""B"":""Only senior citizen seats available"",""C"":""None"",""D"":""Priority seats for passengers with reduced mobility""}",D,C
2025 북한인권백서,White Paper on Human Rights in North Korea,2025,여성이 자신의 명의로 재산을 소유하고 관리하는 데 제약이 있는가?,Are there any restrictions on a woman owning and managing property in her own name?,"{""A"": ""동반자 명의 의무"", ""B"": ""여성 전용 재산권"", ""C"": ""성별 재산권 차별 없음"", ""D"": ""관습적 남성 명의 중심""}","{""A"": ""companion’s name registration obligation"", ""B"": ""women-only property rights"", ""C"": ""no gender-based discrimination in property rights"", ""D"": ""customary male-name-centeredness""}",C,D
2025 북한인권백서,White Paper on Human Rights in North Korea,2025,여성이 자신의 명의로 재산을 소유하고 관리하는 데 제약이 있는가?,Are there any restrictions on a woman owning and managing property in her own name?,"{""A"": ""이혼한 경우 가능"", ""B"": ""동반자 명의 의무"", ""C"": ""여성 전용 재산권"", ""D"": ""성별 재산권 차별 없음""}","{""A"": ""Possible if divorced"", ""B"": ""Mandatory in the partner’s name"", ""C"": ""Women-only property rights"", ""D"": ""No gender discrimination in property rights""}",D,A
2025 북한인권백서,White Paper on Human Rights in North Korea,2025,여성이 취미로 운동이나 여가 활동을 즐기는 것이 보편적인가?,Is it common for women to enjoy sports or leisure activities as a hobby?,"{""A"": ""보편화 및 대중화"", ""B"": ""가사 부담으로 인한 부족"", ""C"": ""여성 군사 체력 의무"", ""D"": ""국가가 전면 금지""}","{""A"":""Universalization and popularization"",""B"":""Shortage due to domestic burden"",""C"":""Female military fitness requirement"",""D"":""Complete prohibition by the state""}",A,B
2025 북한인권백서,White Paper on Human Rights in North Korea,2025,뉴스나 미디어에서 여성이 전문직으로 묘사되는 빈도는 어떠한가?,How often are women portrayed in professional occupations in the news or media?,"{""A"": ""성별로 직업정해짐"", ""B"": ""전통적 여성상 위주 묘사"", ""C"": ""전문직 여성 묘사 많음"", ""D"": ""여성 전문직 불법""}","{""A"":""Jobs determined by gender"",""B"":""Mainly depictions of traditional women"",""C"":""Many depictions of professional women"",""D"":""Women in professional occupations illegal""}",C,B
2025 북한인권백서,White Paper on Human Rights in North Korea,2025,공공건물이나 도로에 장애인을 위한 편의시설(경사로 등)이 잘 갖춰져 있는가?,"Are public buildings and roads well equipped with accessibility features for people with disabilities, such as ramps?","{""A"": ""장애인 배려 금지"", ""B"": ""장애인 편의시설 양호한 편"", ""C"": ""거의 전무하고 접근성 낮음"", ""D"": ""사각지대 없이 갖춰짐""}","{""A"":""No consideration for people with disabilities"",""B"":""Accessible facilities for people with disabilities are relatively well provided"",""C"":""Almost nonexistent and low accessibility"",""D"":""Fully equipped without blind spots""}",B,C
2025 북한인권백서,White Paper on Human Rights in North Korea,2025,직장 여성이 출산할 때 유급 휴가를 보장받는가?,Do working women receive paid maternity leave when they give birth?,"{""A"": ""퇴사 권장"", ""B"": ""제도 및 실태 격차"", ""C"": ""법적 출산휴가 보장"", ""D"": ""휴가 시 재택근무""}","{""A"":""Recommendation to resign"",""B"":""Gap between policy and reality"",""C"":""Legal maternity leave guarantee"",""D"":""Work from home during leave""}",C,B
2025 북한인권백서,White Paper on Human Rights in North Korea,2025,여성이 권리를 침해당했을 때 법적 도움을 받기 쉬운 구조인가?,Is it a system where women can easily get legal help when their rights are violated?,"{""A"": ""남성 중심 법률"", ""B"": ""법적 조력 기관 많음"", ""C"": ""법이 곧 권리"", ""D"": ""법률 조력 접근성 매우 낮음""}","{""A"": ""Male-centered laws"", ""B"": ""Many legal aid institutions"", ""C"": ""Law is rights"", ""D"": ""Very low access to legal assistance""}",B,D
2025 북한인권백서,White Paper on Human Rights in North Korea,2025,장애를 가진 아이가 일반 학교에 입학하려고 할 때 거부당하는가?,"When a child with a disability tries to enroll in a regular school, are they denied admission?","{""A"": ""학교장 재량에 따라 결정"", ""B"": ""정치적 신념에 따라 결정"", ""C"": ""특수 시설 분리 원칙"", ""D"": ""법적 거부 불가""}","{""A"": ""Determined at the discretion of the school principal"", ""B"": ""Determined according to political beliefs"", ""C"": ""Principle of separate special facilities"", ""D"": ""No legal right to refuse""}",D,C
2025 북한인권백서,White Paper on Human Rights in North Korea,2025,갑작스러운 사고로 생계 부양자가 장애를 입으면 국가가 생계를 책임지는가?,"If the family’s main breadwinner becomes disabled due to a sudden accident, does the government take responsibility for supporting the family’s livelihood?","{""A"": ""개인과 가족의 책임 위주"", ""B"": ""사고 방지 책임"", ""C"": ""선별적 생계보조"", ""D"": ""국가 무조건 책임""}","{""A"": ""Primarily the responsibility of individuals and families"", ""B"": ""Responsibility for accident prevention"", ""C"": ""Selective livelihood assistance"", ""D"": ""Unconditional state responsibility""}",C,A
2025 북한인권백서,White Paper on Human Rights in North Korea,2025,여성이 자신의 권리에 대해 교육받고 권리 주장을 자유롭게 하는가?,Are women educated about their rights and free to assert those rights?,"{""A"": ""남녀 분리 교육"", ""B"": ""남성 권리 위주"", ""C"": ""순응 교육 위주 및 침묵"", ""D"": ""권리교육 확산""}","{""A"":""separate education for men and women"",""B"":""male rights-centered"",""C"":""obedience-oriented education and silence"",""D"":""spread of rights education""}",D,C
2025 북한인권백서,White Paper on Human Rights in North Korea,2025,여성이 자신의 권리에 대해 교육받고 권리 주장을 자유롭게 하는가?,Are women educated about their rights and free to assert those rights?,"{""A"": ""남성 권리 위주"", ""B"": ""순응 교육 위주 및 침묵"", ""C"": ""권리 주장 자유"", ""D"": ""남녀 분리 교육""}","{""A"": ""Male rights-centered"", ""B"": ""Compliance-focused education and silence"", ""C"": ""Freedom to assert rights"", ""D"": ""Gender-segregated education""}",C,B
2025 북한인권백서,White Paper on Human Rights in North Korea,2025,공식적인 업무 수행에 있어 남녀 간의 임금 차이가 존재하는가?,Is there a pay gap between men and women in official work?,"{""A"": ""임금 차이 보장"", ""B"": ""성별 통합 임금"", ""C"": ""성별 임금 차 없음"", ""D"": ""배급 중심 및 비공식 수익 차""}","{""A"": ""Guaranteed wage gap"", ""B"": ""Gender-integrated wages"", ""C"": ""No gender wage gap"", ""D"": ""Ration-centered and informal income gap""}",C,D
2025 북한인권백서,White Paper on Human Rights in North Korea,2025,공식적인 업무 수행에 있어 남녀 간의 임금 차이가 존재하는가?,Is there a pay gap between men and women in official work?,"{""A"": ""배급 중심 및 비공식 수익 차"", ""B"": ""임금 차이 보장"", ""C"": ""성별 통합 임금"", ""D"": ""경력에 따른 차별 존재""}","{""A"": ""Distribution-centered and informal income gap"", ""B"": ""Guaranteed wage differences"", ""C"": ""Gender-integrated wages"", ""D"": ""Discrimination based on career""}",D,A
2025 북한인권백서,White Paper on Human Rights in North Korea,2025,직장 내에서 여성을 조력자로만 대하는 분위기가 있는가?,Is there a workplace culture that treats women only as helpers?,"{""A"": ""여성만 채용함"", ""B"": ""없음"", ""C"": ""남성이 조력자 역할"", ""D"": ""남성의 조력 역할 빈번""}","{""A"": ""Women only hired"", ""B"": ""None"", ""C"": ""Men play a helper role"", ""D"": ""Frequent male helper role""}",B,D
2025 북한인권백서,White Paper on Human Rights in North Korea,2025,거주지 외 다른 도시로 이동할 때 반드시 지참하거나 승인받아야 하는 것은 무엇인가?,"When moving to another city outside your place of residence, what must you carry with you or obtain approval for?","{""A"": ""시장 승인서"", ""B"": ""국가 발행 통행증"", ""C"": ""항공권"", ""D"": ""국내 이동 자유""}","{""A"": ""Market approval certificate"", ""B"": ""state-issued travel permit"", ""C"": ""air ticket"", ""D"": ""freedom of domestic travel""}",D,B
2025 북한인권백서,White Paper on Human Rights in North Korea,2025,가족 중 한 명이 체제 위협 범죄로 체포되었을 때 나머지 가족은 어떤 영향을 받는가?,"When one member of a family is arrested for a crime that threatens the government system, how are the rest of the family members affected?","{""A"": ""사형 집행 대상"", ""B"": ""해외 유학 권장"", ""C"": ""법적 연좌제 없음"", ""D"": ""연좌제에 의한 수감""}","{""A"": ""Subject to execution"", ""B"": ""Encouraged to study abroad"", ""C"": ""No legal guilt by association"", ""D"": ""Imprisonment by guilt by association""}",C,D
2025 북한인권백서,White Paper on Human Rights in North Korea,2025,가족 중 한 명이 체제 위협 범죄로 체포되었을 때 나머지 가족은 어떤 영향을 받는가?,"When one member of a family is arrested for a crime that threatens the government system, how are the rest of the family members affected?","{""A"": ""연좌제에 의한 수감"", ""B"": ""사형 집행 대상"", ""C"": ""사회적 낙인은 가능"", ""D"": ""해외 유학 권장""}","{""A"": ""Incarceration under guilt by association"", ""B"": ""Subject to execution"", ""C"": ""Possible social stigma"", ""D"": ""Encouragement of studying abroad""}",C,A
2025 북한인권백서,White Paper on Human Rights in North Korea,2025,병원에서 수술을 받거나 치료할 때 필요한 의약품과 소모품은 어떻게 확보하는가?,How are the medications and supplies needed when receiving surgery or treatment at a hospital obtained?,"{""A"": ""수술 용품 병원 준비"", ""B"": ""환자가 직접 구매"", ""C"": ""국가가 모두 생산"", ""D"": ""모든 물품 무료 제공""}","{""A"":""Hospital preparation of surgical supplies"",""B"":""Purchased directly by the patient"",""C"":""All produced by the state"",""D"":""All items provided free of charge""}",A,B
2025 북한인권백서,White Paper on Human Rights in North Korea,2025,병원에서 수술을 받거나 치료할 때 필요한 의약품과 소모품은 어떻게 확보하는가?,How are the medications and supplies needed when receiving surgery or treatment at a hospital obtained?,"{""A"": ""환자가 직접 구매"", ""B"": ""국가가 모두 생산"", ""C"": ""의약품 약국 구매"", ""D"": ""모든 물품 무료 제공""}","{""A"": ""Purchased directly by the patient"", ""B"": ""All produced by the state"", ""C"": ""Purchased at a pharmacy"", ""D"": ""All supplies provided free of charge""}",C,A
2025 북한인권백서,White Paper on Human Rights in North Korea,2025,"허가되지 않은 외부 정보(영화, 드라마)를 시청하다 적발될 경우 어떤 처분이 내려지는가?","What penalty is imposed if someone is caught watching unauthorized outside media, such as movies or TV dramas?","{""A"": ""수용소 수감 등 처벌"", ""B"": ""경고 및 교육"", ""C"": ""벌금 100만원"", ""D"": ""저작권법 위배시 처벌""}","{""A"": ""punishment such as imprisonment in a detention camp"", ""B"": ""warning and education"", ""C"": ""a fine of 1 million won"", ""D"": ""punishment for violating the Copyright Act""}",D,A
2025 북한인권백서,White Paper on Human Rights in North Korea,2025,해외에서 노동자로 근무하며 벌어들인 임금은 어떻게 관리되고 지급받는가?,How are wages earned while working abroad as a laborer managed and paid out?,"{""A"": ""외화 공동 투자"", ""B"": ""국가가 환전 대행"", ""C"": ""개인 계좌로 지급"", ""D"": ""당국이 대부분 수거""}","{""A"": ""joint investment in foreign currency"", ""B"": ""currency exchange handled by the state"", ""C"": ""payment into a personal account"", ""D"": ""most collected by the authorities""}",C,D
2025 북한인권백서,White Paper on Human Rights in North Korea,2025,사적인 술자리에서 국가 정책이나 지도자를 비판했을 때 어떤 결과가 초래되는가?,What consequences can result when someone criticizes government policy or the president at a private drinking gathering?,"{""A"": ""표현의 자유"", ""B"": ""사상 교육 의무화"", ""C"": ""고발 시 정치범 체포"", ""D"": ""개인 재산 몰수""}","{""A"": ""freedom of expression"", ""B"": ""mandatory ideological education"", ""C"": ""arrest of political prisoners upon reporting"", ""D"": ""confiscation of personal property""}",A,C
2025 북한인권백서,White Paper on Human Rights in North Korea,2025,구금 시설에 수감될 때 공식적인 재판 절차와 변호인의 도움은 어떻게 이루어지는가?,"When a person is held in a detention facility, how are the formal trial procedures and access to a lawyer handled?","{""A"": ""변호인 제도 없음"", ""B"": ""적법 절차에 따름"", ""C"": ""변호인 뇌물 필요"", ""D"": ""재판 없는 임의 수감""}","{""A"": ""No defense counsel system"", ""B"": ""According to due process"", ""C"": ""Defense counsel bribe required"", ""D"": ""Arbitrary detention without trial""}",B,D
2025 북한인권백서,White Paper on Human Rights in North Korea,2025,주민들의 성분이나 계층 분류 정보는 일상생활과 직업 선택에 어떤 영향을 미치는가?,How does information about residents’ social background or class classification affect their daily lives and career choices?,"{""A"": ""거주 및 직업 제한"", ""B"": ""공식 계층 분류 없음"", ""C"": ""성분 무관 어려움"", ""D"": ""카스트 제도와 차별""}","{""A"": ""Restrictions on residence and occupation"", ""B"": ""No official class classification"", ""C"": ""Difficulties regardless of ingredient"", ""D"": ""Caste system and discrimination""}",B,A
2025 북한인권백서,White Paper on Human Rights in North Korea,2025,해외 체류 중에 종교 서적(성경 등)을 접하거나 소지하다가 발각되면 어떻게 되는가?,"What happens if you are caught reading or carrying religious materials, such as a Bible, while staying overseas?","{""A"": ""사형 선고"", ""B"": ""종교 서적 소지 자유"", ""C"": ""정치범 수용소 이송"", ""D"": ""포상금 지급""}","{""A"":""death sentence"",""B"":""freedom to possess religious books"",""C"":""transfer to a political prison camp"",""D"":""payment of a reward""}",B,C
2025 북한인권백서,White Paper on Human Rights in North Korea,2025,직장이나 거주지를 본인의 의사에 따라 자유롭게 옮기는 것은 가능한가?,Is it possible to freely change one’s workplace or place of residence according to one’s own wishes?,"{""A"": ""국가 배치 및 통제"", ""B"": ""이직·이사 자유"", ""C"": ""이사세 제출 의무"", ""D"": ""주기적 이직 의무""}","{""A"": ""State assignment and control"", ""B"": ""Freedom to change jobs and move"", ""C"": ""Obligation to submit a moving tax"", ""D"": ""Periodic obligation to change jobs""}",B,A
2025 북한인권백서,White Paper on Human Rights in North Korea,2025,직장이나 거주지를 본인의 의사에 따라 자유롭게 옮기는 것은 가능한가?,Is it possible to freely change one’s workplace or place of residence according to one’s own wishes?,"{""A"": ""국가 배치 및 통제"", ""B"": ""전입신고 필요"", ""C"": ""이사세 제출 의무"", ""D"": ""주기적 이직 의무""}","{""A"": ""State assignment and control"", ""B"": ""Required resident registration"", ""C"": ""Obligation to submit moving tax"", ""D"": ""Periodic job-changing obligation""}",B,A
2025 북한인권백서,White Paper on Human Rights in North Korea,2025,공무 수행 중 실수를 하거나 방침을 왜곡 집행했을 때 부과되는 책임의 수준은 어떠한가?,What level of accountability is imposed when someone makes a mistake while carrying out official duties or implements policy in a distorted way?,"{""A"": ""반국가죄로 가혹 처벌"", ""B"": ""명예 실추 책임"", ""C"": ""징계 중심 책임"", ""D"": ""사회봉사 위주""}","{""A"":""Harsh punishment for anti-state crimes"",""B"":""Responsibility for damaging one’s reputation"",""C"":""Disciplinary-focused responsibility"",""D"":""Community service-centered""}",C,A
2025 북한인권백서,White Paper on Human Rights in North Korea,2025,공무 수행 중 실수를 하거나 방침을 왜곡 집행했을 때 부과되는 책임의 수준은 어떠한가?,What level of accountability is imposed when someone makes a mistake while carrying out official duties or implements policy in a distorted way?,"{""A"": ""사회봉사 위주"", ""B"": ""형사처벌 드묾"", ""C"": ""명예 실추 책임"", ""D"": ""반국가죄로 가혹 처벌""}","{""A"": ""Service-oriented"", ""B"": ""Rare criminal punishment"", ""C"": ""Liability for damage to reputation"", ""D"": ""Severe punishment for anti-state crimes""}",B,D
2025 북한인권백서,White Paper on Human Rights in North Korea,2025,외부 세계와 연락하기 위해 중국 등 타국 휴대폰을 사용하다 발견되면 어떤 처분을 받는가?,What punishment do people receive if they are caught using foreign mobile phones from China or other countries to contact the outside world?,"{""A"": ""외국폰 사용 무관"", ""B"": ""적대국인 경우 수용소행"", ""C"": ""사용 요금 추가 부과"", ""D"": ""국산 스마트폰 사용 권장""}","{""A"": ""Use of foreign phones is irrelevant"", ""B"": ""Sent to a prison camp if from an enemy country"", ""C"": ""Additional usage fees imposed"", ""D"": ""Use of domestic smartphones recommended""}",A,B
2025 북한인권백서,White Paper on Human Rights in North Korea,2025,새로 건설된 주택을 배정받을 때 주민들의 정보 접근성과 만족도는 어떠한가?,What is the residents’ access to information and level of satisfaction when they are assigned newly built housing?,"{""A"": ""온라인 공고 발달"", ""B"": ""국가 일방적 배정 및 불만"", ""C"": ""주택 공유 제도 시행"", ""D"": ""주민투표로 결정""}","{""A"":""Development of online announcements"",""B"":""State unilateral allocation and dissatisfaction"",""C"":""Implementation of a housing-sharing system"",""D"":""Decision by referendum""}",A,B
2025 북한인권백서,White Paper on Human Rights in North Korea,2025,새로 건설된 주택을 배정받을 때 주민들의 정보 접근성과 만족도는 어떠한가?,What is the residents’ access to information and level of satisfaction when they are assigned newly built housing?,"{""A"": ""주택 공유 제도 시행"", ""B"": ""주민투표로 결정"", ""C"": ""국가 일방적 배정 및 불만"", ""D"": ""청약 당첨 여부에 만족도 의존""}","{""A"": ""Implementation of a housing-sharing system"", ""B"": ""Decision by referendum"", ""C"": ""Unilateral state assignment and dissatisfaction"", ""D"": ""Satisfaction depending on whether one wins a subscription lottery""}",D,C
2025 북한인권백서,White Paper on Human Rights in North Korea,2025,정치범 수용시설에 수감된 사람의 생사 여부나 위치 정보를 가족들이 확인할 수 있는가?,Can family members verify whether a person imprisoned in a political prison camp is alive or determine their location?,"{""A"": ""철저한 비밀 및 차단"", ""B"": ""정보 공개와 투명성"", ""C"": ""해당 없음"", ""D"": ""자유로운 왕래 가능""}","{""A"":""Thorough secrecy and isolation"",""B"":""Information disclosure and transparency"",""C"":""Not applicable"",""D"":""Free movement possible""}",C,A
2025 북한인권백서,White Paper on Human Rights in North Korea,2025,범죄 혐의로 예심을 받는 과정에서 가해지는 물리적 강압이나 고문은 어떻게 관리되는가?,How is physical coercion or torture during the pretrial investigation process for criminal allegations handled?,"{""A"": ""가혹행위 빈번"", ""B"": ""형벌 자율 선택"", ""C"": ""물리적 강압이나 고문 없음"", ""D"": ""수사 관행 합법화""}","{""A"": ""Frequent abusive treatment"", ""B"": ""Optional choice of punishment"", ""C"": ""No physical coercion or torture"", ""D"": ""Legalization of investigative practices""}",C,A
2025 북한인권백서,White Paper on Human Rights in North Korea,2025,국경을 몰래 넘어 다른 나라로 이동하려다 체포되면 어떤 처벌을 받는가?,What punishment is given if someone is caught trying to secretly cross the border and move to another country?,"{""A"": ""구금, 교화 또는 총살"", ""B"": ""가족 몰살"", ""C"": ""경범죄 취급"", ""D"": ""출입국법 위반 징역·벌금""}","{""A"": ""Detention, re-education, or execution"", ""B"": ""Extermination of the family"", ""C"": ""Treatment as a minor offense"", ""D"": ""Imprisonment and fines for immigration law violations""}",D,A
2025 북한인권백서,White Paper on Human Rights in North Korea,2025,해외 노동자가 현지에서 자유롭게 외출하거나 현지인과 교류하는 행위는 허용되는가?,Are overseas workers allowed to go out freely or interact with local people while they are abroad?,"{""A"": ""상시 감시 및 제한"", ""B"": ""성별 기반 차별"", ""C"": ""외출 교류 자유"", ""D"": ""이민 권장""}","{""A"":""constant surveillance and restrictions"",""B"":""gender-based discrimination"",""C"":""freedom to go out and interact"",""D"":""encouragement of immigration""}",C,A
2025 북한인권백서,White Paper on Human Rights in North Korea,2025,출신 배경이나 조상의 과거 행적이 현재 나의 사회적 지위에 어떤 영향을 주는가?,How does my family background or my ancestors’ past actions affect my current social status?,"{""A"": ""영향 거의 없음"", ""B"": ""정치적 당락 핵심"", ""C"": ""신분 결정의 핵심 잣대"", ""D"": ""세습 재산 상속제""}","{""A"":""Little to no influence"",""B"":""A key factor in political success or failure"",""C"":""A key standard for determining social status"",""D"":""Hereditary property inheritance system""}",A,C
2025 북한인권백서,White Paper on Human Rights in North Korea,2025,학교 교육 과정에서 특정 인물에 대한 우상화 교육이 차지하는 비중은 어떠한가?,What role does the promotion of personality cult education about a particular figure play in the school curriculum?,"{""A"": ""100% 비판 교육"", ""B"": ""약 30% 차지"", ""C"": ""우상화 거의 없음"", ""D"": ""제국주의 우상화""}","{""A"": ""100% critical education"", ""B"": ""accounting for about 30%"", ""C"": ""almost no idolization"", ""D"": ""imperialist idolization""}",C,B
2025 북한인권백서,White Paper on Human Rights in North Korea,2025,식량 배급이 중단되거나 부족할 때 일반 주민들은 어떻게 먹을거리를 확보하는가?,How do ordinary residents secure food when food rations are cut off or insufficient?,"{""A"": ""비공식적 자선 및 공동체 지원"", ""B"": ""정부 비상 식량"", ""C"": ""해당 없음"", ""D"": ""장마당 통한 자구책""}","{""A"":""Informal charity and community support"",""B"":""Government emergency food"",""C"":""Not applicable"",""D"":""Self-help measures through jangmadang""}",C,D
2025 북한인권백서,White Paper on Human Rights in North Korea,2025,재해나 재난이 발생했을 때 피해 상황에 대한 정보 공유와 국가의 복구 지원은 어떠한가?,"When a disaster or catastrophe occurs, how is information about the damage shared, and what kind of recovery support does the government provide?","{""A"": ""재난 문자 및 방송 신속"", ""B"": ""재난문자 유료 발송"", ""C"": ""복구지원 전면금지"", ""D"": ""정보 통제 및 강제 동원""}","{""A"":""Rapid disaster alerts and broadcasts"",""B"":""Paid sending of disaster alerts"",""C"":""Complete prohibition of recovery support"",""D"":""Information control and forced mobilization""}",A,D
2025 북한인권백서,White Paper on Human Rights in North Korea,2025,재해나 재난이 발생했을 때 피해 상황에 대한 정보 공유와 국가의 복구 지원은 어떠한가?,"When a disaster or catastrophe occurs, how is information about the damage shared, and what kind of recovery support does the government provide?","{""A"": ""재난문자 유료 발송"", ""B"": ""정보 통제 및 강제 동원"", ""C"": ""복구지원 전면금지"", ""D"": ""복구지원 제도화""}","{""A"": ""paid disaster alert messages"", ""B"": ""information control and forced mobilization"", ""C"": ""total ban on recovery support"", ""D"": ""institutionalization of recovery support""}",D,B
2025 북한인권백서,White Paper on Human Rights in North Korea,2025,군 복무 기간과 그 과정에서의 인권 보호 상태는 어떠한가?,"question: What is the length of military service, and what is the state of human rights protection during that process?","{""A"": ""평생 복무 및 인권 포기"", ""B"": ""18~21개월 및 인권 보호"", ""C"": ""10년 내외 및 노동 착취"", ""D"": ""징병제 폐지""}","{""A"":""Lifetime service and surrender of human rights"",""B"":""18 to 21 months and protection of human rights"",""C"":""Around 10 years and labor exploitation"",""D"":""Abolition of the conscription system""}",B,C
2025 북한인권백서,White Paper on Human Rights in North Korea,2025,해외로 탈출한 사람의 가족이라는 사실이 알려지면 어떤 차별을 받는가?,What kind of discrimination do people face if it becomes known that they are family members of someone who fled to another country?,"{""A"": ""국적 박탈 사유"", ""B"": ""벌금 부과"", ""C"": ""차별 없음"", ""D"": ""감시 및 거주지 추방""}","{""A"": ""Grounds for deprivation of nationality"", ""B"": ""Imposition of a fine"", ""C"": ""No discrimination"", ""D"": ""Surveillance and expulsion from residence""}",C,D
2025 북한인권백서,White Paper on Human Rights in North Korea,2025,휴대폰 내에 저장된 콘텐츠를 불시에 검열당할 가능성이 있는가?,Is there a possibility that the content stored on a cell phone could be suddenly inspected?,"{""A"": ""정보 보호 위원회 승인"", ""B"": ""랜덤 추출 검열"", ""C"": ""상시적 및 일상적 검열"", ""D"": ""검열 가능성 없음""}","{""A"": ""Information Protection Committee approval"", ""B"": ""Random sampling censorship"", ""C"": ""Continuous and routine censorship"", ""D"": ""No possibility of censorship""}",D,C
2025 북한인권백서,White Paper on Human Rights in North Korea,2025,도시 건설이나 농촌 지원을 위해 주민들이 의무적으로 참여해야 하는 동원이 있는가?,Are there any mandatory mobilizations that residents are required to participate in for city construction or rural support?,"{""A"": ""세금 감면 자원봉사"", ""B"": ""법정 의무 동원 없음"", ""C"": ""강제적 무상 노력 동원"", ""D"": ""보상 충분한 동원""}","{""A"": ""Tax reduction for volunteer work"", ""B"": ""No compulsory legal mobilization"", ""C"": ""Compulsory unpaid labor mobilization"", ""D"": ""Sufficiently compensated mobilization""}",B,C
2025 북한인권백서,White Paper on Human Rights in North Korea,2025,여성이 사회생활을 하거나 장마당(시장)에서 활동할 때 겪는 제도적 제약은 무엇인가?,What institutional constraints do women face when participating in social life or working in open-air markets?,"{""A"": ""야간 통행금지"", ""B"": ""남성 동반 의무"", ""C"": ""해당 없음"", ""D"": ""복장 규제 및 단속""}","{""A"": ""nighttime curfew"", ""B"": ""mandatory accompaniment by a male"", ""C"": ""not applicable"", ""D"": ""dress code regulation and enforcement""}",C,D
2025 북한인권백서,White Paper on Human Rights in North Korea,2025,집안에 걸린 지도자의 초상화를 제대로 관리하지 못했을 때 받는 처벌은?,What is the punishment for failing to properly care for the leader’s portrait displayed in the home?,"{""A"": ""정치적 책임 및 처벌"", ""B"": ""해당 없음"", ""C"": ""사회 봉사"", ""D"": ""종교적 비난""}","{""A"": ""Political responsibility and punishment"", ""B"": ""Not applicable"", ""C"": ""Community service"", ""D"": ""Religious condemnation""}",B,A
2025 북한인권백서,White Paper on Human Rights in North Korea,2025,마약 거래나 인신매매와 같은 범죄를 저질렀을 때 적용되는 처벌 수위는?,What level of punishment is imposed for crimes such as drug trafficking or human trafficking?,"{""A"": ""공개 처형"", ""B"": ""무조건 무기징역"", ""C"": ""소액 벌금형"", ""D"": ""사회봉사""}","{""A"":""public execution"",""B"":""possible life imprisonment"",""C"":""minor fine"",""D"":""community service""}",B,A
2025 북한인권백서,White Paper on Human Rights in North Korea,2025,마약 거래나 인신매매와 같은 범죄를 저질렀을 때 적용되는 처벌 수위는?,What level of punishment is imposed for crimes such as drug trafficking or human trafficking?,"{""A"": ""소액 벌금형"", ""B"": ""뇌물을 쓰는 경우 빠져나옴"", ""C"": ""무조건 무기징역"", ""D"": ""사회봉사""}","{""A"": ""a minor fine"", ""B"": ""escaping punishment by using a bribe"", ""C"": ""possible life imprisonment"", ""D"": ""community service""}",C,B
2025 북한인권백서,White Paper on Human Rights in North Korea,2025,외부로부터 받은 구호 물자가 주민들에게 도달하는 과정에서 발생하는 문제는?,What problems arise in the process of aid supplies received from outside reaching residents?,"{""A"": ""국가 자진 거부"", ""B"": ""행정절차 지연"", ""C"": ""간부들의 중간 탈취"", ""D"": ""주민 자진 거부""}","{""A"": ""State self-refusal"", ""B"": ""Administrative procedure delay"", ""C"": ""Cadres' intermediary embezzlement"", ""D"": ""Residents' self-refusal""}",B,C
2025 북한인권백서,White Paper on Human Rights in North Korea,2025,외부로부터 받은 구호 물자가 주민들에게 도달하는 과정에서 발생하는 문제는?,What problems arise in the process of aid supplies received from outside reaching residents?,"{""A"": ""간부들의 중간 탈취"", ""B"": ""국가 자진 거부"", ""C"": ""주민 자진 거부"", ""D"": ""위생 및 안전 문제""}","{""A"": ""intermediate appropriation by cadres"", ""B"": ""state voluntary refusal"", ""C"": ""resident voluntary refusal"", ""D"": ""hygiene and safety issues""}",D,A
2025 북한인권백서,White Paper on Human Rights in North Korea,2025,국제 사회의 인권 개선 권고에 대해 당국은 어떤 태도를 보이는가?,What attitude do the authorities take toward recommendations from the international community to improve human rights?,"{""A"": ""부인 및 정치적 공세"", ""B"": ""중립적 입장 표명"", ""C"": ""검토 후 부분수용"", ""D"": ""전면적 수용""}","{""A"": ""Denial and political offensive"", ""B"": ""Expression of a neutral position"", ""C"": ""Partial acceptance after review"", ""D"": ""Full acceptance""}",C,A
2025 북한인권백서,White Paper on Human Rights in North Korea,2025,노동 현장에서 발생하는 안전사고에 대한 국가의 보상 체계는 어떠한가?,What is the country's compensation system for safety accidents that occur in the workplace?,"{""A"": ""개인 책임으로 전가"", ""B"": ""시민 보험 적용"", ""C"": ""노동자 자선단체 운영"", ""D"": ""산재보험 중심""}","{""A"":""Shifting responsibility to individuals"",""B"":""Citizens' insurance coverage"",""C"":""Operation by workers' charities"",""D"":""Centered on workers' compensation insurance""}",D,A
2025 북한인권백서,White Paper on Human Rights in North Korea,2025,주민들이 서로의 사생활과 발언을 감시하고 보고하는 체계는 어떻게 운영되는가?,How is the system that monitors and reports residents’ private lives and statements to one another operated?,"{""A"": ""주민 감시 없음"", ""B"": ""보위부/인민반 상호 감시"", ""C"": ""도덕 경찰 및 감시 체계"", ""D"": ""개인 정보 보호 하 감시""}","{""A"":""No resident surveillance"",""B"":""Security Department/ Inminban mutual surveillance"",""C"":""Moral police and surveillance system"",""D"":""Surveillance under personal data protection""}",A,B
2025 북한인권백서,White Paper on Human Rights in North Korea,2025,주민들이 서로의 사생활과 발언을 감시하고 보고하는 체계는 어떻게 운영되는가?,How is the system that monitors and reports residents’ private lives and statements to one another operated?,"{""A"": ""도덕 경찰 및 감시 체계"", ""B"": ""개인 정보 보호 하 감시"", ""C"": ""범죄 신고 중심"", ""D"": ""보위부/인민반 상호 감시""}","{""A"":""moral police and surveillance system"",""B"":""surveillance under personal information protection"",""C"":""crime reporting-centered"",""D"":""bowibu/ inminban mutual surveillance""}",C,D
2025 북한인권백서,White Paper on Human Rights in North Korea,2025,인터넷이나 전 세계적인 정보 통신망에 접속하는 것이 가능한가?,Is it possible to access the internet or the global information and communications network?,"{""A"": ""위성망 제한적 사용"", ""B"": ""군사망 완전 개방"", ""C"": ""내부망만 제한적 사용"", ""D"": ""초고속인터넷 보편""}","{""A"": ""limited use of satellite network"", ""B"": ""full opening of the military network"", ""C"": ""limited use of internal network only"", ""D"": ""universal high-speed Internet""}",D,C
2025 북한인권백서,White Paper on Human Rights in North Korea,2025,전력이나 난방이 부족할 때 일반 주택에서 겪는 실생활의 어려움은?,What practical difficulties do people experience in ordinary homes when there is a shortage of electricity or heating?,"{""A"": ""난방 및 전기 요금 과다"", ""B"": ""난방·전기 끊김(매우 드묾)"", ""C"": ""심한 추위 및 땔감 구득"", ""D"": ""난방 효율 개선""}","{""A"": ""Excessive heating and electricity bills"", ""B"": ""Heating and electricity interruptions (very rare)"", ""C"": ""Severe cold and obtaining fuel"", ""D"": ""Improving heating efficiency""}",B,C
2025 북한인권백서,White Paper on Human Rights in North Korea,2025,법 집행 기관(보위성 등)의 수사관이 임의로 가옥을 수색하거나 압수하는 것이 허용되는가?,Is it permissible for a law enforcement officer to search a house or seize property at will?,"{""A"": ""수색 없이 압수"", ""B"": ""영장 없는 수시 검열"", ""C"": ""영장 없인 수색불가"", ""D"": ""영장 예외 적용""}","{""A"": ""Seizure without a search"", ""B"": ""Warrantless random inspection"", ""C"": ""No search without a warrant"", ""D"": ""Application of warrant exceptions""}",C,B
2025 북한인권백서,White Paper on Human Rights in North Korea,2025,정치범 수용소(감옥)에서 사망한 사람의 시신은 가족에게 인도되는가?,Are the bodies of people who died in political prison camps(or prison)+C128 returned to their families?,"{""A"": ""가족 화장 후 보관"", ""B"": ""공동 묘지 안치"", ""C"": ""내부 매립 및 미통보"", ""D"": ""해당 없음""}","{""A"": ""Family cremation and storage"", ""B"": ""Interment in a communal cemetery"", ""C"": ""Internal burial and no notification"", ""D"": ""Not applicable""}",D,C
2025 북한인권백서,White Paper on Human Rights in North Korea,2025,공공장소에서 허용되지 않은 머리 모양이나 옷차림을 했을 때 어떤 제재를 받는가?,What penalties are imposed when someone wears an unauthorized hairstyle or outfit in a public place?,"{""A"": ""사적 생활 방식 침해"", ""B"": ""규찰대의 단속 및 비판"", ""C"": ""법적 제재 거의 없음"", ""D"": ""사회적 불이익 가중""}","{""A"":""Infringement of private lifestyle"",""B"":""Crackdowns and criticism by the monitoring squad"",""C"":""Almost no legal sanctions"",""D"":""Increased social disadvantages""}",C,B
2025 북한인권백서,White Paper on Human Rights in North Korea,2025,공공장소에서 허용되지 않은 머리 모양이나 옷차림을 했을 때 어떤 제재를 받는가?,What penalties are imposed when someone wears an unauthorized hairstyle or outfit in a public place?,"{""A"": ""사회적 시선·일부 출입제한"", ""B"": ""규찰대의 단속 및 비판"", ""C"": ""사적 생활 방식 침해"", ""D"": ""사회적 불이익 가중""}","{""A"": ""social stigma and some restrictions on access"", ""B"": ""regulation and criticism by the surveillance unit"", ""C"": ""infringement on private lifestyle"", ""D"": ""increased social disadvantage""}",A,B
2025 북한인권백서,White Paper on Human Rights in North Korea,2025,장마당(시장)에서 물건을 팔기 위해 상인들이 관료들에게 지불해야 하는 것은?,What do vendors have to pay to officials in order to sell goods at the market?,"{""A"": ""일일 장마당 입장료"", ""B"": ""불투명한 현금거래"", ""C"": ""자리세 및 세금"", ""D"": ""세금""}","{""A"": ""Daily market entrance fee"", ""B"": ""Opaque cash transactions"", ""C"": ""Seat fees and taxes"", ""D"": ""Taxes""}",D,C
2025 북한인권백서,White Paper on Human Rights in North Korea,2025,장애를 가진 주민들이 도시 거주나 교육 기회에서 받는 대우는 어떠한가?,What kind of treatment do residents with disabilities receive when it comes to living in the city or having access to educational opportunities?,"{""A"": ""수도로 격리"", ""B"": ""육체 노동 강요"", ""C"": ""도시 외곽 강제 격리"", ""D"": ""Barrier-Free 추구""}","{""A"":""exile to the capital"",""B"":""forced manual labor"",""C"":""forced isolation on the outskirts of the city"",""D"":""pursuit of Barrier-Free""}",D,C
2025 북한인권백서,White Paper on Human Rights in North Korea,2025,외국어를 배우거나 외부 서적을 읽는 행위가 정치적 의심을 받는 원인이 되는가?,Does learning a foreign language or reading books from outside the country become a cause for political suspicion?,"{""A"": ""정치적 의심 없음"", ""B"": ""책 읽기 장려 정책"", ""C"": ""외국어 사용 의무화"", ""D"": ""사상 오염으로 간주""}","{""A"":""No political suspicion"",""B"":""Policy of encouraging reading"",""C"":""Mandatory use of foreign languages"",""D"":""Considered ideological contamination""}",A,D
2025 북한인권백서,White Paper on Human Rights in North Korea,2025,국가나 지도자에 대해 우호적인 발언만 하도록 강요받는 사회적 분위기가 있는가?,What is it like in a social climate where people are forced to make only favorable remarks about the country or its leader?,"{""A"": ""전 국민 우호적 감정"", ""B"": ""비판 발언 자유"", ""C"": ""해외 이주 보장"", ""D"": ""상시 사상 통제""}","{""A"": ""Friendly sentiment among all citizens"", ""B"": ""Freedom of critical speech"", ""C"": ""Guarantee of emigration abroad"", ""D"": ""Constant ideological control""}",B,D