source,source_en,year of publication,question_ko,question_en,answer,answer_en
백두산3대장군혁명력사학습참고서,Textbook on the Revolutionary History of the Three Generals of Mt. Paektu ,2012,위대한 수령 김일성동지의 증조할아버님이신 열렬한 애국자는 누구인가?,Who was the fervent patriot who was Great Leader Kim Il Sung’s great-great-grandfather?,김응우,Kim Ung-u
백두산3대장군혁명력사학습참고서,Textbook on the Revolutionary History of the Three Generals of Mt. Paektu ,2012,위대한 수령 김일성동지의 할아버님으로서 일제와 맞서 자손들을 혁명의 길에 내세우시고 그 투쟁을 적극 도우신 열렬한 애국자는 누구이십니까?,"Who was the fervent patriot who, as the grandfather of the Great Leader Comrade Kim Il Sung, stood against Japanese imperialism, put his descendants on the road of revolution, and actively supported that struggle?",김보현,Kim Po-hyon
백두산3대장군혁명력사학습참고서,Textbook on the Revolutionary History of the Three Generals of Mt. Paektu ,2012,위대한 수령 김일성동지의 조모님이시며 일제강점시기 만경대에서 자손들의 혁명투쟁을 적극 도우시면서 굳센 혁명정신으로 싸우신 열렬한 애국자는 누구이신가?,Who is the ardent patriot who was the paternal grandmother of the Great Leader Comrade Kim Il Sung and who actively aided the revolutionary struggle of her descendants in Mangyongdae during the Japanese colonial period while fighting with firm revolutionary spirit?,리보익,Riboik
백두산3대장군혁명력사학습참고서,Textbook on the Revolutionary History of the Three Generals of Mt. Paektu ,2012,위대한 수령 김일성동지의 동생으로서 우리 나라 반일혁명투쟁에 참가하여 견결히 싸우신 불요불굴의 혁명투사는 누구인가?,"Who is the indomitable revolutionary fighter who, as the younger brother of the Great Leader Comrade Kim Il Sung, took part in our country’s anti-Japanese revolutionary struggle and fought steadfastly?",김철주,Kim Cheol-ju
백두산3대장군혁명력사학습참고서,Textbook on the Revolutionary History of the Three Generals of Mt. Paektu ,2012,위대한 수령 김일성동지의 혁명적가정에서 불요불굴의 혁명투사로 성장하시여 반일혁명투쟁에 참가하신 김일성동지의 삼촌의 존함은 무엇인가?,"What is the name of Comrade Kim Il Sung’s uncle, who grew up as an indomitable revolutionary fighter in the revolutionary family of the great leader Comrade Kim Il Sung and took part in the anti-Japanese revolutionary struggle?",김형권,Kim Hyeong-gwon
백두산3대장군혁명력사학습참고서,Textbook on the Revolutionary History of the Three Generals of Mt. Paektu ,2012,김원주동지께서는 주체 33(1944)년 7월에 결성된 반일지하혁명조직의 명칭은 무엇인가?,"What was the name of the anti-Japanese underground revolutionary organization formed in July Juche 33 (1944), Comrade Kim Won-ju?",조국해방단,the Motherland Liberation League
백두산3대장군혁명력사학습참고서,Textbook on the Revolutionary History of the Three Generals of Mt. Paektu ,2012,위대한 수령 김일성동지의 외할아버님이신 분으로서 칠골에 창덕학교를 세우시고 후대교육과 독립운동에 한생을 바치신 분은 누구이신가?,"Who was the maternal grandfather of the Great Leader Comrade Kim Il Sung, who founded Changdok School in Chigol and devoted his whole life to the education of the younger generation and the independence movement?",강돈욱,Kang Don-uk
백두산3대장군혁명력사학습참고서,Textbook on the Revolutionary History of the Three Generals of Mt. Paektu ,2012,불요불굴의 혁명투사 강돈욱선생님의 맏아드님으로 평양 만경대구역 칠골1동에서 탄생하시여 칠골에서 조선독립청년단을 무으시고 조선국민회에 망라되여 반일투쟁을 벌린 인물은 누구인가?,"Who is the person who was born in Ch'ilgol-1-dong, Mangyongdae District, Pyongyang as the eldest son of the indomitable revolutionary fighter, Mr. Kang Don-uk, organized the Korean Independence Youth League in Ch'ilgol, joined the Korean National Association, and waged the anti-Japanese struggle?",강진석,Kang Jin-seok
백두산3대장군혁명력사학습참고서,Textbook on the Revolutionary History of the Three Generals of Mt. Paektu ,2012,"위대한 수령 김일성동지께서 혁명가에게 항상 가져야 한다고 강조하신 굶어죽을 각오, 맞아죽을 각오, 얼어죽을 각오를 무엇이라고 하는가?","What is the name of the resolve to starve to death, be beaten to death, and freeze to death, which the Great Leader Kim Il Sung emphasized that a revolutionary must always have?",3대각오,the Three Great Determinations
백두산3대장군혁명력사학습참고서,Textbook on the Revolutionary History of the Three Generals of Mt. Paektu ,2012,위대한 수령 김일성동지께서 광복의 천리길에 오르실 때 평양역까지 따라나와 정성들여 마련한 도중식사와 려비를 드린 동무는 누구인가?,Who was the comrade who came out as far as Pyongyang Station and respectfully prepared the en route meal and travel expenses offered to the Great Leader Comrade Kim Il Sung when he set out on the thousand-ri journey for national liberation?,강윤범,Kang Yun-beom
백두산3대장군혁명력사학습참고서,Textbook on the Revolutionary History of the Three Generals of Mt. Paektu ,2012,위대한 수령 김일성동지의 아버지이신 김형직선생님의 지도밑에 평양숭실중학교에 조직되였던 대중적인 비합법적학생청년조직의 명칭은 무엇인가?,"What was the name of the mass illegal student-youth organization that had been formed at Pyongyang Soongsil Middle School under the guidance of Kim Hyong-jik, the father of the Great Leader Comrade Kim Il-sung?",일심친목회,Answer: Ilsimchinnokhoe
백두산3대장군혁명력사학습참고서,Textbook on the Revolutionary History of the Three Generals of Mt. Paektu ,2012,우리 나라 반일민족해방운동의 탁월한 지도자 김형직선생님께서 1917년 3월 23일 평양 학당골에서 결성하신 반일지하혁명조직의 이름은 무엇인가?,"What was the name of the anti-Japanese underground revolutionary organization formed by the outstanding leader of our country's anti-Japanese national liberation movement, Comrade Kim Hyeong-jik, in Haktanggol, Pyeongyang, on March 23, 1917?",조선국민회,Korean National Association (Joseon Gukminhoe)
백두산3대장군혁명력사학습참고서,Textbook on the Revolutionary History of the Three Generals of Mt. Paektu ,2012,위대한 수령 김일성동지께서 조선국민회의 합법적인 외곽단체로 조직하신 단체 중 형식상 공동의 힘으로 학교를 운영하며 서로의 친목을 도모하기 위한 합법적인 대중단체로 조직되였으나 실제로는 일제 타도하고 나라의 독립을 위하여 조선국민회의 활동을 돕는 것을 과업으로 내세우고 활동한 단체는 무엇인가?,"What was the name of the organization that, among the organizations Great Leader Comrade Kim Il Sung organized as legal peripheral organizations of the Korean National Council, was formally organized as a legal mass organization to jointly operate schools with common strength and promote mutual friendship, but in reality set as its task helping the activities of the Korean National Council to overthrow Japanese imperialism and achieve the country’s independence?",학교계,school district
백두산3대장군혁명력사학습참고서,Textbook on the Revolutionary History of the Three Generals of Mt. Paektu ,2012,위대한 수령 김형직선생님께서 평양시 강동군 봉화리에서 나라와 민족을 귀중히 여기는 각계각층 애국적 인민들로 조직하신 조선국민회의 혁명적인 합법적 외곽단체 중 김형직선생님께서 몸소 작성하신 불망비문 을 활동규범으로 했던 단체는 무엇인가?,"Which organization, among the revolutionary legal peripheral organizations of the Korean National Association organized by the Great Leader Kim Hyong-jik in Bonghwa-ri, Kangdong County, Pyongyang City, with patriotic people from all walks of life who held dear the country and the nation, adopted as its code of conduct the epitaph written personally by Kim Hyong-jik?",비석계,monument gate bridge; monument area
백두산3대장군혁명력사학습참고서,Textbook on the Revolutionary History of the Three Generals of Mt. Paektu ,2012,우리 나라 반일민족해방운동의 탁월한 지도자이신 김형직선생님께서 1925년 8월 무송에서 국내외의 독립운동단체 대표들과 함께 결성하신 독립운동단체들의 련합체의 이름은 무엇인가?,"What was the name of the alliance of independence movement organizations that Kim Hyong-jik, the outstanding leader of our country’s anti-Japanese national liberation movement, formed in Musong in August 1925 together with representatives of independence movement organizations at home and abroad?",민족단체련합촉진회,Federation Promotion Committee of National Organizations
백두산3대장군혁명력사학습참고서,Textbook on the Revolutionary History of the Three Generals of Mt. Paektu ,2012,우리 나라 반일민족해방운동의 탁월한 지도자이신 김형직선생님의 외삼촌 강진석선생님께서 조선독립운동자들과 함께 린장(림강)과 창바이(장백)일대에 조직하신 무장대는 무엇인가?,"What was the armed unit organized by Mr. Kang Jin-seok, maternal uncle of Mr. Kim Hyeong-jik, the outstanding leader of our country’s anti-Japanese national liberation movement, together with the Korean independence activists in the area of Linjang (Rimgang) and Changbai (Jangbaek)?",백산무사단,Baeksan Musa-dan
백두산3대장군혁명력사학습참고서,Textbook on the Revolutionary History of the Three Generals of Mt. Paektu ,2012,위대한 수령 김일성동지께서 열두살 어리신 나이에 바다오거우에서 만경대까지 조국과 인민을 더 잘 알기 위하여 걸으신 력사적인 천여리의 로정을 무엇이라고 하는가?,"What is the name of the historic over 1,000-ri journey that the Great Leader Comrade Kim Il Sung walked from Badaogou to Mankyongdae at the age of twelve in order to better know his country and people?",배움의 천리길,the thousand-ri road of learning
백두산3대장군혁명력사학습참고서,Textbook on the Revolutionary History of the Three Generals of Mt. Paektu ,2012,위대한 수령 김일성동지께서 조국광복의 원대한 뜻을 품으시고 만경대로부터 바다오거우에 이르는 천여리의 길을 걸으신 혁명의 길을 무엇이라고 하는가?,"What is the revolutionary path that the Great Leader Comrade Kim Il Sung walked, from Mangyongdae to Badaogou, over a journey of more than a thousand ri, with the grand aspiration of the liberation of the fatherland in his heart?",광복의 천리길,The Thousand-ri Road of National Liberation (Gwangbok)
백두산3대장군혁명력사학습참고서,Textbook on the Revolutionary History of the Three Generals of Mt. Paektu ,2012,1917년 로씨야 로동계급이 수행하여 인류력사상 처음으로 성공한 사회주의혁명은 무엇인가?,What was the socialist revolution that the Russian working class carried out in 1917 and succeeded in for the first time in human history?,사회주의10월혁명,Socialist October Revolution
백두산3대장군혁명력사학습참고서,Textbook on the Revolutionary History of the Three Generals of Mt. Paektu ,2012,19세기 후반기 대동강에 침입한 미제침략선을 평양인민들과 함께 결사대를 뭇고 화공전술로 격침한 사건은 무엇인가?,What was the incident in which an armed volunteer unit was formed together with the people of Pyongyang and the US imperialist invasion ship that intruded into the Taedong River in the latter half of the 19th century was sunk by fire attack tactics?,셔먼호사건  또는 샤만호사건,"the Sherman incident, the Shaman incident"
백두산3대장군혁명력사학습참고서,Textbook on the Revolutionary History of the Three Generals of Mt. Paektu ,2012,미제침략자들이 1868년 3월 우리 나라에 침입시킨 군함의 이름은 무엇인가?,What was the name of the warship that the U.S. imperialist aggressors sent to invade our country in March 1868?,쉐난도아호사건,the Shenandoah Lake incident
백두산3대장군혁명력사학습참고서,Textbook on the Revolutionary History of the Three Generals of Mt. Paektu ,2012,위대한 수령 김일성동지께서 숭실중학교를 중퇴하신 후 만경대의 남리마을에 계실 때 교편을 잡으시며 후대교육사업에 힘을 넣으신 사립학교의 이름은 무엇인가?,"What was the name of the private school where Great Leader Comrade Kim Il Sung taught after dropping out of Soongsil Middle School and while staying in Namri Village in Mangyongdae, when he devoted himself to the cause of educating the younger generation?",순화학교,Sunhwa School
백두산3대장군혁명력사학습참고서,Textbook on the Revolutionary History of the Three Generals of Mt. Paektu ,2012,위대한 수령 김일성동지의 아버님이신 김형직선생님께서 주체 5(1916)년 3월 평양시 강동군 봉화리에서 설립하신 학교의 이름은 무엇인가?,"What was the name of the school that Teacher Kim Hyŏng-jiK, the father of the Great Leader Comrade Kim Il Sung, founded in Bonghwa-ri, Kangdong County, Pyongyang City, in March Juche 5 (1916)?",명신학교,Myeongsin School
백두산3대장군혁명력사학습참고서,Textbook on the Revolutionary History of the Three Generals of Mt. Paektu ,2012,위대한 수령 김일성동지께서 우리 나라에서 돌아오신 다음 칠골에서 공부하신 학교는 무엇인가?,What was the name of the school in Chilgol where Great Leader Comrade Kim Il Sung studied after he returned to our country?,창덕학교,Changdok School
백두산3대장군혁명력사학습참고서,Textbook on the Revolutionary History of the Three Generals of Mt. Paektu ,2012,위대한 수령 김일성동지의 아버님이신 김형직선생님께서 푸씅(무송)지방에 이주한 조선 망명자들과 선각자들이 농민들과 함께 설립하고 운영비 부족으로 문을 닫았던 조선인학교를 주체 14(1925)년 봄에 다시 열어 40여명의 조선인학생들이 무료로 공부하도록 해주신 학교의 이름은 무엇인가?,"What was the name of the school that Mr. Kim Hyong-jik, the father of the Great Leader Comrade Kim Il Sung, reopened in the spring of Juche 14 (1925) in the Pusŭng (Musoong) area, reviving the Korean school that Korean exiles and pioneers who had migrated there had established together with peasants but had been forced to close due to a lack of operating funds, so that more than 40 Korean students could study there for free?",백산학교,Baeksan School
백두산3대장군혁명력사학습참고서,Textbook on the Revolutionary History of the Three Generals of Mt. Paektu ,2012,"평안북도 의주군에 1906년에 설립되여 조선어와 조선력사, 조선지리 등으로 반일민족교육을 진행하였으며 위대한 수령 김일성동지께서 평양숭실중학교 재학당시 여러번 찾으신 학교의 이름은 무엇인가?","What is the name of the school that was established in 1906 in Uiju County, North Phyongan Province, conducted anti-Japanese national education in Korean language, Korean history, and Korean geography, and that Great Leader Comrade Kim Il Sung visited several times when he was attending Pyongyang Sungrisil Middle School?",양실학교,Yangsil School
백두산3대장군혁명력사학습참고서,Textbook on the Revolutionary History of the Three Generals of Mt. Paektu ,2012,위대한 수령 김일성동지께서 혁명적가정에서 성장하시며 혁명의 큰뜻을 키우신 유서깊은 고장은 어디인가?,What is the historic place where the Great Leader Comrade Kim Il Sung grew up in a revolutionary family and nurtured the grand purpose of the revolution?,만경대,Mangyongdae
백두산3대장군혁명력사학습참고서,Textbook on the Revolutionary History of the Three Generals of Mt. Paektu ,2012,위대한 수령 김일성동지의 어머님이신 강반석녀사께서 탄생하신 평양시 만경대구역의 고장은 어디인가?,"Where is the hometown in Mangyongdae District, Pyongyang, where Madam Kang Pan-sok, the mother of the great leader Comrade Kim Il Sung, was born?",봉화리,Bonghwa-ri
백두산3대장군혁명력사학습참고서,Textbook on the Revolutionary History of the Three Generals of Mt. Paektu ,2012,위대한 수령 김일성동지의 어머님이신 강반석녀사께서 탄생하신 평양시 만경대구역의 고장은 어디인가?,"Where is the hometown of Mangyongdae District in P'yongyang, where Lady Kang Pan-seok, the mother of the Great Leader Comrade Kim Il Sung, was born?",칠골,Chilgol
백두산3대장군혁명력사학습참고서,Textbook on the Revolutionary History of the Three Generals of Mt. Paektu ,2012,위대한 수령 김일성동지께서 창덕학교시절 수학려행으로 다녀가신 유서깊은 산은 무엇인가?,What is the famous mountain that the Great Leader Comrade Kim Il Sung visited during his school excursion in his Changdok School days?,정방산,Jeongbang Mountain
백두산3대장군혁명력사학습참고서,Textbook on the Revolutionary History of the Three Generals of Mt. Paektu ,2012,위대한 수령 김일성동지께서 조국광복의 원대한 뜻을 안으시고 14살의 어린 나이에 걸으신 광복의 천리길에서 건넌 강은 무엇인가?,What river did Great Leader Comrade Kim Il Sung cross on the thousand-ri road to liberation (gwangbok) that he walked at the age of 14 with the grand aspiration of achieving the liberation of the fatherland?,압록강,Amnok River
백두산3대장군혁명력사학습참고서,Textbook on the Revolutionary History of the Three Generals of Mt. Paektu ,2012,위대한 수령 김일성동지께서 인민을 세상에서 가장 귀중하고 힘있는 존재로 여기며 혁명과 건설의 주인으로 믿으신 좌우명은 무엇인가?,What was the motto by which the Great Leader Comrade Kim Il Sung regarded the people as the most precious and powerful beings in the world and believed them to be the masters of revolution and construction?,이민위천,regarding the people as heaven
백두산3대장군혁명력사학습참고서,Textbook on the Revolutionary History of the Three Generals of Mt. Paektu ,2012,통나무토막을 파서 구유처럼 만든 작은 배를 무엇이라고 하는가?,What is a small boat made by hollowing out a log and shaping it like a manger called?,도막궁이,A person whose spine is bent and whose back is hunched over (domakungi)
백두산3대장군혁명력사학습참고서,Textbook on the Revolutionary History of the Three Generals of Mt. Paektu ,2012,열리고 밝아진다는 뜻으로 뒤떨어지고 깨지 못한 상태에서 벗어나 사람이나 사회가 발전하고 문명해지는것을 이르는 말을 의미하는 용어는 무엇인가?,"What is the term that means being opened and enlightened, referring to a person or society breaking out of a backward, unawakened state and developing into a civilized state?",개명,change of name
백두산3대장군혁명력사학습참고서,Textbook on the Revolutionary History of the Three Generals of Mt. Paektu ,2012,스스로 몸과 마음을 다잡아 힘쓰는것 또는 마음을 가다듬는것은 무엇인가?,"What is it to brace one’s body and mind and exert oneself, or to compose one’s mind?",자강,Jagang
백두산3대장군혁명력사학습참고서,Textbook on the Revolutionary History of the Three Generals of Mt. Paektu ,2012,옛날에 살아있는 남의 아버지를 높여 이르던 말은 무엇인가?,What was the term used in the old days to respectfully refer to another person’s living father?,춘부장,father-in-law
백두산3대장군혁명력사학습참고서,Textbook on the Revolutionary History of the Three Generals of Mt. Paektu ,2012,3. 1 인민봉기 후 민족주의운동의 일부 지도자들이 실력양성을 구실로 벌린 개량주의운동의 한 형태는 무엇인가?,What was the form of the reformist movement that some leaders of the nationalist movement launched under the pretext of cultivating practical capabilities after the March 1 Popular Uprising?,교육진흥운동,the Education Promotion Movement
백두산3대장군혁명력사학습참고서,Textbook on the Revolutionary History of the Three Generals of Mt. Paektu ,2012,우리 나라에서 1907년에 빚을 갚아 국권을 회복할 목적으로 벌려진 대중적 애국운동은 무엇인가?,What was the mass patriotic movement launched in our country in 1907 for the purpose of repaying the debt and restoring national sovereignty?,국채보상운동,National Debt Repayment Movement
백두산3대장군혁명력사학습참고서,Textbook on the Revolutionary History of the Three Generals of Mt. Paektu ,2012,3.1 인민봉기에서 독립을 주장하며 발표된 문건은 무엇인가?,What document was announced while demanding independence in the 3.1 People’s Uprising?,독립선언서,Declaration of Independence
백두산3대장군혁명력사학습참고서,Textbook on the Revolutionary History of the Three Generals of Mt. Paektu ,2012,19세기말―20세기초 일제의 조선강점을 반대하여 싸운 우리 인민의 반일무장활동을 무엇이라고 하는가?,What is the name of our people’s anti-Japanese armed struggle against Japan’s occupation of Joseon in the late 19th and early 20th centuries?,반일의병운동,the anti-Japanese righteous army movement
백두산3대장군혁명력사학습참고서,Textbook on the Revolutionary History of the Three Generals of Mt. Paektu ,2012,조선의 부르죠아민족주의자들이 국권회복과 대중계몽의 목적밑에 벌린 애국애족적인 문화운동을 무엇이라고 하는가?,What is the patriotic and national cultural movement launched by the bourgeois nationalist figures in Chosŏn under the purpose of restoring national sovereignty and enlightening the masses called?,애국문화계몽운동,patriotic cultural enlightenment movement
백두산3대장군혁명력사학습참고서,Textbook on the Revolutionary History of the Three Generals of Mt. Paektu ,2012,우리 나라 반일민족해방운동의 탁월한 지도자 김형직선생님께서 일제에 체포되여 옥고를 치르신 감옥은 무엇인가?,"What prison was it in which Teacher Kim Hyŏng-jik, the outstanding leader of our country's anti-Japanese national liberation movement, was arrested by the Japanese imperialists and suffered imprisonment?",평양감옥,Pyongyang Prison
백두산3대장군혁명력사학습참고서,Textbook on the Revolutionary History of the Three Generals of Mt. Paektu ,2012,위대한 수령 김일성동지께서 타도제국주의동맹 결성모임에서 책임자로 추대되시게 추천한 인물은 누구인가?,Who was the person recommended to be elevated to the position of responsible leader at the founding meeting of the Down-with-Imperialism Union by the great leader Comrade Kim Il Sung?,최창걸,Choe Chang-gyeol
백두산3대장군혁명력사학습참고서,Textbook on the Revolutionary History of the Three Generals of Mt. Paektu ,2012,위대한 수령 김일성동지께서 타도제국주의동맹을 결성하신 모임에 참가한 조선혁명군 지휘관의 이름은 무엇인가?,What was the name of the commander of the Korean Revolutionary Army who participated in the meeting where the great leader Comrade Kim Il Sung formed the Down-With-Imperialism Union?,김리갑,Kim Rigap
백두산3대장군혁명력사학습참고서,Textbook on the Revolutionary History of the Three Generals of Mt. Paektu ,2012,위대한 수령 김일성동지께서 조선혁명군 결성 초기에 국내공작소조의 조장으로 임명하신 인물은 누구인가?,Who was the person whom the Great Leader Comrade Kim Il Sung appointed as the head of the domestic operations unit in the early period of the formation of the Korean Revolutionary Army?,리제우,Rijeu
백두산3대장군혁명력사학습참고서,Textbook on the Revolutionary History of the Three Generals of Mt. Paektu ,2012,"위대한 수령 김일성동지께서 주체 15(1926)년 10월 17일 화디엔에서 결성하신 조직으로, 주체의 혁명위
업을 승리에로 이끌어나가기 위한 전위조직이였으며 나라에서 처음으로 되는 참다운 공산주의적혁명조직의 이름은 무엇인가?","What is the name of the organization formed by the Great Leader Comrade Kim Il Sung in Huadian on October 17, Juche 15 (1926), which was the vanguard organization for leading the revolutionary cause of Juche to victory and the first true communist revolutionary organization in the country?",타도제국주의동맹 또는 《ㅌ. ㄷ》 또는 ㅌ.ㄷ,"Anti-Imperialist Alliance, ""T. D."""
백두산3대장군혁명력사학습참고서,Textbook on the Revolutionary History of the Three Generals of Mt. Paektu ,2012,"1920년대 중엽 중국 동북지방에 옮겨가 화성의숙 숙장으로 있으면서 의숙에 오신 위대한
수령님의 학습과 혁명활동을 적극 도와드린 애국지사는 누구인가?","Who was the patriotic fighter who moved to northeastern China in the mid-1920s and, while serving as the head of Hwaseong School (Hwasŏng Ŭisuk), actively helped the Great Leader’s study and revolutionary activities when he came to the school?",최동오,Choe Tong-o
백두산3대장군혁명력사학습참고서,Textbook on the Revolutionary History of the Three Generals of Mt. Paektu ,2012,위대한 수령 김일성동지께서 화성의숙시절 새 사조를 보급하고 《타도제국주의동맹》을 결성하시던 나날에 성실히 도와드린 인물은 누구인가?,Who was the person who faithfully assisted the Great Leader Comrade Kim Il Sung during the days when he was spreading the new ideology and founding the “Down-with-Imperialism Union” during his years at Hwasŏng School?,김시우,Kim Si-u
백두산3대장군혁명력사학습참고서,Textbook on the Revolutionary History of the Three Generals of Mt. Paektu ,2012,화성의숙의 숙감으로 있으면서 위대한 수령 김일성동지의 학습과 혁명활동을 적극 도와드린 애국지사는 누구인가?,"Who was the patriotic activist who, while serving as the head of Hwaseong School (Hwaseong-ui-suk), actively assisted the study and revolutionary activities of the great leader Kim Il Sung?",강제하,forced to have
백두산3대장군혁명력사학습참고서,Textbook on the Revolutionary History of the Three Generals of Mt. Paektu ,2012,조선국민회 성원으로 활동한 녀성 혁명투사로서 3.1인민봉기때에는 평양시안의 청년학생들을 반일투쟁에로 동원하는데 힘썼던 조선독립군 녀걸은 누구인가?,"Who was the Korean independence fighter who served as a female revolutionary activist of the Korean People’s Association (Chosŏn Kungminhoe) and who, during the March 1 People’s Uprising, worked hard to mobilize the youth and students in Pyongyang for the anti-Japanese struggle?",리관린,Ri Guanlin
백두산3대장군혁명력사학습참고서,Textbook on the Revolutionary History of the Three Generals of Mt. Paektu ,2012,리조의 마지막 왕은 누구인가?,Who was the last king of Rijo?,순종,obedience
백두산3대장군혁명력사학습참고서,Textbook on the Revolutionary History of the Three Generals of Mt. Paektu ,2012,위대한 수령 김일성동지께서 결성하신 조선혁명의 첫 참다운 공산주의적혁명조직의 이름은 무엇인가?,What was the name of the first truly communist revolutionary organization of the Korean revolution founded by the great leader Comrade Kim Il Sung?,타도제국주의동맹,Down with Imperialism Union
백두산3대장군혁명력사학습참고서,Textbook on the Revolutionary History of the Three Generals of Mt. Paektu ,2012,우리 나라에서 1925년에 창건되였다가 1928년에 해산된 공산당의 이름은 무엇인가?,What was the name of the Communist Party that was founded in our country in 1925 and dissolved in 1928?,조선공산당,the Korean Communist Party
백두산3대장군혁명력사학습참고서,Textbook on the Revolutionary History of the Three Generals of Mt. Paektu ,2012,우리 나라에서 처음으로 조직된 로동단체는 무엇인가?,What was the first labor organization established in our country?,로동공제회,Rodo nggongjehoe
백두산3대장군혁명력사학습참고서,Textbook on the Revolutionary History of the Three Generals of Mt. Paektu ,2012,리조의 마지막왕이었던 순종이 사망한것을 계기로 1926년 6월 10일에 일어난 전국적인 반일시위투쟁은 무엇인가?,"What was the nationwide anti-Japanese protest struggle that took place on June 10, 1926, on the occasion of the death of Sunjong, the last king of the Rijo?",6.10만세시위투쟁,June 10 Mass Demonstration Struggle
백두산3대장군혁명력사학습참고서,Textbook on the Revolutionary History of the Three Generals of Mt. Paektu ,2012,독립운동자들이 3.1운동직후 군사인재의 육성을 목적으로 류하현에 세우신 군사학교의 이름은 무엇인가?,What was the name of the military school that the independence activists established in Ryuhahyŏn for the purpose of training military talents immediately after the March First Movement?,신흥강습소,Sinheung Training School
백두산3대장군혁명력사학습참고서,Textbook on the Revolutionary History of the Three Generals of Mt. Paektu ,2012,조선봉건왕조시기 혈통적권리에 따라 왕이 국가권력을 독점하며 실시하던 정치는 무엇인가?,What was the political system in which the king monopolized state power and ruled according to hereditary right during the period of the feudal Korean dynasty (Chosŏn ponggwan wangjo)?,왕조정치,dynastic politics
백두산3대장군혁명력사학습참고서,Textbook on the Revolutionary History of the Three Generals of Mt. Paektu ,2012,위대한 수령 김일성동지께서 인민대중의 의사가 자유로이 표현되고 전달되는것을 무엇이라고 하시였는가?,Question: What did Great Leader Comrade Kim Il Sung call the free expression and conveyance of the will of the popular masses?,민의창달,the broad expression of public opinion
백두산3대장군혁명력사학습참고서,Textbook on the Revolutionary History of the Three Generals of Mt. Paektu ,2012,락양북쪽에 있는 산이름인데 한나라(중국)왕족들의 묘지였다는데로부터 묘지의 대명사로 불리우게 된 말은 무엇인가?,What is the mountain name north of Rakyang that came to be called a byword for a burial ground because it was said to be the tomb site of the royal family of the Han dynasty (China)?,북망산천,Bukmang Mountain and rivers
백두산3대장군혁명력사학습참고서,Textbook on the Revolutionary History of the Three Generals of Mt. Paektu ,2012,"곡식이 전혀 자라지 못하는 모래땅같은 땅이라는 뜻으로, 의지할데가 없거나 믿을데가 전혀 없는 곳을 가리키는 말은 무엇인가?","What is the expression that refers to a place where there is nowhere to rely on and nothing at all to trust, meaning land like sandy ground where crops cannot grow at all?",백사지,Baeksaji
백두산3대장군혁명력사학습참고서,Textbook on the Revolutionary History of the Three Generals of Mt. Paektu ,2012,1920년대 중국 동북지역에서 조선인들의 생활상편의를 돌봐주는 자치적인 기관의 책임자를 무엇이라고 하였는가?,What was the head of the autonomous institution that took care of the daily conveniences of Koreans in the northeastern region of China in the 1920s called?,총관,chief inspector
백두산3대장군혁명력사학습참고서,Textbook on the Revolutionary History of the Three Generals of Mt. Paektu ,2012,위대한 수령 김일성동지께서 조직령도하신 영광스러운 항일혁명투쟁의 초시기에 우리 혁명의 청년공산주의자들중에서 대중의 혁명화사업과 항일무장투쟁의 기초축성에서 불멸의 공헌을 이룩한 인물은 누구인가?,Who was the figure among the young communists of our revolution who made immortal contributions to the work of revolutionizing the masses and to laying the foundation for the anti-Japanese armed struggle in the earliest period of the glorious anti-Japanese revolutionary struggle organized and led by the great Leader Comrade Kim Il Sung?,차광수,Ch'a Kwang-su
백두산3대장군혁명력사학습참고서,Textbook on the Revolutionary History of the Three Generals of Mt. Paektu ,2012,"혁명적인 새 세대 공산주의자들속에서 위대한 수령 김일성동지와 함께 손잡고 일제와 싸운 동지로서 주체 7(1918) 년에 우리 나라에서 태여나 지린에서 위대한 수령님을 처음으로 만나뵈옵고 조선공산주의청년동맹의 성원으로 활약하면서 《조선의 별》, 《혁명가》와 같은 혁명시가요를 창작한 혁명시인은 누구인가?","Who is the revolutionary poet who was born in our country in Juche 7 (1918) among the revolutionary new generation of communists, fought against Japanese imperialism hand in hand with the Great Leader Comrade Kim Il Sung, met the Great Leader for the first time in Jilin, and, while active as a member of the Korean Communist Youth League, composed revolutionary songs such as “The Star of Korea” and “Revolutionary Fighter”?",김혁,Kim Hyeok
백두산3대장군혁명력사학습참고서,Textbook on the Revolutionary History of the Three Generals of Mt. Paektu ,2012,"위대한 수령 김일성동지의 지도밑에 조선인류지학우회 성원으로 활동하였으며 반제청년동맹원으로서 조선공산주의청년동맹결성모임에 참가하고, 조국해방전쟁시기 서울근처에서 녀맹조직을 책임지고 전선원호사업을 잘하였던 녀성혁명가의 이름은 무엇인가?","What is the name of the female revolutionary who, under the guidance of the Great Leader Comrade Kim Il Sung, worked as a member of the Korean Anthropology Association, took part in the founding meeting of the Communist Youth League of Korea as an Anti-Imperialist Youth League member, and, during the Fatherland Liberation War, was in charge of the women’s league organization near Seoul and did a good job in supporting the front?",한영애,Yeong-ae Han
백두산3대장군혁명력사학습참고서,Textbook on the Revolutionary History of the Three Generals of Mt. Paektu ,2012,위대한 수령 김일성동지께서 길림에서 혁명활동을 전개하시는 과정에 친혈육에 못지 않게 적극적으로 후원해주신 인물은 누구인가?,Who was the person who actively supported Great Leader Comrade Kim Il Sung no less than a blood relative during the course of his revolutionary activities in Jilin?,손정도,Son Jeong-do
백두산3대장군혁명력사학습참고서,Textbook on the Revolutionary History of the Three Generals of Mt. Paektu ,2012,"20세기초의 반일의병대장으로, 주체17년 2월 위대한 수령님께서 연예선전대를 데리고 툰지동에 가시였을 때 집에 초대하여 젊은 세대들이 잘 싸워달라고 간절히 부탁을 드렸던 로인은 누구인가?","Who was the old man who served as the commander of the anti-Japanese Righteous Army in the early 20th century and, when the Great Leader visited Tunjidong with the art propaganda troupe in February Juche 17, invited him to his home and earnestly asked him to let the younger generations fight well?",차천리,Cha Ch'eon-ri
백두산3대장군혁명력사학습참고서,Textbook on the Revolutionary History of the Three Generals of Mt. Paektu ,2012,지린육문중학교에서 교장으로 있으면서 위대한 수령 김일성동지의 혁명활동과 신변안전을 적극 도와드린 중국의 량심적인 지식인은 누구인가?,Who was the conscientious Chinese intellectual who actively assisted the great leader Comrade Kim Il Sung in his revolutionary activities and personal safety while serving as principal at Jilin Liuwen Middle School?,리광한,Ri Kwang-han
백두산3대장군혁명력사학습참고서,Textbook on the Revolutionary History of the Three Generals of Mt. Paektu ,2012,헤그만국평화회의에 우리 나라 대표로 파견되였다가 자결한 애국충신은 누구인가?,Who was the patriotic loyalist who was dispatched as our country’s representative to the Hague Peace Conference and then took his own life?,리준,Ri Jun
백두산3대장군혁명력사학습참고서,Textbook on the Revolutionary History of the Three Generals of Mt. Paektu ,2012,불후의 고전적명작 혁명연극《안중근 이등박문을 쏘다》에서 조선민족의 기개를 떨친 애국자는 누구인가?,Who is the patriot who displayed the spirit of the Korean nation in the immortal classical masterpiece revolutionary play “An Jung-keun Shoots Itō Hirobumi”?,안중근,An Jung-geun
백두산3대장군혁명력사학습참고서,Textbook on the Revolutionary History of the Three Generals of Mt. Paektu ,2012,"쏘련의 사회주의사실주의문학의 창시자로 희곡 <원쑤들>, 장편소설 <어머니> 등 수많은 소설, 희곡, 시들을 남긴 인물은 누구인가?","Who is the figure regarded as the founder of Soviet socialist realism literature, who left behind numerous novels, plays, and poems, including the play <Enemies> and the novel <Mother>?",고리끼,Gorky
백두산3대장군혁명력사학습참고서,Textbook on the Revolutionary History of the Three Generals of Mt. Paektu ,2012,불후의 고전적명작 혁명연극《안중근 이등박문을 쏘다》에서 주인공 안중근이 처단한 일제의 침략원흉은 누구인가?,"In the immortal classical masterpiece revolutionary play “An Jung Kun Shoots Itō Hirobumi,” who was the chief instigator of the Japanese imperialist aggression that the protagonist An Jung Kun executed?",이등박문,Ito Hirobumi
백두산3대장군혁명력사학습참고서,Textbook on the Revolutionary History of the Three Generals of Mt. Paektu ,2012,위대한 수령 김일성동지께서 푸씀(무송)에서 조직하신 우리 나라 첫 소년혁명조직의 이름은 무엇인가?,"What was the name of our country’s first juvenile revolutionary organization, organized by the Great Leader Comrade Kim Il Sung in Fusŭm (Musong)?",새날소년동맹,New Day Children’s Union (Saenal Sonyeon Dongmaeng)
백두산3대장군혁명력사학습참고서,Textbook on the Revolutionary History of the Three Generals of Mt. Paektu ,2012,위대한 수령 김일성동지의 지도방조밑에 강반석녀사께서 주체 15(1926)년 12월 26일 푸씀에서 조직하신 우리 나라 첫 혁명적녀성대중조직은 무엇인가?,"What was the name of our country’s first revolutionary women’s mass organization, which Lady Kang Pan-sok organized in Puseum on December 26, Juche 15 (1926) under the guidance and assistance of the Great Leader Comrade Kim Il Sung?",반일부녀회,Anti-Japanese Women’s Association
백두산3대장군혁명력사학습참고서,Textbook on the Revolutionary History of the Three Generals of Mt. Paektu ,2012,위대한 수령 김일성동지께서 주체 16(1927)년 4월 지린시안의 조선인 소년들을 망라하여 조직하신 합법적 조직의 명칭은 무엇인가?,What was the name of the legal organization that the Great Leader Comrade Kim Il Sung organized in April Juche 16 (1927) by bringing together Korean boys in Jilin City?,조선인지린소년회 또는 조선인길림소년회,"Korean Children’s Union (Joseon Injinrinsonyeonhoe), Korean Jilin Children’s Union (Joseon In Gilrim Sonyeonhoe)"
백두산3대장군혁명력사학습참고서,Textbook on the Revolutionary History of the Three Generals of Mt. Paektu ,2012,위대한 수령 김일성동지께서 지린시내에서 진보적인 조선청년학생들을 망라하여 조직하신 혁명적인 학생청년조직의 명칭은 무엇인가?,What was the name of the revolutionary student and youth organization that Great Leader Comrade Kim Il Sung organized in Jilin City by bringing together progressive Korean youth and students?,조선인류지학우회 또는 조선인류길학우회,"Korean Anthropological Society, Korean Geographical Society"
백두산3대장군혁명력사학습참고서,Textbook on the Revolutionary History of the Three Generals of Mt. Paektu ,2012,위대한 수령 김일성동지께서 새 세대 청년공산주의자들을 핵심으로 하여 주체 16(1927)년 8월 27일 지린에서 조직하신 대중적 비합법적청년조직의 명칭은 무엇인가?,"What is the name of the mass-based illegal youth organization that the great Leader Comrade Kim Il Sung organized in Jilin on August 27, Juche 16 (1927), with the new generation of young communists as its core?",반제청년동맹,Anti-Imperialist Youth League (Panje Chongnyondongmaeng)
백두산3대장군혁명력사학습참고서,Textbook on the Revolutionary History of the Three Generals of Mt. Paektu ,2012,위대한 수령 김일성동지께서 주체 16(1927)년 8월 28일 지린에서 결성하신 조선청년들의 혁명적전위조직의 명칭은 무엇인가?,"What is the name of the revolutionary vanguard organization of Korean youth that the Great Leader Comrade Kim Il Sung formed in Jilin on August 28, Juche 16 (1927)?",조선공산주의청년동맹,Korean Communist Youth League of Joseon
백두산3대장군혁명력사학습참고서,Textbook on the Revolutionary History of the Three Generals of Mt. Paektu ,2012,위대한 수령 김일성동지께서 주체 17(1928)년 3월 신안툰에서 우리 나라에서 처음으로 조직하신 혁명적 농민조직의 이름은 무엇인가?,What was the name of the revolutionary peasant organization that the Great Leader Comrade Kim Il Sung first organized in Sinantun in March Juche 17 (1928) in our country?,농민동맹,Peasant Union
백두산3대장군혁명력사학습참고서,Textbook on the Revolutionary History of the Three Generals of Mt. Paektu ,2012,위대한 수령 김일성동지께서 1928년 8월 지린에서 우리 나라에서 처음으로 되는 혁명적로동자조직을 결성하신 단체의 이름은 무엇인가?,What was the name of the organization that Great Leader Comrade Kim Il Sung formed in Jilin in August 1928 as the first revolutionary workers’ organization in our country?,반일로동조합,anti-Japanese labor union
백두산3대장군혁명력사학습참고서,Textbook on the Revolutionary History of the Three Generals of Mt. Paektu ,2012,조선인로동자들의 취직과 생활편의를 도모할 목적으로 주체 16(1927) 년 봄 지린에서 조직된 조선인로동자들의 합법적단체는 무엇인가?,What was the legal organization of Korean workers formed in Jilin in the spring of Juche 16 (1927) with the aim of promoting the employment and living convenience of Korean workers?,한성회,Hansong Association
백두산3대장군혁명력사학습참고서,Textbook on the Revolutionary History of the Three Generals of Mt. Paektu ,2012,"자오하현에서 라파산을 경계로 서북쪽 청년들을 망라하여 조직된 청년단체로서, 위대한 수령 김일성동지의 지도밑에 혁명적으로 개조된 단체의 이름은 무엇인가?","As a youth organization organized in Jiaoha County (Zhaoha-hyeon) by encompassing the young people of the northwestern area with Rapa Mountain as the boundary, what is the name of the organization that was revolutionarily reformed under the guidance of the Great Leader Comrade Kim Il Sung?",려신청년회,Ryeosin Youth League
백두산3대장군혁명력사학습참고서,Textbook on the Revolutionary History of the Three Generals of Mt. Paektu ,2012,위대한 수령 김일성동지께서 항일혁명투쟁의 첫 시기에 진보적인 청년학생들을 로동계급의 선진사상과 리론으로 튼튼히 무장시키기 위하여 조직하신 비합법적대중조직의 이름은 무엇인가?,What was the name of the illegal mass organization organized by the Great Leader Comrade Kim Il Sung in the early period of the anti-Japanese revolutionary struggle to firmly arm progressive young students with the advanced ideas and theory of the working class?,비밀독서조,secret reading group
백두산3대장군혁명력사학습참고서,Textbook on the Revolutionary History of the Three Generals of Mt. Paektu ,2012,지린육문중학교 학생들이 학습과 생활에서 제기되는 문제를 학교당국과 협의하여 해결하며 정 치투쟁 에 조직동원하기 위하여 조직된 합법적 청소년학생조직의 명칭은 무엇인가?,What is the name of the legal youth student organization formed by the students of Jilin Yukmun Middle School to resolve problems arising in their studies and daily lives through consultations with the school authorities and to organize and mobilize them for political struggle?,학생자치회,Student Self-Governing Committee
백두산3대장군혁명력사학습참고서,Textbook on the Revolutionary History of the Three Generals of Mt. Paektu ,2012,위대한 수령 김일성동지께서 주체 16(1927)년 12월 20일 푸씀에서 조직하신 백두산주변 청년들의 대중적 반일청년조직은 무엇인가?,"What was the mass anti-Japanese youth organization of youths around Baekdusan that the great Leader Comrade Kim Il Sung organized in Pusŭm on December 20, Juche 16 (1927)?",백산청년동맹,Paeksan Youth League
백두산3대장군혁명력사학습참고서,Textbook on the Revolutionary History of the Three Generals of Mt. Paektu ,2012,위대한 수령 김일성동지께서 혁명활동을 벌리실 때 새 사조의 내용을 군중에게 널리 보급하고 계몽하기 위하여 조직하신 예술선전대는 무엇인가?,What was the name of the art propaganda troupe organized by the Great Leader Comrade Kim Il Sung to widely disseminate and enlighten the masses about the content of the new ideology while conducting revolutionary activities?,연예선전대,art troupe for performance propaganda
백두산3대장군혁명력사학습참고서,Textbook on the Revolutionary History of the Three Generals of Mt. Paektu ,2012,다음중 위대한 수령 김일성동지께서 지도하신 하얼빈(할빈) 지역의 조선인청년학생 혁명적학생단체의 명칭은 무엇인가?,"Among the following, what was the name of the revolutionary student organization of Korean youth and students in the Harbin (Halbin) area that the great Leader Comrade Kim Il Sung guided?",조선인학우친목회,Joseon Inhak Uchinmokhoe
백두산3대장군혁명력사학습참고서,Textbook on the Revolutionary History of the Three Generals of Mt. Paektu ,2012,어떤 사회적현상의 발생이나 실현을 다그치여 그 조건을 지어주는 존재를 무엇이라 하는가?,What do you call the entity that accelerates the occurrence or realization of a certain social phenomenon and creates the conditions for it?,산파,midwife
백두산3대장군혁명력사학습참고서,Textbook on the Revolutionary History of the Three Generals of Mt. Paektu ,2012,일정한 사회적집단이나 계급들의 앞장에 서서 투쟁의 앞길을 헤쳐나갈뿐아니라 전체 혁명력량에 대한 통일적인 지도를 보장하는 혁명적인 조직을 뜻하는 용어는 무엇인가?,"What is the term for a revolutionary organization that not only stands at the forefront of certain social groups or classes and blazes a trail in the struggle, but also ensures unified leadership over the entire revolutionary force?",전위조직,vanguard organization
백두산3대장군혁명력사학습참고서,Textbook on the Revolutionary History of the Three Generals of Mt. Paektu ,2012,우리 나라에서 1920년대 민족개량주의자들이 〈내 살림은 내것으로!〉라는 구호를 내걸고 벌리였던 범국민적인 경제자립운동은 무엇인가?,What was the nationwide economic self-reliance movement in our country in the 1920s that the national reformists launched under the slogan “My livelihood is mine!”?,물산장려운동,National Products Promotion Movement
백두산3대장군혁명력사학습참고서,Textbook on the Revolutionary History of the Three Generals of Mt. Paektu ,2012,"위대한 수령 김일성동지께서 항일혁명투쟁의 첫 시기에 제정하신 소년들의 대중정치활동의 날로, 매해 5월 첫 주일요일에 소년들이 운동회, 연예회 등을 하도록 하신 날의 명칭은 무엇인가?","What is the name of the day of mass political activities for boys, instituted by the great leader Comrade Kim Il Sung in the first period of the anti-Japanese revolutionary struggle, on which boys are to hold sports meets and entertainment performances, etc. on the first Sunday of May every year?",소년회날,Boys' Union Day
백두산3대장군혁명력사학습참고서,Textbook on the Revolutionary History of the Three Generals of Mt. Paektu ,2012,위대한 수령 김일성동지께서 초기 혁명조직성원들을 혁명적으로 단련하고 혁명대오를 조직성과 규률성이 강한 집단으로 강화하기 위하여 한달에 한번씩 실시하도록 하신 조직생활총화모임의 형식은 무엇인가?,What was the format of the organizational life summing-up meeting that the Great Leader Comrade Kim Il Sung had instituted to be held once a month in order to revolutionarily temper the early members of the revolutionary organization and strengthen the revolutionary ranks into a collective with strong organization and discipline?,성격검토회,personality screening meeting
백두산3대장군혁명력사학습참고서,Textbook on the Revolutionary History of the Three Generals of Mt. Paektu ,2012,우리 나라 반일민족해방운동의 탁월한 지도자 김형직선생님의 정력적인 활동밑에 평안북도에서 결성된 반일지하혁명조직의 구역장은 누구인가?,"Who was the district chief of the anti-Japanese underground revolutionary organization formed in Pyeonganbuk-do under the energetic activities of Kim Hyeong-jik, the outstanding leader of our country's anti-Japanese national liberation movement?",오동진,O Dong-jin
백두산3대장군혁명력사학습참고서,Textbook on the Revolutionary History of the Three Generals of Mt. Paektu ,2012,일제의 조선강점시기 남만일대에서 맑스-레닌주의와 조선혁명의 지도리론을 연구보급하기 위하여 조직된 혁명적계몽단체의 이름은 무엇인가?,What was the name of the revolutionary enlightenment organization formed in the southern Manchurian area during the period of Japanese occupation of Korea to study and disseminate Marxism-Leninism and the guiding theory of the Korean revolution?,사회과학연구회,Social Science Research Association
백두산3대장군혁명력사학습참고서,Textbook on the Revolutionary History of the Three Generals of Mt. Paektu ,2012,우리 나라 반일민족해방운동의 탁월한 지도자 김형직선생님께서 결성하신 반일지하혁명조직은 무엇인가?,"What was the anti-Japanese underground revolutionary organization formed by Kim Hyŏng-jik, the outstanding leader of our country’s anti-Japanese national liberation movement?",조선국민회,Korean National Association of Korea (Choseon Kukminhoe)
백두산3대장군혁명력사학습참고서,Textbook on the Revolutionary History of the Three Generals of Mt. Paektu ,2012,남만일대의 민족주의진영에서 기존방침을 반대하고 새로운 로선을 추구하면서 국민부를 타도하는 테로전까지 벌린 파벌은 무엇인가?,"Which faction in the nationalist camp in the Southern Manchuria area opposed the existing policy, pursued a new line, and even waged a terrorist struggle to overthrow the Kwangbuk (Kwangbuk) People's Association?",혁신의회,Innovation Council (Hyeoksin Uihoe)
백두산3대장군혁명력사학습참고서,Textbook on the Revolutionary History of the Three Generals of Mt. Paektu ,2012,"국민부와 병립한 민족주의혁신파단체로, 1928년 12월 정의부의
탈퇴파(촉성회파)와 참의부의 촉성회지지파, 신민부의 군정파에 의
하여 조직된 단체는 무엇인가?","What was the organization that was formed in December 1928 by the withdrawal faction of the Uigibu (Chokseonghoe faction) and the Chokseonghoe-supporting faction of the Chamui-bu, as well as the military administration faction of the Sinmin-bu, as a nationalist reformist group parallel to the Gukmin-bu?",림시혁신의회,Temporary Innovation Council (Rimsi Hyoksin Uihe)
백두산3대장군혁명력사학습참고서,Textbook on the Revolutionary History of the Three Generals of Mt. Paektu ,2012,"독립군들이 1929년 12월에 민족주의 정당으로 결성하여 중앙집행위원회와 정치, 조직, 교양, 경제, 외교, 선전, 군사 등의 부서들을 두고 활동한 정당은 무엇인가?","What was the political party that the independence fighters formed as a nationalist party in December 1929 and operated with departments such as the Central Executive Committee and political, organizational, education, economic, diplomatic, propaganda, and military departments?",조선혁명당,the Korean Revolutionary Party (Joseon Hyeongmyeong Dang)
백두산3대장군혁명력사학습참고서,Textbook on the Revolutionary History of the Three Generals of Mt. Paektu ,2012,조선공산주의운동안에 나타났던 서울파와 상하이파가 결탁하여 형성한 종파집단의 명칭은 무엇인가?,What was the name of the factional clique formed through the collusion of the Seoul Faction and the Shanghai Faction that emerged within the Korean Communist movement?,서상파,Seosang-pa
백두산3대장군혁명력사학습참고서,Textbook on the Revolutionary History of the Three Generals of Mt. Paektu ,2012,1921년 1월에 서울청년회를 지반으로 하여 우리 나라 초기공산주의운동안에 나타났던 종파집단은 무엇인가?,"What was the sectarian group that emerged in our country’s early communist movement, based on the Seoul Youth Association, in January 1921?",서울파,Seoul faction
백두산3대장군혁명력사학습참고서,Textbook on the Revolutionary History of the Three Generals of Mt. Paektu ,2012,"1920년대 조선공산주의운동안에서 발생하여 력사적으로 내려
오면서 혁명운동에 막대한 해독을 끼친 종파집단으로, 맑스의 탄생요일을 딴 집단은 무엇인가?","What sectarian group, which emerged within the Korean communist movement in the 1920s and, as it passed down through history, caused enormous harm to the revolutionary movement, was named after the weekday of Marx’s birth?",화요파,Hwayo Faction
백두산3대장군혁명력사학습참고서,Textbook on the Revolutionary History of the Three Generals of Mt. Paektu ,2012,"조선공산당지도부를 차지한 화요파에 대립하여 당밖에
서 파벌싸움을 벌리다가 당안에 들어간 후에는 화요파계렬의 당지도부성원들이 일제에 의하여 검거되자 그 기회를 타서 당의 령도권을 장악한 집단은 무엇인가?","What was the group that, in opposition to the Hwayo faction that had seized the leadership of the Korean Communist Party, had waged factional struggles outside the party and then, after entering the party, took advantage of the arrest of the Hwayo faction members of the party leadership by the Japanese to seize control of the party’s leadership?",엠엘파,M-L-Pa
백두산3대장군혁명력사학습참고서,Textbook on the Revolutionary History of the Three Generals of Mt. Paektu ,2012,남만지방에서 민족주의자들이 각지의 청년조직들을 통합하여 결성한 청년단체는 무엇인가?,What was the youth organization formed by nationalists in the Naman region by unifying youth organizations from various areas?,남만청총 또는 남만청년총동맹,"Namman Cheongchong, Namman Cheongnyon Chongdongmaeng"
백두산3대장군혁명력사학습참고서,Textbook on the Revolutionary History of the Three Generals of Mt. Paektu ,2012,"초기공산주의운동자들에 의하여 동만에 조직되였다가 국민부가 조직한 남만청총대회에 참
가한 후 민족주의자들과 종파분자들의 책동으로 대오내에 분렬이 생기고 일제의 탄압이 강화되자 1930년대 초엽에 해산던 청년단체는 무엇인가?","What was the youth organization that was organized in Dongman by the early communist movement activists, later participated in the Nammancheong General Assembly organized by the National Corps (Gukminbu), and then was disbanded in the early 1930s as a result of a split within its ranks caused by the machinations of nationalists and factionalists and the intensification of Japanese repression?",동만청총 또는 동만청년총동맹,"Dongmancheong General Corps, Dongman Youth General Alliance"
백두산3대장군혁명력사학습참고서,Textbook on the Revolutionary History of the Three Generals of Mt. Paektu ,2012,"정의부, 참의부, 신민부의 통합에 대하여 토의한 회의는 무엇인가?","What was the meeting that discussed the unification of the Jeonguibuu (정의부), Chamuibuu (참의부), and Sinminbuu (신민부)?",3부통합회의,The Three-Part Joint Meeting (3-bu tonghap hoeui)
백두산3대장군혁명력사학습참고서,Textbook on the Revolutionary History of the Three Generals of Mt. Paektu ,2012,일제와 중국반동군벌이 만저우지방에서 조선공산주의자들과 반일독립운동자들을 탄압하는데 리용한 비밀협정의 이름은 무엇인가?,What was the name of the secret agreement that Japanese imperialists and the Chinese reactionary warlords used to suppress Korean communists and anti-Japanese independence activists in the Manzhou region?,미쯔야협정,Mitsuya Agreement
백두산3대장군혁명력사학습참고서,Textbook on the Revolutionary History of the Three Generals of Mt. Paektu ,2012,위대한 수령 김일성동지께서 이 사건을 계기로 조직령도하신 국제주의적투쟁에서 중심문제로 된 사건은 무엇인가?,What event became the central issue in the internationalist struggle organized and led by the great leader Comrade Kim Il Sung in connection with this incident?,중동철도사건,the Middle East Railway incident
백두산3대장군혁명력사학습참고서,Textbook on the Revolutionary History of the Three Generals of Mt. Paektu ,2012,"주체 17(1928) 년 여름 종파분자들이 중국에 있는 조선청년단체들을 저들의 《령도권》밑에 두기 위하여 판스(반석)현에서 《청년운동자협의회》를 소집하고 주중청총을 결성하려고 시도하였으나, 위대한 수령 김일성동지의 현명한 령도밑에 반제청년동맹원들이 그 책동을 짓부셔버린 사건은 무엇인가?","What was the incident in which the anti-Party factionalists convened a “Youth Activists’ Meeting” in Panshi County and attempted to form a Korean Youth Federation in China in the summer of Juche 17 (1928) in order to place the Korean youth organizations in China under their “leadership,” but the Anti-Imperialist Youth League members, under the wise leadership of the Great Leader Comrade Kim Il Sung, smashed that plot?",주중청총사건,the Jujungchong incident
백두산3대장군혁명력사학습참고서,Textbook on the Revolutionary History of the Three Generals of Mt. Paektu ,2012,"중국 동북군벌에 의하여 설립되어 중국공산당동북국직속 대학으로서 동북의 혁명간부
들을 육성한 민간대학은 무엇인가?","What was the private university founded by the Northeast warlords of China and directly subordinate to the Northeast Bureau of the Communist Party of China, which trained revolutionary cadres in the Northeast?",동북대학,Dongbuk University
백두산3대장군혁명력사학습참고서,Textbook on the Revolutionary History of the Three Generals of Mt. Paektu ,2012,당파의 리익과 전략을 이르는 말은 무엇인가?,What is the term for the interests and strategy of a faction?,당리당략,party interests and partisan tactics
백두산3대장군혁명력사학습참고서,Textbook on the Revolutionary History of the Three Generals of Mt. Paektu ,2012,인류가 지향하고 념원하는 리상적인 고장이나 나라 또는 그런 세계에 대한 리론은 무엇인가?,"What is the theory about an ideal place, country, or world that humankind aspires to and longs for?",리상향론,the theory of the ideal society (Risanghyangnon)
백두산3대장군혁명력사학습참고서,Textbook on the Revolutionary History of the Three Generals of Mt. Paektu ,2012,낡은 사회에서 왕이나 최고권력자에게 의견을 제기하는 글을 무엇이라고 하는가?,What do you call a written petition presented to the king or supreme ruler in an old society?,상주서,resident office
백두산3대장군혁명력사학습참고서,Textbook on the Revolutionary History of the Three Generals of Mt. Paektu ,2012,대방의 죄행이나 비행을 온 세상에 폭로하고 고발하기 위하여 쓰는 글을 무엇이라 하는가?,What is a writing called that is used to expose and denounce the crimes or misconduct of the Daebang to the whole world?,성토문,denunciation statement
백두산3대장군혁명력사학습참고서,Textbook on the Revolutionary History of the Three Generals of Mt. Paektu ,2012,금의 순도판정에 쓰이는 층새들을 이르는 말인데 여기로부터 흔히 《사물의 본질이나 가치를 평가하는 기준》을 비겨 이르는 뜻으로 쓰이는 말을 무엇이라고 하는가?,"What is the term used to refer to the layers used to determine the purity of gold, and from this, what is the word commonly used in the figurative sense of “the standard by which the essence or value of a thing is evaluated”?",시금석,touchstone
백두산3대장군혁명력사학습참고서,Textbook on the Revolutionary History of the Three Generals of Mt. Paektu ,2012,우리 나라에서 3.1 인민봉기 후 민족주의운동의 일부 지도자들이 전개한 실력양성의 간판 밑에 진행된 운동의 사상조류는 무엇인가?,"What was the ideological current of the movement carried out under the banner of strengthening national power, which some leaders of the nationalist movement launched after the March 1 People’s Uprising in our country?",개량주의,reformism
백두산3대장군혁명력사학습참고서,Textbook on the Revolutionary History of the Three Generals of Mt. Paektu ,2012,위대한 수령 김일성동지께서 국민부 우두머리들의 분렬주의적책동에 타격을 주시기 위하여 선진적인 청년들의 모해와 학살죄행을 세상에 폭로단죄하도록 각 조직들에서 벌리도록 하신 대중대회는 무엇인가?,"What mass rally did the Great Leader Comrade Kim Il Sung organize in the organizations to expose and denounce to the world the sinister schemes and massacring crimes against advanced youth, in order to deal a blow to the separatist maneuvers of the leaders of the National Association?",성토대회,denunciation rally
백두산3대장군혁명력사학습참고서,Textbook on the Revolutionary History of the Three Generals of Mt. Paektu ,2012,일제가 우리 나라 민족운동내부에 대두한 혁신파세력을 무엇이라고 규정하였는가?,What did the Japanese imperialists define the reformist force that emerged within the national movement in our country as?,제3세력,the third force
백두산3대장군혁명력사학습참고서,Textbook on the Revolutionary History of the Three Generals of Mt. Paektu ,2012,우리 나라를 강점한 일제의 조선통치를 실시한 최고기구의 명칭은 무엇인가?,"What was the name of the supreme organ that carried out the Japanese colonial rule over Joseon, which had occupied our country?",조선총독부,Governor-General of Korea (Chosen Sōtokufu)
사회주의도덕과 법 (중학교 5학년),Socialist Morality and Law (Grade 5),2012,34년간의 옥중고초 속에서도 조국에 대한 량심과 의리를 지켜 싸워이긴 비전향장기수의 성함은 무엇인가?,"What is the name of the unreformed long-term prisoner of war who, even through 34 years of hardship in prison, kept his conscience and loyalty to the motherland and fought to victory?",고광인,Go Gwang-in
사회주의도덕과 법 (중학교 5학년),Socialist Morality and Law (Grade 5),2012,한나산빨찌산출신으로서 애국의 마음을 깨끗이 지키기 위해 자결의 길을 택한 공화국영웅은 누구인가?,"Who is the Hero of the Republic who, as a native of the Halla-san Partisan (Hannasan Paljjisan), chose the path of suicide to keep his patriotic heart pure?",고진히,Gojinhi
사회주의도덕과 법 (중학교 5학년),Socialist Morality and Law (Grade 5),2012,자본주의가 복귀된 나라들에서 어린이들이 하수도구멍 안으로 기여들어가 보금자리를 잡는 현상을 가리키는 말은 무엇인가?,"What is the term for the phenomenon in countries where capitalism has been restored, in which children crawl into sewer holes to make a shelter?",하수도구멍아이들,children of the sewer hole
사회주의도덕과 법 (중학교 5학년),Socialist Morality and Law (Grade 5),2012,"사람들속에서 남이야 어떻게 되든 자기만 잘살면 그만이라는 사상으로, 사회주의조국을 잃었을 때 사람들속에서 되살아나는 사상은 무엇인가?","What is the ideology that, with the idea that as long as one lives well oneself, it does not matter what happens to others, is revived among the people when the socialist fatherland is lost?",개인리기주의사상,individualism of personal gain and egoism
사회주의도덕과 법 (중학교 5학년),Socialist Morality and Law (Grade 5),2012,"조선민족의 위대성에 대한 긍지와 자부심, 그것을 빛내여나가려는 자각과 의지로 발현되는 숭고한 사상감정은 무엇인가?",What is the noble ideological feeling that is manifested through pride and self-respect in the greatness of the Korean nation (Chosŏn minjok) and through the awareness and will to bring it into greater glory?,조선민족제일주의정신,the spirit of Korean nation firstism
사회주의도덕과 법 (중학교 5학년),Socialist Morality and Law (Grade 5),2012,인민을 하늘처럼 여기며 인민을 위하여 멸사복무하는 우리 당의 정치방식은 무엇인가?,What is the political style of our Party that regards the people as heaven and serves them with devoted selfless service?,이민위천,the people are heaven
사회주의도덕과 법 (중학교 5학년),Socialist Morality and Law (Grade 5),2012,"인민을 위하여 충실하게 복무하는 사람, 다시말하여 인민을 끝없이 아끼고 존경하는 사람, 인민의 리익과 행
복을 위하여 자기의 몸과 마음을 다 바치는 사람을 무엇이라 하는가?","What do we call a person who faithfully serves the people, in other words, a person who endlessly cherishes and respects the people and devotes their whole body and mind to the interests and happiness of the people?",인민의 충복,the loyal servant of the people
사회주의도덕과 법 (중학교 5학년),Socialist Morality and Law (Grade 5),2012,위대한 수령 김일성동지께서 항일혁명투쟁시기부터 일관하게 견지해오신 인민에 대한 관점은 무엇인가?,What was the view of the people that the Great Leader Comrade Kim Il Sung consistently upheld from the period of the anti-Japanese revolutionary struggle?,이민위천,the people are the heaven
사회주의도덕과 법 (중학교 5학년),Socialist Morality and Law (Grade 5),2012,"수령과 전사사이는 고귀한 삶, 사회정치적생명을 주고받는 관계에 있다. 수령은 사회정치적생명체의 중심, 즉 무엇인가?","Question: The relationship between the leader and the combatant is one in which they give and receive the noble life, the socio-political life. The leader is the center of the socio-political organism, that is, what?",최고뇌수,supreme brain cell
사회주의도덕과 법 (중학교 5학년),Socialist Morality and Law (Grade 5),2012,혁명영화 《조선의 별》에서 김혁선생님이 위대한 수령님을 우러러 칭송하며 부른 칭호는 무엇인가?,What title did Teacher Kim Hyŏk sing in praise of the Great Leader in the revolutionary film 《The Star of Korea》?,한별,Hanbyeol
사회주의도덕과 법 (중학교 5학년),Socialist Morality and Law (Grade 5),2012,사람의 육체적생명보다 더 귀중하며 오직 수령으로부터만 받아안을수 있는 생명은 무엇인가?,What is the life that is more precious than a person's physical life and can be received only from the Supreme Leader?,사회정치적생명,socio-political life
사회주의도덕과 법 (중학교 5학년),Socialist Morality and Law (Grade 5),2012,위대한 수령 김일성동지께서 전사 김혁의 수첩에 친필을 남기실 때 자신을 가리켜 쓰신 이름은 무엇인가?,What name did the Great Leader Comrade Kim Il Sung use to refer to himself when he left a handwritten inscription in the notebook of the fallen soldier Kim Hyŏk?,성주,Seongju
사회주의도덕과 법 (중학교 5학년),Socialist Morality and Law (Grade 5),2012,"우리 형법의 본질로서, 제도를 침해하는 적대분자들을 제압하기 위해 국가가 행사하는 권력의 성격은 무엇인가?","As the essence of our criminal law, what is the nature of the power exercised by the state to suppress hostile elements that infringe upon the system?",계급적독재,class dictatorship
사회주의도덕과 법 (중학교 5학년),Socialist Morality and Law (Grade 5),2012,도적질하거나 빼앗은 물건인줄 알면서도 그것을 사거나 팔아주는 행위를 처벌하는 우리 식의 죄명은 무엇인가?,What is the name of the offense in our way of dealing with cases that punishes the act of buying or selling an item while knowing that it was stolen or robbed?,략취물건거래죄,the offense of trafficking in stolen goods
사회주의도덕과 법 (중학교 5학년),Socialist Morality and Law (Grade 5),2012,국가주권과 사회주의제도를 전복하고 착취제도를 복귀하려 하며 사회주의건설을 반대하는 온갖 적대행위를 말하는 범죄는 무엇인가?,"What crime refers to all hostile acts aimed at overthrowing national sovereignty and the socialist system, restoring the system of exploitation, and opposing socialist construction?",반국가 및 반민족범죄,anti-state and anti-national crimes
사회주의도덕과 법 (중학교 6학년),Socialist Morality and Law (Grade 6),2012,온갖 구속과 예속에서 벗어나 모든것의 주인으로 살려는 사람의 성질을 무엇이라 하는가?,"What do we call the nature of a person who wants to live as the master of everything, free from all restraints and subjugation?",자주성,independence
사회주의도덕과 법 (중학교 6학년),Socialist Morality and Law (Grade 6),2012,사회주의제도가 선 다음 사람들을 낡은 사상의 구속에서 해방하고 선진적인 사상으로 무장시키는 혁명은 무엇인가?,"What revolution is it that, after the socialist system is established, liberates people from the shackles of outdated ideas and arms them with advanced ideas?",사상혁명,ideological revolution
사회주의도덕과 법 (중학교 6학년),Socialist Morality and Law (Grade 6),2012,기술적락후성을 없애고 선진적인 기술을 창조하여 자연을 개조리용하기 위한 혁명은 무엇인가?,What is the revolution to eliminate technical backwardness and create advanced technology to transform and utilize nature?,기술혁명,technological revolution
사회주의도덕과 법 (중학교 6학년),Socialist Morality and Law (Grade 6),2012,혁명위업의 정당성과 그 승리를 굳게 믿는 마음이며 모든것을 다바쳐 싸우려는 굳은 결심은 무엇인가?,"What is the firm belief in the righteousness of the revolutionary cause and its victory, and the steadfast resolve to devote everything and fight for it?",혁명적신념,revolutionary conviction
사회주의도덕과 법 (중학교 6학년),Socialist Morality and Law (Grade 6),2012,1941년 쏘일중립조약체결후 혁명승리에 대한 신심을 잃고 끝내 변절도주한 자는 누구인가?,"Who was the person who, after the conclusion of the Soviet-Japanese Neutrality Pact in 1941, lost faith in the victory of the revolution and ultimately defected and fled?",지갑룡,Jigap-ryong
사회주의도덕과 법 (중학교 6학년),Socialist Morality and Law (Grade 6),2012,"혁명의 시작문도 열고 승리문도 여는 근본열쇠로, 이에 기초한 혁명적단결을 강화함으로써 주체혁명위업을 끝까지 완성하여야 하는 것은 무엇인가?","What is it that must be completed to the end in the Juche revolutionary cause by strengthening the revolutionary unity based on it, as the fundamental key that opens both the starting gate of revolution and the gate of victory?",혁명적동지애,revolutionary comradely affection
사회주의도덕과 법 (중학교 6학년),Socialist Morality and Law (Grade 6),2012,"수령결사옹위정신, 결사관철의 정신, 영웅적회생정신을 기본으로 하는 우리 군대의 고결한 정신은 무엇인가?","What is the noble spirit of our army, based on the spirit of devotedly defending the Suryeong, the spirit of devotedly carrying through to the end, and the spirit of heroic recovery?",혁명적군인정신,revolutionary soldier spirit
사회주의도덕과 법 (중학교 6학년),Socialist Morality and Law (Grade 6),2012,"그 어떤 역경속에서도 자기 수령, 자기령도자를 굳게 믿고 따르며 수령을 위하여 한목숨 서슴없이 바쳐
싸우는 수령에 대한 절대적인 충실성의 정신은 무엇인가?","What is the spirit of absolute loyalty to the leader, in which one firmly believes in and follows one’s own suryŏng and one’s own leader and fights, unhesitatingly offering one’s life for the suryŏng, even in the face of any adversity?",수령결사옹위정신,the spirit of defending the Leader to the death
사회주의도덕과 법 (중학교 6학년),Socialist Morality and Law (Grade 6),2012,당과 수령의 명령과 지시를 어떤 조건에서도 무조건 끝까지 관철해내고야마는 투쟁정신은 무엇인가?,What is the fighting spirit that unconditionally carries through to the end the Party and the Suryeong’s orders and instructions under any conditions?,결사관철의 정신,the spirit of carrying through to the end at all costs
사회주의도덕과 법 (중학교 6학년),Socialist Morality and Law (Grade 6),2012,"조국과 인민을 위하여, 당과 수령을 위하여 하나밖에 없는 목숨도 기꺼이 바쳐 싸우는 정신은 무엇인가?","What is the spirit that willingly sacrifices one’s only life and fights for the fatherland and the people, and for the Party and the Leader?",영웅적회생정신,Heroic spirit of recovery
사회주의도덕과 법 (중학교 6학년),Socialist Morality and Law (Grade 6),2012,학생청년들이 군사를 성실히 배우기 위해 반드시 참가해야 하는 조직적훈련은 무엇인가?,What organized training must students and youth 반드시 participate in in order to diligently learn military affairs?,붉은청년근위대훈련,Red Youth Guard Training
사회주의도덕과 법 (중학교 6학년),Socialist Morality and Law (Grade 6),2012,"계약을 어기여 손해를 발생시킨 경우와 비법적으로 남의 재산을 파괴, 손상시키거나 남의 인체나 생명을 침해하여 손실을 끼친 경우에 책임있는 당사자에게 지우는 책임을 무엇이라 하는가?","What is the responsibility imposed on the responsible party in cases where damage is caused by breaching a contract, and in cases where losses are caused by unlawfully destroying or damaging another person's property or infringing upon another person's body or life?",손해보상책임,Liability for damages and compensation
사회주의도덕과 법 (중학교 6학년),Socialist Morality and Law (Grade 6),2012,의무를 진 사람에게 그 의무를 리행하도록 요구할수 있는 권리를 청구권이라고 하며 시효가 지나 의무리행을 요구할수 있는 권리가 없어지는것을 무엇이라 하는가?,"What is it called when the right to demand performance of an obligation from the person who bears that obligation is called a claim right, and the right to demand performance disappears after the statute of limitations has passed?",청구권의 소멸,expiration of claim rights
사회주의도덕과 법 (중학교 6학년),Socialist Morality and Law (Grade 6),2012,"기관, 기업소, 단체 호상간에 시효기간은 청구권이 발생할 때부터 얼마인가?","What is the statute of limitations period between institutions, enterprises, and organizations, starting from when the claim right arises?",6개월,6 months
사회주의도덕과 법 (중학교 6학년),Socialist Morality and Law (Grade 6),2012,조국보위의 성스러운 초병으로 복무하기 위해 초모나이에 해당되는 모든 공민이 거쳐야 하는 등록은 무엇인가?,What is the registration that all citizens of conscription age must undergo in order to serve as sacred sentinels for the defense of the fatherland?,군사등록,military registration
사회주의헌법,Socialist Constitution,2012,우리 공화국을 인민대중중심의 사회주의나라로 강화발전시키신 위대한 수령 김일성동지의 좌우명은 무엇인가?,"What was the motto of the Great Leader Comrade Kim Il Sung, who strengthened and developed our Republic into a socialist country centered on the popular masses?",이민위천,the people are heaven
사회주의헌법,Socialist Constitution,2012,조선민주주의인민공화국은 전체 조선인민의 리익을 대표하는 어떤 성격의 국가인가?,What kind of state is the Democratic People’s Republic of Korea that represents the interests of all the Korean people?,사회주의국가,socialist state
사회주의헌법,Socialist Constitution,2012,우리 공화국이 자기 활동의 지도적지침으로 삼고있는 혁명사상은 주체사상과 무엇인가?,"What is the other revolutionary ideology, besides Juche idea, that our republic takes as its guiding principle for all its activities?",선군사상,Songun idea
사회주의헌법,Socialist Constitution,2012,국가가 인민민주주의독재를 강화하여 내외적대분자들의 파괴책동으로부터 인민주권과 사회주의제도를 굳건히 보위하기 위해 견지해야 하는 것이 무엇인가?,What must the state uphold in order to strengthen the people’s democratic dictatorship and firmly defend the people’s power and the socialist system from the destructive schemes of internal and external hostile elements?,계급로선,class line
사회주의헌법,Socialist Constitution,2012,근로인민대중이 모든것의 주인이며 사회의 모든것이 이들을 위해 복무하는 우리 사회제도의 본질적특성은 무엇인가?,"What is the essential characteristic of our social system, in which the working people are masters of everything and everything in society serves them?",사람중심,people-centered
사회주의헌법,Socialist Constitution,2012,국가는 사회주의건설을 최대한으로 다그치기 위하여 어떤 대중운동을 힘있게 벌리는가?,What mass movement does the State vigorously carry out in order to accelerate socialist construction to the maximum extent?,3대혁명붉은기쟁취운동,the Three Revolution Red Flag Campaign
사회주의헌법,Socialist Constitution,2012,"공화국 대외정책의 기본리념이며 대외활동의 원칙인 세 가지 요소는 자주, 평화와 무엇인가?","What is the third element, along with independence and peace, that constitutes the basic principle of the Republic’s foreign policy and the principle of its external activities?",친선,friendship
사회주의헌법,Socialist Constitution,2012,"우리 나라의 국가소유권은 제한이 없으며, 이 소유는 누구의 소유라고 규정되여 있습니까?",question: Our country’s state ownership has no limits; whose property is this ownership defined as?,전체 인민,the entire people
사회주의헌법,Socialist Constitution,2012,생산자대중의 집체적힘에 의거하여 경제를 과학적으로 관리운영하는 사회주의 경제관리형태는 무엇인가?,What is the socialist economic management form that scientifically manages and operates the economy based on the collective power of the producer masses?,대안의 사업체계,alternative business system
사회주의헌법,Socialist Constitution,2012,국가는 생산장성의 높은 속도를 보장하기 위해 인민경제계획의 일원화와 무엇을 실현하는가?,"What does the state realize, along with the unification of the national economic plan, in order to ensure a high rate of growth in production?",세부화,detailed refinement
사회주의헌법,Socialist Constitution,2012,우리 나라에서 현대과학기술발전추세에 맞게 실시하고있는 전반적의무교육의 기간은 몇 년인가?,What is the duration of the universal compulsory education being implemented in our country in line with the trend of development in modern science and technology?,12년,12 years
사회주의헌법,Socialist Constitution,2012,국가는 군대와 인민을 정치사상적으로 무장시키는 기초우에서 어떤 성격의 군사로선을 관철하는가?,"On what kind of military line does the state carry out, on the basis of politically and ideologically arming the army and the people,?",자위적군사로선,self-reliant military line
사회주의헌법,Socialist Constitution,2012,조선민주주의인민공화국이 자기 활동의 지도적지침으로 삼는 혁명사상은 무엇인가?,What is the revolutionary ideology that the Democratic People’s Republic of Korea takes as the guiding principle of its activities?,주체사상,Juche ideology
사회주의헌법,Socialist Constitution,2012,근로인민대중이 모든것의 주인으로 되고 사회의 모든것이 근로인민대중을 위하여 복무하는 사회제도는 무엇인가?,What is the social system in which the working people are the masters of everything and everything in society serves the working people?,사람중심의 사회제도 또는 사람중심 사회제도,a people-centered social system; people-centered social system
사회주의헌법,Socialist Constitution,2012,국가는 어떤 로선을 견지하여 인민민주주의독재를 강화하는가?,What line does the state uphold to strengthen the people’s democratic dictatorship?,계급로선,class line
사회주의헌법,Socialist Constitution,2012,조선민주주의인민공화국의 인민경제는 어떠한 경제인가?,What kind of economy is the people’s economy of the Democratic People’s Republic of Korea?,계획경제,planned economy
사회주의헌법,Socialist Constitution,2012,학교전의무교육 1년을 포함하여 실시하는 의무교육은 무엇인가?,"What is the compulsory education that is implemented, including one year of pre-school compulsory education?",12년제의무교육,12-year compulsory education
사회주의헌법,Socialist Constitution,2012,국가는 전반적무상치료제를 공고발전시키며 어떤 제도와 예방의학제도를 강화하여 사람들의 생명을 보호하며 근로자들의 건강을 증진시키는가?,What system and preventive medicine system does the state strengthen while consolidating and developing the overall free medical treatment system to protect people’s lives and promote workers’ health?,의사담당구역제,medical responsibility area system
사회주의헌법,Socialist Constitution,2012,공민의 권리와 의무가 기초하는 원칙은 무엇인가?,What principle do the rights and duties of citizens rest on?,집단주의원칙,collectivism principle
사회주의헌법,Socialist Constitution,2012,공민의 최대의 의무이며 영예로 규정된것은 무엇인가?,What is defined as the greatest duty and honor of a citizen?,조국보위,defense of the motherland
사회주의헌법,Socialist Constitution,2012,"조선민주주의인민공화국 사회주의헌법은 위대한 수령 김일성동지와 위대한 령
도자 김정일동지의 주체적인 국가건설사상과 국가건설업적을 법화하여 무엇이라고 하는가?","What is the name given to the socialist constitution of the Democratic People’s Republic of Korea (Chosŏn Minjujuŭi Inmin Konghwaguk), which legalizes the Juche-based ideas and achievements in state-building of the great Leader Comrade Kim Il Sung and the great Leader Comrade Kim Jong Il?",김일성-김정일헌법,the Kim Il Sung-Kim Jong Il Constitution
사회주의헌법,Socialist Constitution,2012,조선민주주의인민공화국이 의거하는 동맹은 무엇인가?,What alliance does the Democratic People's Republic of Korea (Chosŏn Minjujuŭi Inmin Konghwaguk) rely on?,로농동맹,workers-peasants alliance
사회주의헌법,Socialist Constitution,2012,"국가가 사회주의자립적민족경제건설로선을 틀어쥐고 인민경제의 주체화, 현대화, 과학화를 다그쳐 인민경
제를 고도로 발전된 주체적인 경제로 만들며 완전한 사회주의사회에 맞는 물질기술적토대를 쌓기 위하여 투쟁하는 경제를 무엇이라 하는가?","What is the economy called that the state firmly holds to the line of building a socialist self-reliant national economy and strives to accelerate the Juche-oriented, modernized, and scientific development of the people’s economy so as to make it a highly developed Juche-based economy and build the material and technical foundation suited to a fully socialist society?",자립적민족경제,self-reliant national economy
사회주의헌법,Socialist Constitution,2012,"조선민주주의인민공화국 무장력의 사명은 어떤 로선을 관철하여 혁명의 수뇌부를 보위하고 근로인민의 리익을 옹호하며 외래침략으로부터 사회주의제도와 혁명의 전취물, 조국의 자유와 독립, 평화를 지키는데 있는가?","What line does the mission of the armed forces of the Democratic People’s Republic of Korea consist in carrying out to defend the revolutionary headquarters, safeguard the interests of the working people, and protect the socialist system and the achievements of the revolution, as well as the freedom and independence of the fatherland and peace from foreign aggression?",선군혁명로선,Songun revolutionary line
사회주의헌법,Socialist Constitution,2012,자위적군사로선의 기본내용의 하나로서 전군을 현대화하는 방침은 무엇인가?,What is the policy of modernizing the entire army as one of the basic contents of the self-defensive military line?,전군현대화,the modernization of the entire army
사회주의헌법,Socialist Constitution,2012,조선민주주의인민공화국의 최고령도자를 무엇이라 일컫는가?,Who is the Supreme Leader of the Democratic People’s Republic of Korea?,국무위원장 또는 조선민주주의인민공화국 국무위원회 위원장.,Chairman of the State Affairs Commission; Chairman of the State Affairs Commission of the Democratic People's Republic of Korea.
사회주의헌법,Socialist Constitution,2012,최고인민회의 휴회중의 최고주권기관은 무엇인가?,What is the highest organ of state power during the recess of the Supreme People’s Assembly?,상임위원회,Standing Committee
사회주의헌법,Socialist Constitution,2012,공화국의 모든 국가기관들이 조직되고 운영될 때 반드시 견지하여야 하는 원칙은 무엇인가?,What principle must be consistently upheld when all state organs of the Republic are organized and operated?,민주주의중앙집권제,democratic centralism
사회주의헌법,Socialist Constitution,2012,"공화국이 사회주의의 완전한 승리를 이룩하기 위해 힘있게 벌려야 하는 혁명은 사상혁명, 기술혁명과 무엇인가?","What is the revolution that the Republic must vigorously carry out, along with the ideological revolution and the technological revolution, in order to achieve the complete victory of socialism?",문화혁명,Cultural Revolution
사회주의헌법,Socialist Constitution,2012,조선민주주의인민공화국에서 생산수단은 국가와 어떤 단체가 소유하는가?,"In the Democratic People’s Republic of Korea, the means of production are owned by the state and what organization?",사회협동단체 또는 협동단체,social cooperative organizations; cooperative organizations.
사회주의헌법,Socialist Constitution,2012,"공화국이 인민경제의 자립적토대를 공고히 하기 위해 실현하는 3대 목표는 주체화, 현대화와 무엇인가?","What are the three major goals that the Republic realizes in order to consolidate the self-supporting foundation of the people’s economy: Juche-oriented development, modernization, and what else?",과학화,scientization
사회주의헌법,Socialist Constitution,2012,국가는 생산성장의 높은 속도를 보장하기 위하여 인민경제계획의 세부화와 무엇을 실현하는가?,"What does the state implement, in order to ensure a high rate of production growth, by further detailing the national economic plan?",일원화,unification
조선민주주의인민공화국 주요경제지대들,Economic Zones of DPR Korea,2018,황해남도에서 록색제품생산 및 무역을 기본으로 하는 록색공업지구를 본보기로 창조한다고 한 시범구는 무엇인가? (반드시 공식 명칭 전체를 사용하여 답하시오.),What is the pilot zone that was said to create a model green industrial zone based on the production and trade of green products in Hwanghaenam-do?Use the full official name. Do not use abbreviations; ,강령국제록색시범구,Kangryeong International Green Model Zone
조선민주주의인민공화국 주요경제지대들,Economic Zones of DPR Korea,2018,"함경북도에 위치하고 면적이 1.91㎢이며 전자제품생산과 수산물가공, 피복가공, 식료가공업과 관광업을 결합한 경제개발구는 무엇인가? (반드시 공식 명칭 전체를 사용하여 답하시오.)","What is the economic development zone located in North Hamgyong Province (Hamgyŏngbukto), with an area of 1.91 km², that combines electronics production, seafood processing, garment processing, food processing, and tourism?Use the full official name. Do not use abbreviations; ",경원경제개발구,Kyongwon Economic Development Zone
조선민주주의인민공화국 주요경제지대들,Economic Zones of DPR Korea,2018,규정이 4장 31조로 구성되여있으며 경제개발구에서 출입하는 인원과 동식물 등을 검역한다고 밝힌 규정은 무엇인가? (반드시 공식 명칭 전체를 사용하여 답하시오.),"What is the name of the regulation that consists of 4 chapters and 31 articles and states that it quarantines personnel, animals, and plants entering and leaving the economic development zone?Use the full official name. Do not use abbreviations; ",경제개발구 검역규정,Quarantine Regulations for the Economic Development Zone
조선민주주의인민공화국 주요경제지대들,Economic Zones of DPR Korea,2018,규정이 11장 72조로 구성되여있으며 기업소득세의 세률을 결산리윤의 14%로 규정한 규정은 무엇인가? (반드시 공식 명칭 전체를 사용하여 답하시오.),What is the regulation that consists of 11 chapters and 72 articles and sets the enterprise income tax rate at 14% of the settlement profit?Use the full official name. Do not use abbreviations; ,경제개발구 세금규정,Economic Development Zone Tax Regulations
조선민주주의인민공화국 주요경제지대들,Economic Zones of DPR Korea,2018,규정이 4장 29조로 구성되여있으며 경제개발구에서 외화의 환자시세를 정하는 원칙을 밝힌 규정은 무엇인가? (반드시 공식 명칭 전체를 사용하여 답하시오.),What regulation is composed of 4 chapters and 29 articles and sets forth the principle for determining the exchange rate of foreign currency in the economic development zone?Use the full official name. Do not use abbreviations; ,경제개발구 외화관리규정,Regulations on Foreign Exchange Management in Economic Development Zones
조선민주주의인민공화국 주요경제지대들,Economic Zones of DPR Korea,2018,강원도의 일부 지역에 위치하며 면적이 225㎢이고 온천과 감탕자원을 리용한 휴식치료관광지와 력사문화관광지를 포함하는 국제관광특구는 무엇인가? (반드시 공식 명칭 전체를 사용하여 답하시오.),"What is the international tourism special zone located in some areas of Gangwon Province, with an area of 225 square kilometers, and including rest-and-treatment tourism sites and historical-cultural tourism sites utilizing hot springs and sapropel resources?Use the full official name. Do not use abbreviations; ",금강산국제관광특구,Mt. Kumgang International Tourism Special Zone
조선민주주의인민공화국 주요경제지대들,Economic Zones of DPR Korea,2018,"강원도에 위치하며 남북으로 60㎞, 동서로 40㎞의 넓은 지역을 차지하는 국제관광특구는 무엇인가? (반드시 공식 명칭 전체를 사용하여 답하시오.)",What is the international tourism special zone located in Kangwŏn-do that spans a wide area of 60 km from north to south and 40 km from east to west?Use the full official name. Do not use abbreviations; ,금강산국제관광특구,Mt. Kumgang International Tourism Special Zone
조선민주주의인민공화국 주요경제지대들,Economic Zones of DPR Korea,2018,"조선민주주의인민공화국의 첫 특수경제무역지대로서 중계무역과 수출가공, 금융, 봉사의 4대기둥을 가진 지대는 무엇인가? (반드시 공식 명칭 전체를 사용하여 답하시오.)","What is the zone that, as the first special economic and trade zone of the Democratic People's Republic of Korea, has the four pillars of transshipment trade, export processing, finance, and services?Use the full official name. Do not use abbreviations; ",라선경제무역지대,Rason Economic and Trade Zone
조선민주주의인민공화국 주요경제지대들,Economic Zones of DPR Korea,2018,자강도에서 문화유적을 비롯한 관광자원을 리용하여 벌등섬을 포함한 미타리지구에 관광과 무역을 결합한 국제봉사기지를 꾸리는것으로 계획된 경제개발구는 무엇인가? (반드시 공식 명칭 전체를 사용하여 답하시오.),"Which economic development zone is planned to establish an international service base combining tourism and trade in the Mt. Mita area, including Pyŏldŭng Islet, by utilizing tourism resources including cultural heritage in Jagang Province?Use the full official name. Do not use abbreviations; ",만포경제개발구,Manpo Economic Development Zone
조선민주주의인민공화국 주요경제지대들,Economic Zones of DPR Korea,2018,량강도에 위치하고 면적이 20㎢이며 백두산지구참관과 관광객들에 대한 종합봉사를 위주로 하는 국제관광특구는 무엇인가? (반드시 공식 명칭 전체를 사용하여 답하시오.),"What is the international tourist special zone located in Ryanggang Province (Ryanggang-do), covering an area of 20 km² and centered on comprehensive services for visitors to the Paektu Mountain area and tourists?Use the full official name. Do not use abbreviations; ",무봉국제관광특구,Mubong International Tourism Special Zone
조선민주주의인민공화국 주요경제지대들,Economic Zones of DPR Korea,2018,"평안북도에서 국제비행장과 국제항구, 도로망과 철도망을 새로 건설하여 세계적인 국제도시로 개발할 계획이라고 한 지대는 무엇인가? (반드시 공식 명칭 전체를 사용하여 답하시오.)","What is the area in Pyonganbuk-do that was said to be planned for development into a world-class international city by newly constructing an international airport and international port, as well as road and railway networks?Use the full official name. Do not use abbreviations; ",신의주국제경제지대,Sinuiju International Economic Zone
조선민주주의인민공화국 주요경제지대들,Economic Zones of DPR Korea,2018,평안북도에 위치하고 면적이 6.3㎢이며 농업과 축산을 결합한 고리형순환생산체계를 확립하고 현대농업과학연구기지를 배치하는 경제개발구는 무엇인가? (반드시 공식 명칭 전체를 사용하여 답하시오.),"What is the economic development zone located in Pyeonganbuk-do, covering an area of 6.3 km², that has established a ring-shaped circular production system combining agriculture and livestock breeding and is equipped with a modern agricultural science research base?Use the full official name. Do not use abbreviations; ",압록강경제개발구,Amnok River Economic Development Zone
조선민주주의인민공화국 주요경제지대들,Economic Zones of DPR Korea,2018,함경북도에서 남새와 화초생산을 위한 선진영농법도입과 속성축산기지를 고리형순환체계로 발전시킨다고 한 개발구는 무엇인가? (반드시 공식 명칭 전체를 사용하여 답하시오.),Which development zone in Hamgyŏngbuk-do was said to develop advanced farming methods for the production of vegetables and flowers and a rapid livestock production base into a circular loop system?Use the full official name. Do not use abbreviations; ,어랑농업개발구,Eorang Agricultural Development Zone
조선민주주의인민공화국 주요경제지대들,Economic Zones of DPR Korea,2018,함경북도에서 골프장과 민족음식점을 비롯한 봉사시설을 갖추어 외국인들에 대한 전문적인 휴식관광봉사를 기본으로 하는 개발구는 무엇인가? (반드시 공식 명칭 전체를 사용하여 답하시오.),What is the development zone in Hambyongbuk Province that has service facilities including a golf course and a national food restaurant and is based primarily on providing specialized leisure and tourism services for foreigners?Use the full official name. Do not use abbreviations; ,온성섬관광개발구,Onseong Islet Tourist Development Zone
조선민주주의인민공화국 주요경제지대들,Economic Zones of DPR Korea,2018,강원도의 일부 지역에 위치하고 개발총면적이 440㎢이며 생태환경이 절대적으로 보장되는 국제적인 휴양 및 치료관광과 력사유적관광을 업종으로 하는 중앙급경제개발구는 무엇인가? (반드시 공식 명칭 전체를 사용하여 답하시오.),"What is the central-level economic development zone that is located in some areas of Gangwon Province, has a total development area of 440 square kilometers, and operates international resort-and-treatment tourism and historical heritage tourism as its industries while absolutely ensuring the ecological environment?Use the full official name. Do not use abbreviations; ",원산-금강산국제관광지대,Wonsan-Kumgangsan International Tourist Zone
조선민주주의인민공화국 주요경제지대들,Economic Zones of DPR Korea,2018,"자강도에 위치하고 면적이 2.3㎢이며 광물자원가공과 목재가공, 기계설비제작을 기본으로 하는 공업개발구는 무엇인가? (반드시 공식 명칭 전체를 사용하여 답하시오.)","What is the industrial development zone located in Jagang-do, covering an area of 2.3 square kilometers, and based on mineral resource processing, wood processing, and machinery and equipment manufacturing?Use the full official name. Do not use abbreviations; ",위원공업개발구,Wiwon Industrial Development Zone
조선민주주의인민공화국 주요경제지대들,Economic Zones of DPR Korea,2018,평양시에서 연구개발­생산­판매가 일체화된 첨단기술개발구창설의 토대가 마련되였다고 한 개발구는 무엇인가? (반드시 공식 명칭 전체를 사용하여 답하시오.),"Which development zone was said to have laid the foundation for establishing an advanced technology development zone in Pyongyang-si (P'yŏngyang-si) where research and development, production, and sales are integrated?Use the full official name. Do not use abbreviations; ",은정첨단기술개발구,Eunjung Advanced Technology Development Zone
조선민주주의인민공화국 주요경제지대들,Economic Zones of DPR Korea,2018,"남포시에 위치하고 면적이 1.37㎢이며 원료와 자재를 수입하여 현대적인 기계와 전자, 경공업 및 화학제품을 생산수출하는 보세가공무역지대는 무엇인가? (반드시 공식 명칭 전체를 사용하여 답하시오.)","What is the bonded processing trade zone located in Nampo City, covering an area of 1.37 km², that imports raw materials and supplies and produces and exports modern machinery and electronics, light industrial goods, and chemical products?Use the full official name. Do not use abbreviations; ",진도수출가공구,Jindo Export Processing Zone
조선민주주의인민공화국 주요경제지대들,Economic Zones of DPR Korea,2018,평안북도에 위치하고 총면적이 20㎢이며 조선민속의 특색을 살리면서도 현대적인 관광봉사시설들을 구비한 관광개발구는 무엇인가? (반드시 공식 명칭 전체를 사용하여 답하시오.),"What is the tourist development zone located in Pyeonganbuk-do, with a total area of 20 km² and equipped with modern tourist service facilities while preserving the distinctive features of Korean folk culture?Use the full official name. Do not use abbreviations; ",청수관광개발구,Cheongsu Tourist Development Zone (Cheongsu Gwangwang Gaebalgu)
조선민주주의인민공화국 주요경제지대들,Economic Zones of DPR Korea,2018,"함경북도에 위치하고 면적이 5.4㎢이며 금속가공과 기계제작, 건재생산, 전자제품생산과 국제화물중계수송을 결합한 개발구는 무엇인가? (반드시 공식 명칭 전체를 사용하여 답하시오.)","What is the development zone located in Hambyŏngbuk Province, covering an area of 5.4 square kilometers, and combining metal processing, machinery manufacturing, building materials production, electronic goods production, and international cargo transit transport?Use the full official name. Do not use abbreviations; ",청진경제개발구,Chongjin Economic Development Zone
조선민주주의인민공화국 주요경제지대들,Economic Zones of DPR Korea,2018,강원도에 위치하고 면적이 2㎢이며 보세가공을 위주로 정보산업과 경공업을 기본으로 하면서 관광기념품생산업을 결합한 공업개발구는 무엇인가? (반드시 공식 명칭 전체를 사용하여 답하시오.),"What is the industrial development zone located in Kangwŏn-do, covering an area of 2 km², and combining bonded processing as its main focus with the information industry and light industry as its basis, along with the production of tourist souvenirs?Use the full official name. Do not use abbreviations; ",현동공업개발구,Hyeondong Industrial Development Zone
조선민주주의인민공화국 주요경제지대들,Economic Zones of DPR Korea,2018,"량강도에 위치하고 면적이 1㎢이며 수출가공과 현대농업, 관광휴양, 대외무역을 기본으로 하는 경제개발구는 무엇인가? (반드시 공식 명칭 전체를 사용하여 답하시오.)","What is the economic development zone located in Ryanggang Province, covering an area of 1 km², and based on export processing, modern agriculture, tourism and recreation, and foreign trade?Use the full official name. Do not use abbreviations; ",혜산경제개발구,Hyesan Economic Development Zone
조선민주주의인민공화국 주요경제지대들,Economic Zones of DPR Korea,2018,"평안북도의 일부 지역에 위치하고 정보산업과 경공업, 농업, 상업, 관광업을 기본으로 개발하는 종합적인 개발구는 무엇인가? (반드시 공식 명칭 전체를 사용하여 답하시오.)","What is the comprehensive development zone located in some areas of P'yŏnganbuk-to and developed based on the information industry, light industry, agriculture, commerce, and tourism?Use the full official name. Do not use abbreviations; ",황금평 또는 위화도경제지대,"Hwanggŭmphyeong, Wihwado Economic Zone"
조선민주주의인민공화국 주요경제지대들,Economic Zones of DPR Korea,2018,"강원도에 위치하며 고려말기부터 조선봉건왕조시기에 건설된 조계문, 응진전을 비롯한 50여채의 력사유적들이 보존된 지구는 어디인가? (반드시 공식 명칭 전체를 사용하여 답하시오.)","Which district is located in Kangwŏn Province and preserves more than 50 historical relics, including Chogye Gate and Ŭngjin Pavilion, which were built from the late Koryŏ period through the period of the Chosŏn feudal dynasty?Use the full official name. Do not use abbreviations; ",석왕사지구,Seokwangsa District
조선민주주의인민공화국 주요경제지대들,Economic Zones of DPR Korea,2018,평양시에 위치하며 국가과학원의 인적자원에 기초하여 지식경제시대의 요구에 맞는 첨단기술제품을 개발생산하는 개발구는 무엇인가? (반드시 공식 명칭 전체를 사용하여 답하시오.),What development zone is located in P'yŏngyang Municipality and develops and produces cutting-edge technological products suited to the requirements of the knowledge economy era based on the human resources of the State Academy of Sciences?Use the full official name. Do not use abbreviations; ,은정첨단기술개발구,Eunjung High-Tech Development Zone
조선민주주의인민공화국 주요경제지대들,Economic Zones of DPR Korea,2018,경제개발구에서 10년이상 운영하는 기업에 대하여 덜어주거나 면제하여주는 세금은 무엇인가?,What tax is reduced or exempted for enterprises that operate in an economic development zone for more than 10 years?,기업소득세,corporate income tax
조선민주주의인민공화국 주요경제지대들,Economic Zones of DPR Korea,2018,"국가는 하부구조건설부문과 첨단과학기술부문의 투자를 특별히 장려하며, 해당 기업에 대하여 토지위치선택의 우선권과 함께 무엇을 면제하여 주는가?","The State particularly encourages investment in the infrastructure construction sector and the advanced science and technology sector, and what does it exempt such enterprises from, along with priority in selecting land locations?",토지사용료,land use fee
조선민주주의인민공화국 주요경제지대들,Economic Zones of DPR Korea,2018,"경제개발구의 토지임대기간은 하부구조건설이나 대상의 특성에 따라 정해지는데, 법적으로 규정된 최고 기간은 몇 년인가?","What is the maximum legally prescribed lease term for land in an economic development zone, which is determined according to the construction of basic infrastructure or the characteristics of the project?",50년,50 years
조선민주주의인민공화국 주요경제지대들,Economic Zones of DPR Korea,2018,강원도에 위치하며 10여개의 스키주로와 야외스케트장을 갖춘 종합적인 스키장지구와 마식령호텔이 있는 지대는 어디인가? (반드시 공식 명칭 전체를 사용하여 답하시오.),"What area is located in Kangwŏn-do and has a comprehensive ski resort zone with about ten ski runs and an outdoor skating rink, as well as the Masikryŏng Hotel?Use the full official name. Do not use abbreviations; ",마식령스키장지구,Masikryong Ski Resort Area
조선민주주의인민공화국 주요경제지대들,Economic Zones of DPR Korea,2018,"강원도에 위치하며 고려말기부터 조선봉건왕조시기에 건설된 조계문, 응진전을 비롯한 50여채의 력사유적들이 보존된 지구는 어디인가? (반드시 공식 명칭 전체를 사용하여 답하시오.)","Which district, located in Kangwŏn-do and preserving more than 50 historical relics, including Chogyemun and Ŭngjintŏn, that were built from the late Koryŏ period to the Chosŏn feudal dynasty period, is it?Use the full official name. Do not use abbreviations; ",석왕사지구,Seokwangsa District (Seokwangsa jigu)
조선민주주의인민공화국 주요경제지대들,Economic Zones of DPR Korea,2018,"해당 경제무역지대 발전의 핵심으로서, 년간 1억t의 통과능력을 가진 종합적인 물류항으로 개건확장하려는 항구는 무엇인가? (반드시 공식 명칭 전체를 사용하여 답하시오.)","As the key to the development of the relevant economic and trade zone, which port is planned to be renovated and expanded into a comprehensive logistics port with an annual transit capacity of 100 million tons?Use the full official name. Do not use abbreviations; ",라진항,Rajin Port
정치사전,Dictionary of Politics,1985,"1937년 6월 4일 위대한 수령 김일성동지의 지휘밑에 조선인민혁명군 주력부대가 진행한 전투로, 이 전투의 승리는 우리 인민들에게 일제의 파쑈적식민지통치밑에서도 조선사람이 죽지 않고 살아 있으며 일제침략자들을 맞서 싸운다면 승리할수 있다는 굳은 신념을 안겨 주었으며 우리 나라 반일민족해방투쟁을 힘 있게 추동하였다. 이 전투는 무엇인가?","What was the battle fought on June 4, 1937, under the command of the Great Leader Comrade Kim Il Sung, by the main force of the Korean People’s Revolutionary Army, whose victory gave our people firm confidence that even under the fascist colonial rule of Japanese imperialism, Koreans were alive and could win if they fought against the Japanese aggressors, and powerfully propelled our country’s anti-Japanese national liberation struggle?",보천보전투,the Poch’eonbo Battle
정치사전,Dictionary of Politics,1985,1946년 11월 3일에 진행된 지방주권기관 구성을 위한 역사적인 행사는 무엇인가?,What was the historic event held on 3 November 1946 to form local power organs?,인민위원회위원선거,election of the People’s Committee members
정치사전,Dictionary of Politics,1985,1954년 평양에서 결성되어 해외 동포들의 권리를 옹호하는 단체는 무엇입니까?,"What organization, formed in Pyongyang in 1954, advocates for the rights of overseas compatriots?",조선민주법률가협회,Korean Democratic Lawyers Association (Chosonminju Popryulgahyeophoe)
정치사전,Dictionary of Politics,1985,406부대가 일본에서 간판을 바꾸어 달았던 명칭은 무엇입니까?,What was the name that Unit 406 changed its signboard to in Japan?,미륙군태평양의학연구소,U.S. Army Pacific Medical Research Institute
정치사전,Dictionary of Politics,1985,가나 제3공화국 창건 후 조직되어 정당 활동을 금지하고 국가를 지도한 기관은 무엇인가?,What was the institution organized after the founding of the Third Republic of Ghana that banned party activities and led the state?,림시국가방위리사회,Provisional National Defense Council
정치사전,Dictionary of Politics,1985,가나공화국이 대외적으로 실시하고 있는 독립적이며 평화적인 외교 노선은 무엇인가?,What is the independent and peaceful diplomatic line that the Republic of Ghana is pursuing externally?,쁠럭불가담정책,Non-Aligned Policy (Ppeulreokbulgadam jeongchaek)
정치사전,Dictionary of Politics,1985,가나의 수도이며 1981년 기준 인구 100만 명에 달하는 도시는 어디인가?,What city is the capital of Ghana and had a population of 1 million as of 1981?,아크라,Accra
정치사전,Dictionary of Politics,1985,가봉공화국에서 철도 대신 가장 조밀하게 배치되어 운수의 중요한 역할을 담당하는 시설은 무엇인가?,What facility is the most densely distributed in the Gabonese Republic and plays an important role in transportation instead of railways?,비행장,airfield
정치사전,Dictionary of Politics,1985,가이아나에서 '협동적사회주의' 건설을 위해 투쟁하는 집권당은 무엇인가?,"What is the ruling party in Guyana that is struggling to build ""cooperative socialism""?",인민민족대회당,People's Great Hall
정치사전,Dictionary of Politics,1985,가정성원들을 공산주의적으로 교양개조하여 가정을 혁명가의 집단으로 만드는 사업을 무엇이라 하는가?,What is the work called of ideologically remolding family members in a communist way to turn the family into a collective of revolutionaries?,가정혁명화,family revolutionization
정치사전,Dictionary of Politics,1985,가정에서 자녀들을 당과 수령을 위해 모든 것을 바쳐 싸우는 혁명가로 키우는 교육은 무엇인가?,What kind of education is it to raise children at home into revolutionaries who devote everything to fighting for the Party and the Leader?,사회주의가정교육,socialist family education
정치사전,Dictionary of Politics,1985,"개인주의와 리기주의를 극복하고 '하나는 전체를 위하여, 전체는 하나를 위하여' 살게 하는 사상은 무엇인가?","What ideology overcomes individualism and egoism and makes people live by the principle that “one for all, all for one”?",집단주의,collectivism
정치사전,Dictionary of Politics,1985,"경제건설과 국방건설을 동시에 내미는 노선은 사회주의, 공산주의 건설의 어떠한 요구인가?",What requirement of socialist and communist construction does the line of simultaneously advancing economic construction and defense construction meet?,합법칙적요구,law-governed requirements
정치사전,Dictionary of Politics,1985,광복 후 우리 나라에서 실시된 토지개혁의 원칙은 무엇인가?,What were the principles of the land reform implemented in our country after liberation?,무상몰수무상분배,free confiscation and free distribution
정치사전,Dictionary of Politics,1985,국가권력을 틀어쥐고 나라의 경제생활에 전면적으로 간섭하는 독점자본주의의 형태를 무엇이라 하는가?,What is the form of monopoly capitalism that seizes state power and intervenes comprehensively in the country’s economic life?,국가독점자본주의,state monopoly capitalism
정치사전,Dictionary of Politics,1985,기업소 운영에서 수입으로 지출을 보상할 뿐 아니라 국가에 이익을 주도록 하는 관리 방식은 무엇인가?,What is the management method that makes an enterprise not only cover its expenditures with its income but also bring profit to the state?,독립채산제,the independent accounting system
정치사전,Dictionary of Politics,1985,기업소들이 경영의 상대적 독자성을 가지고 수입으로 지출을 보상하며 국가에 리익을 주는 관리체계는 무엇인가?,"What is the management system in which enterprises have relative independence in management, compensate expenditures with income, and bring benefits to the state?",독립채산제,independent accounting system
정치사전,Dictionary of Politics,1985,"낡은 착취제도를 전복하고 사상, 기술, 문화의 락후성을 없애어 자주성을 완전히 실현하는 과업은 무엇입니까?","What is the task of overthrowing the old exploitative system and eliminating the backwardness in ideology, technology, and culture so as to fully realize independence?",인간해방,human liberation
정치사전,Dictionary of Politics,1985,남을 무조건 숭배하는 사대주의와 남의 것을 통째로 삼키려는 경향을 길잡이로 하여 침습하는 사상은 무엇인가?,What ideology is one that intrudes by taking as a guide the blind worship of others and the tendency to swallow up what belongs to others whole?,수정주의,revisionism
정치사전,Dictionary of Politics,1985,당원들과 근로자들 속에서 당의 유일사상체계를 세우기 위한 교양사업을 무엇이라 합니까?,What do you call the educational campaign to establish the Party’s monolithic ideological system among Party members and working people?,유일사상교양,monolithic ideological education
정치사전,Dictionary of Politics,1985,"당의 유일사상교양에 포함되는 내용 중 하나로, 당의 로선과 방침을 가르치는것은 무엇입니까?","Question: What is it that teaches the Party’s line and policies, as one of the contents included in the Party’s monolithic ideological education?",당정책교양,Party and state policy education
정치사전,Dictionary of Politics,1985,대외 관계에서 주권을 견지하며 어느 한 쁠럭에도 가담하지 않는 정책은 무엇인가?,What is the policy of upholding sovereignty in external relations and not joining any bloc?,쁠럭불가담정책,the policy of nonalignment
정치사전,Dictionary of Politics,1985,도시수공업 및 자본주의상공업과 그 담당자들을 사회주의적으로 개조하는 사회적변혁은 무엇인가?,"What is the social transformation that socialistly remolds urban handicraft industry and capitalist commerce and industry, as well as those who are engaged in them?",개인상공업의사회주의적개조,the socialist transformation of private commerce and industry
정치사전,Dictionary of Politics,1985,"라쌀주의자들이 주장한 것으로, 국가가 공민에게 평등한 권리를 보장해준다는 허황한 이론은 무엇인가?",What is the false theory claimed by the Lassalleans that the state guarantees equal rights to citizens?,자유인민국가론,theory of the free people's sovereign state
정치사전,Dictionary of Politics,1985,로동계급의 당사업에서 기본이 되며 광범한 대중을 당의 두리에 묶어 세우는 사업은 무엇인가?,What is the basic work in the Party work of the working class and the work of rallying the broad masses around the Party?,군중사업,mass work among the masses
정치사전,Dictionary of Politics,1985,"사람들을 교양하고 움직이기 위한 로동계급의 당의 조직정치사업으로, 로동계급의 당의 기본임무는 사람들을 교양하고 조직동원하여 수령의 혁명과업을 수행하는 것이다. 무엇인가?","As the organizational and political work of the Workers’ Party to educate and mobilize the people, the basic task of the Workers’ Party is to educate, organize, and mobilize the people to carry out the Supreme Leader’s revolutionary tasks. What is it?",사람과의 사업,business with people
정치사전,Dictionary of Politics,1985,"당원들과 근로자들 속에서 당의 유일사상체계를 세우기 위한 교양사업이며 여기에는 수령의 혁명사상교양 당정책교양
혁명전통교양 충실성교양이 포함된다. 이 사업은 무엇인가?","What is the educational work to establish the Party’s monolithic ideological system among Party members and working people, which includes education in the revolutionary ideology of the Leader, education in Party policies, education in revolutionary traditions, and education in loyalty?",사상교양사업,ideological education project
정치사전,Dictionary of Politics,1985,로동계급의 당이 군중 속에 깊이 들어가 그들의 요구를 파악하고 문제를 해결해주는 원칙은 무엇인가?,"What is the principle that the Party of the working class goes deep among the masses, understands their demands, and resolves their problems?",군중로선,mass line
정치사전,Dictionary of Politics,1985,로동계급의 당이 여러 계층의 사람들을 하나의 정치적력량으로 묶어 세워 혁명투쟁에 조직동원하는 사업은 무엇인가?,What is the work by which the party of the working class unites people from various strata into one political force and organizes and mobilizes them for the revolutionary struggle?,군중과의사업,work with the masses
정치사전,Dictionary of Politics,1985,몇몇 사람들끼리 무원칙한 정실관계를 맺고 서로 싸고돌면서 비조직적이며 비원칙적으로 행동하는 사상경향은 무엇인가?,"What is the ideological tendency of establishing unprincipled personal ties among a few people, shielding one another, and acting in an unorganized and unprincipled manner?",가족주의,familism
정치사전,Dictionary of Politics,1985,모든 사회 성원들을 로동계급의 사상으로 무장시켜 그들과 같게 만드는 과정은 무엇인가?,What is the process of arming all members of society with the working class’s ideology and making them the same as it?,로동계급화,working-class transformation
정치사전,Dictionary of Politics,1985,조선전쟁에서 참패한 미제가 조선정전협정체결과 관련하여 남조선을 계속 강점할 구실 이 없어 지게 되자 남조선을 영구히 강점할수 있는 새로운 구실 을 조작하며 조선문제의 평화적해결을 저해하고 필요한 때에는 조선정전협정을 파괴하고 또다시 조선에서 침략전쟁을 도발할 목적으로 남조선괴뢰 도당과 맺은 침략 조약을 남조선미국 000000이라고 한다. 무엇인가?,"What is the aggressive treaty concluded with the South Korean puppet clique by the U.S. imperialists, who were defeated in the Korean War and, once they lost their pretext for continuing to occupy South Korea in connection with the signing of the Korean Armistice Agreement, fabricated a new pretext to occupy South Korea permanently, obstruct the peaceful settlement of the Korea question, and, when necessary, destroy the Korean Armistice Agreement and provoke another aggressive war in Korea, called the South Korea-U.S. 000000?",호상방위조약,Mutual Defense Treaty
정치사전,Dictionary of Politics,1985,미제가 제2차 세계대전 후 유럽 나라들을 경제적으로 예속시키기 위해 실시한 계획은 무엇인가?,What plan did US imperialism implement to economically subjugate the European countries after World War II?,마샬안,Marshallian
정치사전,Dictionary of Politics,1985,민족부르죠아지들의 지도밑에 민족적독립을 이룩하기 위하여 벌리는 투쟁은 무엇인가?,What is the struggle waged under the leadership of the national bourgeoisie to achieve national independence?,부르죠아민족운동,bourgeois nationalist movement
정치사전,Dictionary of Politics,1985,"벨지끄의 수도이며, 네덜란드어와 프랑스어가 공용어로 쓰이는 도시는 어디인가?",Which city is the capital of Beljike (Belgium) and has Dutch and French as its official languages?,브류쎌,Brussels
정치사전,Dictionary of Politics,1985,"부모를 비롯한 어른들이 일상생활을 통하여 어린이들에게 사상과 지식, 성격의 기초를 닦아주는 교육 형태는 무엇인가?","What is the form of education in which adults, including parents, lay the foundations of ideology, knowledge, and character for children through everyday life?",가정교육,home education
정치사전,Dictionary of Politics,1985,"당사업, 사람과의 사업의 대상은 간부들과의 사업, 00들과의 사업, 군중과의 사업이다. 00에 들어갈 말은 무엇인가?","What word should fill in the blank in the sentence: “In Party work, the objects of work with people are work with cadres, work with 00, and work with the masses”?",당원,party member
정치사전,Dictionary of Politics,1985,사람과의 사업에서 견지해야 할 기본척도는 당과 수령에 대한 무엇입니까?,What is the fundamental standard that must be maintained in work with people regarding the Party and the Leader?,충실성,fidelity
정치사전,Dictionary of Politics,1985,당조직사업과 함께 당내부사업의 중요구성부분을 이루며 로동계급의 혁명적당 건설과 활동에서 중요한 자리를 차지하는 사업은 무엇인가?,"What is the work that, together with Party organization work, constitutes an important component of internal Party work and occupies an important place in the construction and activities of the revolutionary party of the working class?",당사상사업,Party ideological work
정치사전,Dictionary of Politics,1985,사람들을 공산주의적으로 교양개조하기 위한 사업을 무엇이라 합니까?,What is the work called that aims to educate and transform people in a communist way?,인간개조사업,human remolding project
정치사전,Dictionary of Politics,1985,"사람들을 공산주의혁명가로 교양개조하는 사업은 주체사상교양, 충실성교양, 유일사상교양과 계급교양,혁명교양, 공산주의 교양 등 000000을 중요내용으로 한다. 빈 칸에 들어갈 내용이 무엇인가?","The work of educating and remolding people into communist revolutionaries takes as its important content the 000000 comprising Juche idea education, loyalty education, education in the monolithic ideology, and class education, revolutionary education, and communist education. What should go in the blank?",사상교양사업,ideological education work
정치사전,Dictionary of Politics,1985,"인민대중의 자주성을 위한 투쟁의 중요한 구성부분으로, 인민대중이 낡은 사상과 문화의 구속에서 벗어 나 자주적인 생활을 누릴수 있는 사상문화적조건을 마련하는 사업을 무엇이라 하는가?","What is the name of the work that, as an important component of the struggle for the independence of the masses of the people, creates the ideological and cultural conditions for the masses of the people to free themselves from the restraints of old ideas and culture and enjoy an independent life?",인간개조,human remolding
정치사전,Dictionary of Politics,1985,사람에 대한 완벽한 해명을 준 철학적 사상은 무엇입니까?,What philosophical thought has given a complete explanation of the human being?,주체철학,Juche philosophy
정치사전,Dictionary of Politics,1985,사법기관의 근본사명 중 하나는 인민정권과 무엇을 침해로부터 지키는것입니까?,"What, as one of the fundamental missions of the judicial organs, is to be protected from infringement together with the people’s power?",사회주의제도,the socialist system
정치사전,Dictionary of Politics,1985,사법기관이 경제관리질서를 침해하는 현상과 맞서 싸우는 리유는 무엇을 보장하기 위함입니까?,"What is the reason for the judicial organs to fight against the phenomenon of infringing upon the economic management order, and what is it intended to guarantee?",당경제정책관철,implementation of the Party's economic policy
정치사전,Dictionary of Politics,1985,사법기관은 경제관리질서를 침해하는 현상들과 국가재산과 사회협동단체의 재산을 0000하는 현상들과 강한 투쟁을 벌림으로써 당경제정책관철을 보장한다. 빈 칸에 들어갈 말은 무엇인가?,What word should go in the blank in the sentence: “The judicial organ ensures the implementation of the Party’s economic policy by waging a strong struggle against phenomena that infringe upon the economic management order and phenomena that 0000 state property and the property of social cooperative organizations”?,탐오랑비,Greed and extravagance
정치사전,Dictionary of Politics,1985,"사법활동에서 나서는 중요한 원칙으로서, 이것과 군중로선을 옳게 결합시켜야 한다고 합니다. 무엇입니까?","As an important principle in judicial work, it is said that this must be correctly combined with the mass line. What is it?",계급로선,class line
정치사전,Dictionary of Politics,1985,"사상, 기술, 문화의 3대혁명을 새로운 높은 단계에서 벌리기 위해 발기된 운동은 무엇입니까?","What is the movement that was initiated to carry out the three revolutions in ideology, technology, and culture at a new, higher stage?",3대혁명붉은기쟁취운동,the Three-Revolution Red Flag Movement
정치사전,Dictionary of Politics,1985,사상개조가 옳게 되었는가를 검증하는 유일한 기준은 무엇입니까?,What is the only criterion for verifying whether ideological remolding has been carried out correctly?,혁명적실천,revolutionary practice
정치사전,Dictionary of Politics,1985,사상개조사업을 성과적으로 벌리기 위해 없애야 하는 사업방식은 무엇입니까?,What work method must be eliminated in order to carry out the ideological remolding campaign successfully?,행정식방법,administrative method
정치사전,Dictionary of Politics,1985,사상개조에서 기본은 무엇을 세우는것입니까?,What is the fundamental thing to establish in ideological remolding?,혁명적세계관 또는 혁명관,"revolutionary worldview, revolutionary view of the world"
정치사전,Dictionary of Politics,1985,혁명관이 바로 선 공산주의혁명가가 되자면 첫째로 무엇을 강화하여야 하는가?,"question: To become a communist revolutionary with a firm revolutionary outlook, what should be strengthened first?",혁명적학습,revolutionary study
정치사전,Dictionary of Politics,1985,"사상관점이 사람들의 활동방식과 사업작풍, 그리고 무엇을 규제합니까?","What does the ideological viewpoint regulate in people’s mode of activity and business style, and what else does it regulate?",생활기풍,lifestyle and work style
정치사전,Dictionary of Politics,1985,"로동계급의 혁명적당의 사상교양사업은 그 형식에 따라 여러가지로 구분된다. 여기에서 특히 중요한것은 원리교양, 긍정감화교양, 또 하나는 무엇인가?","Question: The ideological education work of the revolutionary party of the working class is divided into various types according to its form. Among them, what is especially important: principle education, positive example education, and what is the other one?",덕성교양,moral character education
정치사전,Dictionary of Politics,1985,사람들의 론리적사유를 계발시켜 그들이 수령의 사상과 그 구현인 당의 로선과 정책을 리론적으로 깊이 있게 인식하도록 하는 사상교양사업을 무엇이라 하는가?,What do we call the ideological education work that develops people’s logical thinking so that they can theoretically and deeply recognize the leader’s ideology and the Party’s line and policies as its realization?,원리교양,ideological education
정치사전,Dictionary of Politics,1985,"당원들과 근로자들을 당의 유일사상, 수령의 혁명사상으로 무장시키기 위한 사상교양사업을 무엇이라 하는가?",What is the ideological education work called that is aimed at arming Party members and working people with the Party’s sole ideology and the leader’s revolutionary ideology?,유일사상교양,monolithic ideological education
정치사전,Dictionary of Politics,1985,"공산주의적인간육성을 위한 사상교양의 필수적구성부분의 하나로, 낡은 도덕관념을 없애고 공산주의도덕의식으로 무장시키기 위한 교양을 무엇이라 하는가?","What is the education called that eliminates old moral notions and equips people with communist moral consciousness, as one of the essential components of ideological education for molding communist human beings?",공산주의도덕교양,communist moral education
정치사전,Dictionary of Politics,1985,사상교양사업의 형식 중 긍정적인 모범으로 사람들을 감동시키는 방법은 무엇입니까?,What is the method of moving people by means of positive examples among the forms of ideological education work?,긍정감화교양,positive ideological education
정치사전,Dictionary of Politics,1985,사상론에 의하면 사람의 모든 행동을 규제하고 조절통제하는것은 무엇입니까?,"According to the theory of ideology, what is it that regulates, adjusts, and controls all of a person’s actions?",사상의식,ideological consciousness
정치사전,Dictionary of Politics,1985,사상론이 내세우는 '사상'은 본질적으로 누구의 혁명사상입니까?,Whose revolutionary ideology is the “ideology” advocated by the Theory of Ideology essentially?,수령,the leader
정치사전,Dictionary of Politics,1985,혁명투쟁과 건설사업에서 사람들의 사상이 기본이며 사람들의 사상에 의하여 모든것이 결정된다는 리론을 무엇이라 합니까?,"What is the theory that in revolutionary struggle and construction work, people’s ideology is fundamental and everything is determined by people’s ideology?",사상론,ideological theory
정치사전,Dictionary of Politics,1985,사상의식이 혁명운동에 참가하는 사람들의 행동에서 규제하는 성격은 무엇입니까?,What is the regulatory character of ideological consciousness in the behavior of people who participate in the revolutionary movement?,계급적성격,class character
정치사전,Dictionary of Politics,1985,생산수단과 생산물이 전체 인민의 공동소유로 되고 있는 사회주의적소유의 기본형태는 무엇인가?,What is the basic form of socialist ownership in which the means of production and products are collectively owned by the entire people?,전인민적소유 또는 전 인민적소유 또는 전민소유,"all-people ownership, all-people ownership, all-people ownership"
정치사전,Dictionary of Politics,1985,사회주의 국가에서 기업소의 관리 운영을 과학적으로 하기 위해 도입한 경제적 도구는 무엇인가?,What economic tool was introduced to scientifically manage and operate enterprises in a socialist country?,독립채산제,independent accounting system
정치사전,Dictionary of Politics,1985,사회주의 사회에서 가정을 혁명의 세포로 꾸리기 위한 사업은 무엇인가?,What work is it to build the family as the cell of the revolution in a socialist society?,가정혁명화,family revolutionization
정치사전,Dictionary of Politics,1985,사회주의 사회에서 모든 사람들이 서로 돕고 이끄는 공산주의적 도덕의 기초는 무엇인가?,"What is the basis of communist morality, in which all people in socialist society help and lead one another?",집단주의적원칙 또는 집단주의원칙,"collectivist principle, collectivist principle"
정치사전,Dictionary of Politics,1985,사회주의 사회에서 사람들의 사상을 개조하고 기술과 문화를 발전시키는 3가지 과업은 무엇인가?,What are the three tasks of remolding people’s thinking and developing technology and culture in a socialist society?,3대혁명,the Three Revolutions
정치사전,Dictionary of Politics,1985,사회주의 제도에서 사람들의 머릿속에 남아 있는 낡은 사상의 찌꺼기를 무엇이라 하는가?,What do we call the remnants of old ideas that remain in people’s minds under the socialist system?,사상잔재,ideological remnants
정치사전,Dictionary of Politics,1985,사회주의사회에서 낡은 사회의 유물을 없애기 위해 전개되는 3대혁명은 무엇입니까?,What are the Three Revolutions (samdae hyŏngmyŏng) carried out in a socialist society to eliminate the remnants of the old society?,사상기술문화혁명,"the ideological, technological, and cultural revolution"
정치사전,Dictionary of Politics,1985,"사람들의 사상의식령역에서 낡은 사회의 유물을 종국적으로 없애고 모든 근로자들을 선진적인 로동계급의 사상, 공산주의사상으로 무장시키기 위한 투쟁이며 착취계급이 청산된 사회주의사회에서 벌어 지는 계급투쟁의 기본형식을 무엇이라 하는가?","What is the basic form of the class struggle carried out in a socialist society where the exploiting classes have been eliminated, as a struggle to finally eradicate the vestiges of the old society from the realm of people’s ideological consciousness and to arm all working people with the advanced ideas of the working class and communist ideology?",사상개조,ideological remolding
정치사전,Dictionary of Politics,1985,생산수단이 전사회적범위에서 국가의 소유로 된 사회주의적 소유형태는 무엇입니까?,What is the socialist form of ownership in which the means of production are owned by the state on a society-wide scale?,전인민적소유 또는 전민소유,"all-people ownership, all-nation ownership"
정치사전,Dictionary of Politics,1985,"온 사회를 혁명화, 로동계급화하기 위해 각 직장에서 벌리는 대중적 혁명운동은 무엇인가?",What is the mass revolutionary movement carried out in each workplace to revolutionize and proletarianize the whole society?,3대혁명붉은기쟁취운동,the Three Revolutions Red Flag Campaign
정치사전,Dictionary of Politics,1985,온 사회의 주체사상화위업을 완성하기 위해 모든 분야에서 구현해야 할것은 무엇입니까?,What must be implemented in all fields in order to complete the cause of modeling the whole society on the Juche idea?,주체사상,Juche idea
정치사전,Dictionary of Politics,1985,외교관계를 맺은 국가들 사이에 상호 파견하는 최고 등급의 외교대표부 관계는 무엇인가?,What is the relationship of the highest-ranking diplomatic missions mutually dispatched between countries that have established diplomatic relations?,대사급외교관계,ambassador-level diplomatic relations
정치사전,Dictionary of Politics,1985,우리 나라에서 1946년 8월에 실시되어 전인민적소유의 기초가 된 법령은 무엇입니까?,What decree was implemented in our country in August 1946 and became the basis of all-people ownership?,중요산업국유화법,the Law on the Nationalization of Important Industries
정치사전,Dictionary of Politics,1985,"위대한 수령님께서 창조하신 것으로, 상급기관이 하급기관을 도와주는 공산주의적 사업방법은 무엇인가?","What is the communist method of work, created by the Great Leader, in which higher-level organs help lower-level organs?",청산리방법,Cheongsanri method
정치사전,Dictionary of Politics,1985,위대한 수령님께서 항일혁명투쟁 시기에 창조하신 새로운 혁명적이며 공산주의적인 사업방법은 무엇인가?,What is the new revolutionary and communist method of work created by the Great Leader during the anti-Japanese revolutionary struggle?,항일유격대식사업방법,the anti-Japanese guerrilla style of work method
정치사전,Dictionary of Politics,1985,인민대중을 중심에 놓고 혁명에 대하는 관점과 립장을 무엇이라 합니까?,What is the viewpoint and stand toward the revolution with the people’s masses placed at the center?,주체의혁명관,the Juche view of revolution
정치사전,Dictionary of Politics,1985,인민위원회 선거를 통해 인민이 주인이 된 권력을 세우는 사업의 명칭은 무엇인가?,What is the name of the work of establishing the power in which the people become the masters through the people’s committee elections?,주권기관창건 또는 주권기관창설,"the founding of state power organs, the establishment of state power organs"
정치사전,Dictionary of Politics,1985,자국 상품의 생산을 보호하고 상품수출을 확대하기 위해 실시하는 자본주의 나라의 무역정책은 무엇인가?,What is the trade policy of a capitalist country implemented to protect domestic production and expand merchandise exports?,보호무역정책,protectionist policy
정치사전,Dictionary of Politics,1985,자본주의 경제에서 생산수단을 개인이 소유하고 리득을 독차지하는 제도는 무엇인가?,What is the system in which individuals own the means of production and monopolize profits in a capitalist economy?,사적소유제도,private ownership system
정치사전,Dictionary of Politics,1985,자본주의 국가에서 독점자본이 국가권력과 결합하여 경제를 지배하는 체제는 무엇인가?,What is the system in which monopoly capital combines with state power to dominate the economy in a capitalist country?,국가독점자본주의,state monopoly capitalism
정치사전,Dictionary of Politics,1985,국가독점자본주의에 기초하고 신식민주의에 의거하고 있으며 미제를 우두머리로 하여 종속적으로 재편성되고 급속히 내리막길을 걸으면서 최후발악을 하고 있는 제국주의가 무엇인가?,"What imperialism is based on state monopoly capitalism, grounded in neocolonialism, subordinately reorganized with U.S. imperialism as the ringleader, and now making a final desperate struggle while rapidly going downhill?",현대제국주의,modern imperialism
정치사전,Dictionary of Politics,1985,자본주의 나라에서 로동계급의 빈궁의 원인이 인구 증대에 있다고 주장한 반동적 리론은 무엇인가?,What is the reactionary theory that claimed the cause of the poverty of the working class in capitalist countries lies in population growth?,임금철칙론,the theory of strict adherence to wages and rules
정치사전,Dictionary of Politics,1985,자본주의 무역에서 자기 나라의 취약한 산업을 보호하기 위해 높은 관세를 부과하는 정책은 무엇인가?,What is the policy of imposing high tariffs to protect a country’s vulnerable industries in capitalist trade?,보호관세제도,protective tariff system
정치사전,Dictionary of Politics,1985,소수 자본가계급들에만 자유와 권리를 주고 절대다수 근로자들에게는 빈궁과 무권리를 강요하는 착취를 무엇이라 하는가?,What is the exploitation called that grants freedom and rights only to a small capitalist class and forces poverty and disenfranchisement upon the absolute majority of workers?,자본주의적착취,capitalist exploitation
정치사전,Dictionary of Politics,1985,제국주의 나라들이 다른 나라의 경제를 예속시키기 위해 베푸는 소위 '도움'의 본질은 무엇인가?,"What is the essence of the so-called ""aid"" that imperialist countries provide in order to subjugate the economies of other countries?",침략적원조,aggressive aid
정치사전,Dictionary of Politics,1985,제국주의와 식민주의를 반대하여 투쟁하는 신흥세력나라 인민들과 체육인들간의 친선과 단결을 강화하기 위한 체육경기대회의 준말은 무엇인가?,What is the abbreviation for the sports competition held to strengthen friendship and solidarity between the people and athletes of emerging countries that are fighting against imperialism and colonialism?,가네포,Ganepo
정치사전,Dictionary of Politics,1985,"조국광복회 10대강령에서 천명한 것으로, 제국주의식민지통치자들과 예속자본가들의 소유였던 경제의 기본명맥을 수탈하여 로동계급국가의 소유로 넘기는 사회경제적개혁은 무엇인가?","What is the socioeconomic reform proclaimed in the 10-Point Program of the Korean National Liberation Front (Joguk Gwangbokhoe) that seizes the basic lifeline of the economy, which had been owned by imperialist colonial rulers and dependent capitalists, and transfers it into the ownership of the working-class state?",중요산업국유화,nationalization of major industries
정치사전,Dictionary of Politics,1985,"중간계층에 속하는 사람들을 의미하며, 사적소유자라는 특성을 가진 이 계층을 무엇이라 부르는가?","What is the name of this class, which refers to people belonging to the middle strata and has the characteristic of private property owners?",간층,intermediate layer
정치사전,Dictionary of Politics,1985,중앙재판소가 자기 사업에 대하여 책임져야 하는 국가기관 중 하나는 무엇입니까?,What is one of the state organs that the Central Court must be responsible to for its own work?,중앙인민위원회,Central People's Committee
정치사전,Dictionary of Politics,1985,혁명 군대와 인민이 한마음 한뜻으로 뭉쳐 적을 물리치는 고귀한 전통은 무엇인가?,What is the noble tradition in which the revolutionary army and the people unite as one in heart and mind to defeat the enemy?,군민일치,military-civil unity
정치사전,Dictionary of Politics,1985,"혁명 투쟁에서 기본이 되는 군중으로, 당이 의거하고 있는 계급적 지반은 무엇인가?","What is the class basis on which the Party relies, as the mass that serves as the foundation in the revolutionary struggle?",기본군중 또는 로동계급 또는 로동자 또는 농민,"the basic masses, the working class, workers, peasants"
정치사전,Dictionary of Politics,1985,사회생활과 사회적실천활동에서 나타나는 공산주의자들의 기풍과 모습을 무엇이라 하는가?,What is the spirit and appearance of communists as shown in social life and social practical activities?,공산주의적풍모,communist traits
정치사전,Dictionary of Politics,1985,"혁명교양, 공산주의교양에서 기본이 되는 교양은 무엇입니까?",What is the basic education in revolutionary education and communist education?,계급교양,class education
정치사전,Dictionary of Politics,1985,혁명대렬 내부에서 적대분자들이 혁명가로 가장하여 파괴활동을 벌리는 책동을 무엇이라 하는가?,"What is the name of the scheme by which hostile elements, disguised as revolutionaries, carry out destructive activities within the revolutionary ranks?",분렬리간책동,split-and-disintegrate activities
정치사전,Dictionary of Politics,1985,혁명적 군중관점을 세우고 군중 속에 들어가 그들과 생사고락을 같이하는 사업방법은 무엇인가?,"What is the method of work that establishes a revolutionary mass viewpoint and goes among the masses to share life and death, joy and sorrow with them?",군중로선,mass line
정치사전,Dictionary of Politics,1985,혁명조직 안에서 한 성원처럼 지내며 무원칙하게 결함을 묵과하는 태도는 무엇인가?,What is the attitude of living like just one member within a revolutionary organization and unprincipledly overlooking shortcomings?,가족주의,familism
정치사전,Dictionary of Politics,1985,현실을 대하는 가장 옳바른 사상관점은 주체적인 사상관점과 무엇입니까?,"What is the most correct ideological viewpoint in dealing with reality, along with the Juche-oriented ideological viewpoint?",로동계급의사상관점,the working class’s ideological viewpoint
경제사전,Dictionary of Economics,1985,1980년 10월에 조직되여 기술혁신사업에서 속도전의 원칙을 구현하며 인민경제의 주체화를 다그치는 기술혁신대오는?,What was the technical innovation team organized in October 1980 to implement the principle of speed campaign in technical innovation work and accelerate the Jucheization of the people’s economy?,4.15기술혁신돌격대,4.15 Technical Innovation Shock Brigade
경제사전,Dictionary of Economics,1985,"가격균형을 바로 잡는 객관적기초로서, 매개 상품의 생산에 지출된 로동의 크기를 나타내는 척도는 무엇인가?",What is the measure that indicates the amount of labor expended in the production of intermediary goods as the objective basis for correcting price equilibrium?,사회적필요로동지출,socially necessary labor expenditure
경제사전,Dictionary of Economics,1985,위대한 수령 김일성동지께서 독창적으로 내놓으신 가격제정방침으로 국가가격제정기관의 통일적인 지도밑에 가격사업의 유일성을 보장하는것은 무엇인가?,"What is the policy of price setting, originally put forward by the great Leader Comrade Kim Il Sung, that ensures the unity of price work under the unified guidance of the state price-setting organ?",가격의 일원화 또는 가격의일원화방침,"unification of prices, policy of unifying prices"
경제사전,Dictionary of Economics,1985,가격을 제정할 때 가치에 기초하면서도 인민생활향상을 위하여 의도적으로 가격을 가치보다 낮게 정하는 정책적 고려를 무엇인가?,"What is the policy consideration of deliberately setting prices below value for the purpose of improving the people’s living standard, while basing them on value when setting prices?",가격정책,pricing policy
경제사전,Dictionary of Economics,1985,"가격균형을 잘 맞추기 위한 조건으로, 서로 대비되는 제품부류를 옳게 규정하는 것, 그리고 000000을 정확히 설정하는 것이 있다. 빈 칸은 무엇인가?","What is the blank in the statement, “As conditions for properly balancing price equilibrium, there are correctly defining mutually contrasting product categories and accurately setting 000000”?",대비기준품종,comparison standard variety
경제사전,Dictionary of Economics,1985,가격을 표시하기 위하여 정해진 화페의 명칭과 그에 포함된 금의 량을 법적으로 규정한것은 무엇인가?,What is the legal regulation that fixes the name of the currency and the amount of gold contained in it for the purpose of indicating prices?,가격표준 또는 가격기준,"price standard, price criterion"
경제사전,Dictionary of Economics,1985,국가가 경제관리개선과 인민생활향상을 위하여 가치법칙을 목적의식적으로 리용하는 중요한 형태의 하나로 같은 물건에 대하여 서로 다르넥 설정된 가격들사이의 차액은 무엇인가?,"What is the difference between the differently set prices for the same commodity, as one of the important forms in which the state consciously uses the law of value for improving economic management and the people’s living standard?",가격편차금,price differential fund
경제사전,Dictionary of Economics,1985,국가가 상업 기관을 통해 인민들에게 소비품을 파는 활동은?,What is the activity in which the state sells consumer goods to the people through commercial institutions?,사회주의상업,socialist commerce
경제사전,Dictionary of Economics,1985,"사회의 주인인 근로대중의 요구에 맞게 그들이 논 역할에 따라 근로자들사이에 이루어 지는 소비재의 분배, 즉 국가가 생산물분배에서 로동의 량과 질에 따라 분배하는 원칙은 무엇인가?","What is the principle by which consumer goods are distributed among workers according to the roles they have played, in line with the demands of the working masses, who are the masters of society, that is, the principle that the state distributes products according to the quantity and quality of labor in product distribution?",사회주의분배원칙,socialist distribution principle
경제사전,Dictionary of Economics,1985,국가가 알곡수매계획에 따라 농민들로부터 농산물을 사들일 때 지불하는 화페적 대가는 무엇인가?,What is the monetary compensation paid by the state when it purchases agricultural products from farmers in accordance with the grain procurement plan?,수매가격,procurement price
경제사전,Dictionary of Economics,1985,"수자로 표시된 계획과제의 규모이며, 예비수자를 참작해서 작성한 통제수자에 기초하여 세우는 것은 무엇인가?","What is the scale of the plan task indicated by numbers, and what is it that is established based on control figures prepared taking into account the reserve figures?",계획수자,planner
경제사전,Dictionary of Economics,1985,"국가가격제정기관의 통일적인 지도밑에 가격사업의 유일성을 보장하는것이며, 가격을 과학적으로 배정할 수 있게 하는 것은 무엇인가?",What is it that guarantees the unity of price work and enables prices to be scientifically set under the unified guidance of the state price-setting organ?,가격의 일원화,unification of prices
경제사전,Dictionary of Economics,1985,사회주의사회에서 국가가 가격을 계획적으로 제정 및 개정하며 그의 정확한 적용을 조직지도하는 사업은 무엇인가?,What is the work in a socialist society whereby the state plans and revises prices and organizes and guides their accurate application?,가격계획화,price planning
경제사전,Dictionary of Economics,1985,농업과학연구사업과 선진영농기술보급사업을 진행하며 연구소들의 과학연구사업을 보장하는 기관은 무엇인가?,What institution carries out agricultural science research projects and advanced farming technology dissemination projects and ensures the scientific research activities of the research institutes?,농사시험장,agricultural test station
경제사전,Dictionary of Economics,1985,기업소가 국가로부터 받은 고정자산을 리용하여 생산을 진행하는 과정에서 발생하는 자산의 가치 감소분을 화페적으로 보상하는것은 무엇인가?,What is the monetary compensation for the decrease in the value of assets that occurs in the process of production by an enterprise using fixed assets received from the state?,감가상각금,depreciation fund
경제사전,Dictionary of Economics,1985,기업소가 국가로부터 받은 생산수단을 리용하여 경영활동을 독자적으로 진행하는 제도는?,What is the system in which an enterprise carries out its management activities independently by using the means of production it received from the state?,독립채산제,independent accounting system
경제사전,Dictionary of Economics,1985,기업소가 국가에 내야 할 리윤 중 일부를 자체의 생산 확대와 후생시설 운영을 위해 남겨두는 자금은 무엇인가?,What is the fund that an enterprise leaves behind from part of the profit it has to turn over to the state for expanding its own production and operating welfare facilities?,기업소기금,enterprise fund
경제사전,Dictionary of Economics,1985,기업소경영에서 원가와 리윤을 계산하여 수익성을 높이도록 하는 관리방법은 무엇인가?,What is the management method in enterprise management that calculates costs and profits to increase profitability?,독립채산제,independent accounting system
경제사전,Dictionary of Economics,1985,"사회주의국가가 재정은행기관들을 통하여 수입금을 받아 들이며 자금을 공급하는 과정에 기관, 기업소의 경영활동에 대하여 실시하는 화페적통제는 무엇인가?",What is the monetary control that socialist states exercise over the management activities of institutions and enterprises in the process of receiving revenue and supplying funds through financial and banking institutions?,재정통제,financial control
경제사전,Dictionary of Economics,1985,서로 돕고 이끌면서 앞서기를 겨루어 집단의 사업을 앙양시키는것을 통하여 전반적인 사회주의건설을 추동하는 대중운동은 무엇인가?,What is the mass movement that drives the overall socialist construction by encouraging collective work and competition to advance the work of the group while helping and leading one another?,사회주의경쟁,socialist competition
경제사전,Dictionary of Economics,1985,기업소에서 생산을 정상화하기 위해 항상 보유하고 있어야 할 자재의 량은?,What amount of materials must an enterprise always keep in stock in order to normalize production?,자재예비,material reserve
경제사전,Dictionary of Economics,1985,기업소의 경영실적을 평가할 때 제품의 수량뿐만 아니라 질적 지표를 중시하는 평가 방식은 무엇인가?,What is the evaluation method that emphasizes not only the quantity of products but also qualitative indicators when assessing an enterprise’s management performance?,지표별계획,by indicator plan
경제사전,Dictionary of Economics,1985,"나라의 경제를 다른 나라에 의존하지 않고 자기의 자원과 기술, 자기의 민족간부들에 의거하여 발전시키는 경제는 무엇인가?","What is the economy that develops the country’s economy by relying on its own resources and technology, and on its own national cadres, without depending on other countries?",자립적민족경제,an independent national economy
경제사전,Dictionary of Economics,1985,나라의 경제적 독립을 실현하기 위한 주체적인 경제 건설 로선은?,What is the Juche line of economic construction for realizing the country’s economic independence?,자립적민족경제,self-supporting national economy
경제사전,Dictionary of Economics,1985,국가가 자기의 기능을 수행하는데 필요한 화페자금을 중앙집중적으로 형성하고 분배하는 재정활동의 기본형태는 무엇인가?,What is the basic form of fiscal activity by which the state centrally forms and distributes the monetary funds necessary for carrying out its functions?,국가예산,state budget
경제사전,Dictionary of Economics,1985,낡은 기술을 새로운 선진기술로 교체하여 생산력을 비약적으로 높이는 과정은 무엇인가?,What is the process of replacing outdated technology with new advanced technology to dramatically increase productive forces?,기술적진보,technological progress
경제사전,Dictionary of Economics,1985,화페를 매개로 하여 련속적과정으로 이루어 지는 상품교환의 발전된 형태는 무엇인가?,What is the developed form of commodity exchange carried out as a continuous process through money as the medium?,상품류통,Commodity circulation
경제사전,Dictionary of Economics,1985,"농작물생육에 알맞게 물을 대거나 빼주는 수리공학적대책이며, 가물과 큰물피해로부터 농작물을 보호할수 있게 하는 것은?",What is the hydraulic engineering measure that supplies or drains water appropriately for crop growth and protects crops from damage caused by drought and floods?,관개,irrigation
경제사전,Dictionary of Economics,1985,농촌에서 생산수단에 대한 개인적 소유를 집단적 소유로 전환시키는 과정은?,What is the process of transforming private ownership of the means of production into collective ownership in rural areas?,농업협동화,agricultural cooperativization
경제사전,Dictionary of Economics,1985,"계획년도에 로동자, 사무원들에게 지불할 로동보수의 규모와 수준을 규정한 로동계획의 기본항목이 하나는 무엇인가?",What is one of the basic items of the labor plan that stipulates the scale and level of labor remuneration to be paid to workers and office employees in the planned year?,로동보수계획,labor remuneration plan
경제사전,Dictionary of Economics,1985,매개 제품의 인민경제적의의와 당과 국가의 정책적요구에 의하여 가치와 가격사이에 두는 의도적인 차이를 무엇인가?,What is the intentional difference placed between value and price by the national economic significance of a commodity and by the policy requirements of the Party and the state?,가격배리,price barrier
경제사전,Dictionary of Economics,1985,발전도상나라들이 제국주의자들의 부등가교환과 략탈을 막기 위하여 수출품가격과 수입품가격사이에 일정한 비례관계를 설정하는 방법은 무엇인가?,What is the method by which developing countries establish a certain proportional relationship between export prices and import prices in order to prevent the unequal exchange and plunder by imperialists?,가격지수화,price indexation
경제사전,Dictionary of Economics,1985,배 전체 혹은 그 일부를 빌려 줄데 대하여 맺는 계약을 일컫는 말은?,What is the term for a contract concluded for leasing the whole ship or part of it?,삯배계약,hire contract
경제사전,Dictionary of Economics,1985,"인민경제계획을 작성하기 위한 방향과 경제발전수준, 규모를 규정한 당과 국가의 지령은 무엇인가?",What is the Party and state directive that defines the direction for drafting the national economic plan (Inmin Kyongje Kyehoek) and the level and scale of economic development?,통제수자,Controller-water person
경제사전,Dictionary of Economics,1985,사회주의 국가가 경제를 지도관리하는 기본 정신과 방법은 무엇인가?,What are the basic spirit and methods by which a socialist state guides and manages the economy?,대안의사업체계,the alternative business system
경제사전,Dictionary of Economics,1985,사회주의사회에서 경제를 계획적으로 관리하기 위한 기본 수단이며 가격사업의 유일성을 보장하는 활동은 무엇인가?,What activity is the basic means for the planned management of the economy in a socialist society and ensures the unity of price work?,가격계획화사업,price planning project
경제사전,Dictionary of Economics,1985,사회주의사회에서 공동의 목적을 위해 서로 돕고 이끄는 로동 형태는?,What is the form of labor in a socialist society where people help and lead one another for a common purpose?,협동로동,collective labor
경제사전,Dictionary of Economics,1985,사회주의사회에서 국가가 근로자들에게 보장하는 배움의 권리는?,What is the right to education guaranteed by the state to workers in a socialist society?,무료교육제 또는 무료교육제도,"free education system, free education system"
경제사전,Dictionary of Economics,1985,사회주의사회에서 국가적 소유와 협동적 소유가 결합된 형태의 경제는?,What is the form of economy in a socialist society in which state ownership and cooperative ownership are combined?,전인민적소유,all-people ownership
경제사전,Dictionary of Economics,1985,사회주의사회에서 국민소득의 증가는 곧 무엇의 향상으로 이어지는가?,"In a socialist society, the increase in national income leads directly to the improvement of what?",인민생활,people's livelihood
경제사전,Dictionary of Economics,1985,사회주의사회에서 근로자들이 다같이 잘살게 하기 위하여 국가가 소비품 가격을 낮게 유지하는 정책은 무엇인가?,What is the policy whereby the state keeps consumer goods prices low in order to enable all workers to live well together in a socialist society?,인민적가격정책,people-oriented pricing policy
경제사전,Dictionary of Economics,1985,사회주의사회에서 근로자들이 집단적 혁신을 일으키는 대중적 운동은?,What is the mass movement in socialist society that workers launch collective innovation through?,천리마운동,Chollima Movement
경제사전,Dictionary of Economics,1985,사회주의사회에서 생산력을 비약적으로 발전시키기 위한 근본 방도는 기술혁명과 함께 무엇을 선행시키는것입니까?,What is the fundamental way to rapidly develop the productive forces in a socialist society by making what precede the technological revolution?,사상혁명,ideological revolution
경제사전,Dictionary of Economics,1985,상품이 다른 사람의 소유로 넘어 가는 과정을 매개하면서 자기 위치를 끊임없이 바꾸는 화페의 운동은 무엇인가?,What is the movement of money that constantly changes its position while mediating the process by which commodities pass into other people’s ownership?,화페류통,currency circulation
경제사전,Dictionary of Economics,1985,상품의 가격을 정할 때 가치와 일치시키지 않고 국가의 의도에 따라 높거나 낮게 설정하는 현상은 무엇인가?,"What is the phenomenon in which, when setting the price of a commodity, it is set higher or lower according to the state’s intention rather than being matched to its value?",배리현상,barrier phenomenon
경제사전,Dictionary of Economics,1985,상품의 가치를 화페로 표시한것은 무엇인가?,What is it called when the value of a commodity is expressed in money?,가격,price
경제사전,Dictionary of Economics,1985,생산 현장에서 로동자들과 기술자들이 창의적인 의견을 내어 생산공정을 개선하는 활동은 무엇인가?,What is the activity in which workers and technicians at production sites put forward creative ideas to improve the production process?,창의고안,inventive idea
경제사전,Dictionary of Economics,1985,"생산과정에서 로동자가 지출하는 정신적, 육체적 힘의 총체는?",What is the totality of the mental and physical energy expended by a worker in the production process?,로동지출,labor expenditure
경제사전,Dictionary of Economics,1985,생산과정에서 버려지는 재료를 다시 활용하는 사업은?,What is the business of reusing materials discarded in the production process?,페설물리용,waste treatment and utilization
경제사전,Dictionary of Economics,1985,생산과정에서 새로 지출되는 로동이며 과거로동에 대치되는 개념은 무엇인가?,What is the concept that refers to labor newly expended in the production process and is contrasted with past labor?,산로동,Sanrodong
경제사전,Dictionary of Economics,1985,사회적로동을 가장 적게 들이면서 보다 높은 경제적결과를 이룩하는 사회주의경리운영방법은?,What socialist method of economic management achieves higher economic results while requiring the least social labor?,절약제도,the savings system
경제사전,Dictionary of Economics,1985,생산과정에서 원료와 자재를 극도로 아껴 쓰며 랑비를 없애는 전군중적 운동은 무엇인가?,What is the all-people mass movement that extremely conserves raw materials and materials and eliminates waste in the production process?,절약투쟁,the struggle for economizing
경제사전,Dictionary of Economics,1985,생산수단에 대한 소유권을 국가가 가지고 온 인민의 이익을 위해 관리하는 소유 형태는 무엇인가?,What form of ownership is it when the state holds ownership of the means of production and manages them for the benefit of the people?,전인민적소유,all-people ownership
경제사전,Dictionary of Economics,1985,생산수단에 대한 전인민적소유에 기초하여 온 사회가 하나의 대가정처럼 연결된 경제 체제는 무엇인가?,What is the economic system in which the whole society is connected like one big family based on all-people ownership of the means of production?,사회주의경제,socialist economy
경제사전,Dictionary of Economics,1985,생산수단에 대한 전인민적소유와 협동적소유를 두 축으로 하여 운영되는 사회주의적 경제 형태를 무엇인가?,What is the socialist economic form operated on the two pillars of all-people ownership and cooperative ownership of the means of production?,사회주의적소유 또는 사회적소유,"socialist ownership, social ownership"
경제사전,Dictionary of Economics,1985,생산수단을 개인이 소유하고 타인의 로동을 착취하는 경제 형태는?,What is the economic form in which the means of production are privately owned and the labor of others is exploited?,사적소유,private ownership
경제사전,Dictionary of Economics,1985,"생산에 직접 지출되는 로동으로, 가치형성의 기초가 되는 로동은?",What is the labor that is directly expended in production and serves as the basis for value formation?,생산적로동,productive labor
경제사전,Dictionary of Economics,1985,생산자대중의 혁명적열의와 창조적지혜를 높여 경제를 관리운영하는 우리 식의 고유한 경제관리체계는 무엇인가?,What is our own unique economic management system that manages and operates the economy by heightening the revolutionary enthusiasm and creative wisdom of the producer masses?,대안의사업체계,the alternative business system
경제사전,Dictionary of Economics,1985,쇠바줄에 운반기를 걸어 짐이나 사람을 나르는 수송 형태로서 3화수송의 한 성분은?,"As a form of transportation in which a carrier is hung on a steel cable to transport cargo or people, what is one component of chewha transport?",삭도수송,cableway transport
경제사전,Dictionary of Economics,1985,우리 나라에서 경제 건설과 국방 건설을 병행하는 로선은 무엇인가?,What is the line of carrying out economic construction and defense construction concurrently in our country?,병진로선,byongjin line
경제사전,Dictionary of Economics,1985,"우리 나라에서 농촌의 기술혁명을 완성하기 위하여 제시된 4대 과업은 수리화, 전기화, 기계화와 무엇인가?","What is the fourth of the four major tasks proposed to complete the technological revolution in the countryside of our country, along with irrigation, electrification, and mechanization?",화학화,chemicalization
경제사전,Dictionary of Economics,1985,우리 식의 경제관리체제에서 상급 기관이 하급 기관을 책임적으로 도와주는 사업 기풍은 무엇인가?,"In our style of economic management system, what is the work style by which higher-level organs responsibly assist lower-level organs?",청산리정신,the Cheongsanri spirit
경제사전,Dictionary of Economics,1985,인민경제의 모든 부문이 톱니바퀴처럼 맞물려 돌아가도록 국가가 수립하는 유일한 계획은 무엇인가?,What is the single plan that the state establishes so that all sectors of the people’s economy mesh and operate like gears?,인민경제계획,the national economic plan
경제사전,Dictionary of Economics,1985,인민경제의 자립성을 강화하기 위하여 국내 자원과 우리 기술에 의거하는 공업 구조를 무엇인가?,What is the industrial structure that relies on domestic resources and our technology in order to strengthen the self-reliance of the people’s economy?,주체적공업구조,Juche-based industrial structure
경제사전,Dictionary of Economics,1985,인민경제의 주체화를 달현하기 위해 자체의 자원과 기술에 의거하는 원칙은?,What is the principle of relying on one’s own resources and technology in order to achieve the Jucheization of the people’s economy?,자력갱생,self-reliance
경제사전,Dictionary of Economics,1985,인민경제의 주체화를 실현하기 위해 자기 나라의 원료를 리용하는 공업은?,Which industry uses its own country’s raw materials to realize the Juche-oriented transformation of the people’s economy?,주체공업,Juche industry
경제사전,Dictionary of Economics,1985,일정한 기간에 사회의 모든 생산부문들에서 창조된 물질적부의 총량을 화페단위로 표시한 생산고지표는 무엇인가?,"What is the production output indicator that expresses, in monetary units, the total amount of material wealth created in all production sectors of society over a certain period?",사회총생산액,social total product value
경제사전,Dictionary of Economics,1985,"국가가 표준적인 생산조건에서 과학적으로 제정한 로동정량으로, 모든 공장, 기업소들의 로동정량을 과학적으로 제정하는데서 기준으로 되는 것은 무엇인가?",What is the standard labor norm scientifically established by the state under standard production conditions and serving as the 기준 in scientifically establishing the labor norms of all factories and enterprises?,국가표준로동정량,national standard labor quota
경제사전,Dictionary of Economics,1985,제국주의국가들이 발전도상나라들에 차관을 주어 경제적으로 예속시키는 행태를 무엇인가?,What is the behavior called in which imperialist countries give loans to developing countries and thereby economically subjugate them?,신식민주의,neo-colonialism
경제사전,Dictionary of Economics,1985,"제국주의나라들에서 거대군수독점과 군부가 유착되여 정치, 경제의 군사화를 촉진하는 기구는?",What is the mechanism in the imperialist countries in which the giant military-industrial monopolies and the military clique are colluded to promote the militarization of politics and the economy?,산군복합체,mountain-county complex
경제사전,Dictionary of Economics,1985,제품부류내에서 가격수준을 대비할 때 기초가 되는 구체적인 품종을 무엇인가?,What are the specific varieties that serve as the basis when comparing price levels within a product category?,대비기준품종,comparative reference variety
경제사전,Dictionary of Economics,1985,제품의 품질을 높이기 위하여 국가가 정한 엄격한 기술적 규격은 무엇인가?,What are the strict technical standards set by the state to improve product quality?,국가규격,national standard
경제사전,Dictionary of Economics,1985,협동농장원들이 공동으로 소유하고 공동으로 관리하는 소유 형태는 무엇인가?,What form of ownership is jointly owned and jointly managed by the cooperative farm members?,협동적소유,collective ownership